Build, sign, notarize, and verify	Run repository regression gate	2026-10-04T02:24:41.0136800Z <release-source-root>/Sources/HostwrightCluster/ClusterCertificateLifecycle.swift:1086:22: warning: 'SecKeychainCopyDefault' was deprecated in macOS 10.10: SecKeychain is deprecated [#DeprecatedDeclaration]
Build, sign, notarize, and verify	Run repository regression gate	2026-10-04T02:24:41.0142540Z      |                      `- warning: 'SecKeychainCopyDefault' was deprecated in macOS 10.10: SecKeychain is deprecated [#DeprecatedDeclaration]
Build, sign, notarize, and verify	Run repository regression gate	2026-10-04T02:24:41.0143570Z <release-source-root>/Sources/HostwrightCluster/ClusterCertificateLifecycle.swift:1110:26: warning: 'SecKeychainGetUserInteractionAllowed' was deprecated in macOS 10.10: SecKeychain is deprecated [#DeprecatedDeclaration]
Build, sign, notarize, and verify	Run repository regression gate	2026-10-04T02:24:41.0144800Z      |                          `- warning: 'SecKeychainGetUserInteractionAllowed' was deprecated in macOS 10.10: SecKeychain is deprecated [#DeprecatedDeclaration]
Build, sign, notarize, and verify	Run repository regression gate	2026-10-04T02:24:41.0146030Z <release-source-root>/Sources/HostwrightCluster/ClusterCertificateLifecycle.swift:1114:29: warning: 'SecKeychainSetUserInteractionAllowed' was deprecated in macOS 10.10: SecKeychain is deprecated [#DeprecatedDeclaration]
Build, sign, notarize, and verify	Run repository regression gate	2026-10-04T02:24:41.0147220Z      |                             `- warning: 'SecKeychainSetUserInteractionAllowed' was deprecated in macOS 10.10: SecKeychain is deprecated [#DeprecatedDeclaration]
Build, sign, notarize, and verify	Run repository regression gate	2026-10-04T02:24:41.0148270Z <release-source-root>/Sources/HostwrightCluster/ClusterCertificateLifecycle.swift:1127:29: warning: 'SecKeychainSetUserInteractionAllowed' was deprecated in macOS 10.10: SecKeychain is deprecated [#DeprecatedDeclaration]
Build, sign, notarize, and verify	Run repository regression gate	2026-10-04T02:24:41.0149350Z      |                             `- warning: 'SecKeychainSetUserInteractionAllowed' was deprecated in macOS 10.10: SecKeychain is deprecated [#DeprecatedDeclaration]
Build, sign, notarize, and verify	Run repository regression gate	2026-10-04T02:24:41.0150460Z <release-source-root>/Sources/HostwrightCluster/ClusterCertificateLifecycle.swift:1138:42: warning: 'kSecUseAuthenticationUIFail' was deprecated in macOS 11.0: Instead of kSecUseAuthenticationUI, use kSecUseAuthenticationContext and set LAContext.interactionNotAllowed property [#DeprecatedDeclaration]
Build, sign, notarize, and verify	Run repository regression gate	2026-10-04T02:24:41.0152200Z      |                                          `- warning: 'kSecUseAuthenticationUIFail' was deprecated in macOS 11.0: Instead of kSecUseAuthenticationUI, use kSecUseAuthenticationContext and set LAContext.interactionNotAllowed property [#DeprecatedDeclaration]
Build, sign, notarize, and verify	Run repository regression gate	2026-10-04T02:24:41.0153270Z <release-source-root>/Sources/HostwrightCluster/ClusterCertificateLifecycle.swift:2096:23: warning: treating a forced downcast to 'SecCertificate' as optional will never produce 'nil'
Build, sign, notarize, and verify	Run repository regression gate	2026-10-04T02:24:41.0154480Z      |                |      `- warning: treating a forced downcast to 'SecCertificate' as optional will never produce 'nil'
Build, sign, notarize, and verify	Run repository regression gate	2026-10-04T02:24:41.0155540Z <release-source-root>/Sources/HostwrightCluster/ClusterCertificateLifecycle.swift:2263:22: warning: 'SecKeychainGetStatus' was deprecated in macOS 10.10: SecKeychain is deprecated [#DeprecatedDeclaration]
Build, sign, notarize, and verify	Run repository regression gate	2026-10-04T02:24:41.0156810Z      |                      `- warning: 'SecKeychainGetStatus' was deprecated in macOS 10.10: SecKeychain is deprecated [#DeprecatedDeclaration]
Build, sign, notarize, and verify	Run repository regression gate	2026-10-04T02:24:41.1430540Z <release-source-root>/Sources/HostwrightCluster/ClusterCertificateLifecycle.swift:1086:22: warning: 'SecKeychainCopyDefault' was deprecated in macOS 10.10: SecKeychain is deprecated [#DeprecatedDeclaration]
Build, sign, notarize, and verify	Run repository regression gate	2026-10-04T02:24:41.1431850Z      |                      `- warning: 'SecKeychainCopyDefault' was deprecated in macOS 10.10: SecKeychain is deprecated [#DeprecatedDeclaration]
Build, sign, notarize, and verify	Run repository regression gate	2026-10-04T02:24:41.1432910Z <release-source-root>/Sources/HostwrightCluster/ClusterCertificateLifecycle.swift:1110:26: warning: 'SecKeychainGetUserInteractionAllowed' was deprecated in macOS 10.10: SecKeychain is deprecated [#DeprecatedDeclaration]
Build, sign, notarize, and verify	Run repository regression gate	2026-10-04T02:24:41.1434210Z      |                          `- warning: 'SecKeychainGetUserInteractionAllowed' was deprecated in macOS 10.10: SecKeychain is deprecated [#DeprecatedDeclaration]
Build, sign, notarize, and verify	Run repository regression gate	2026-10-04T02:24:41.1438070Z <release-source-root>/Sources/HostwrightCluster/ClusterCertificateLifecycle.swift:1114:29: warning: 'SecKeychainSetUserInteractionAllowed' was deprecated in macOS 10.10: SecKeychain is deprecated [#DeprecatedDeclaration]
Build, sign, notarize, and verify	Run repository regression gate	2026-10-04T02:24:41.1439270Z      |                             `- warning: 'SecKeychainSetUserInteractionAllowed' was deprecated in macOS 10.10: SecKeychain is deprecated [#DeprecatedDeclaration]
Build, sign, notarize, and verify	Run repository regression gate	2026-10-04T02:24:41.1440320Z <release-source-root>/Sources/HostwrightCluster/ClusterCertificateLifecycle.swift:1127:29: warning: 'SecKeychainSetUserInteractionAllowed' was deprecated in macOS 10.10: SecKeychain is deprecated [#DeprecatedDeclaration]
Build, sign, notarize, and verify	Run repository regression gate	2026-10-04T02:24:41.1441560Z      |                             `- warning: 'SecKeychainSetUserInteractionAllowed' was deprecated in macOS 10.10: SecKeychain is deprecated [#DeprecatedDeclaration]
Build, sign, notarize, and verify	Run repository regression gate	2026-10-04T02:24:41.1442770Z <release-source-root>/Sources/HostwrightCluster/ClusterCertificateLifecycle.swift:1138:42: warning: 'kSecUseAuthenticationUIFail' was deprecated in macOS 11.0: Instead of kSecUseAuthenticationUI, use kSecUseAuthenticationContext and set LAContext.interactionNotAllowed property [#DeprecatedDeclaration]
Build, sign, notarize, and verify	Run repository regression gate	2026-10-04T02:24:41.1444510Z      |                                          `- warning: 'kSecUseAuthenticationUIFail' was deprecated in macOS 11.0: Instead of kSecUseAuthenticationUI, use kSecUseAuthenticationContext and set LAContext.interactionNotAllowed property [#DeprecatedDeclaration]
Build, sign, notarize, and verify	Run repository regression gate	2026-10-04T02:24:41.1445480Z <release-source-root>/Sources/HostwrightCluster/ClusterCertificateLifecycle.swift:2096:23: warning: treating a forced downcast to 'SecCertificate' as optional will never produce 'nil'
Build, sign, notarize, and verify	Run repository regression gate	2026-10-04T02:24:41.1446700Z      |                |      `- warning: treating a forced downcast to 'SecCertificate' as optional will never produce 'nil'
Build, sign, notarize, and verify	Run repository regression gate	2026-10-04T02:24:41.1447710Z <release-source-root>/Sources/HostwrightCluster/ClusterCertificateLifecycle.swift:2263:22: warning: 'SecKeychainGetStatus' was deprecated in macOS 10.10: SecKeychain is deprecated [#DeprecatedDeclaration]
Build, sign, notarize, and verify	Run repository regression gate	2026-10-04T02:24:41.1449040Z      |                      `- warning: 'SecKeychainGetStatus' was deprecated in macOS 10.10: SecKeychain is deprecated [#DeprecatedDeclaration]
Build, sign, notarize, and verify	Run repository regression gate	2026-10-04T02:24:41.2726690Z <release-source-root>/Sources/HostwrightCluster/ClusterCertificateLifecycle.swift:1086:22: warning: 'SecKeychainCopyDefault' was deprecated in macOS 10.10: SecKeychain is deprecated [#DeprecatedDeclaration]
Build, sign, notarize, and verify	Run repository regression gate	2026-10-04T02:24:41.2728250Z      |                      `- warning: 'SecKeychainCopyDefault' was deprecated in macOS 10.10: SecKeychain is deprecated [#DeprecatedDeclaration]
Build, sign, notarize, and verify	Run repository regression gate	2026-10-04T02:24:41.2729280Z <release-source-root>/Sources/HostwrightCluster/ClusterCertificateLifecycle.swift:1110:26: warning: 'SecKeychainGetUserInteractionAllowed' was deprecated in macOS 10.10: SecKeychain is deprecated [#DeprecatedDeclaration]
Build, sign, notarize, and verify	Run repository regression gate	2026-10-04T02:24:41.2730530Z      |                          `- warning: 'SecKeychainGetUserInteractionAllowed' was deprecated in macOS 10.10: SecKeychain is deprecated [#DeprecatedDeclaration]
Build, sign, notarize, and verify	Run repository regression gate	2026-10-04T02:24:41.2731550Z <release-source-root>/Sources/HostwrightCluster/ClusterCertificateLifecycle.swift:1114:29: warning: 'SecKeychainSetUserInteractionAllowed' was deprecated in macOS 10.10: SecKeychain is deprecated [#DeprecatedDeclaration]
Build, sign, notarize, and verify	Run repository regression gate	2026-10-04T02:24:41.2732740Z      |                             `- warning: 'SecKeychainSetUserInteractionAllowed' was deprecated in macOS 10.10: SecKeychain is deprecated [#DeprecatedDeclaration]
Build, sign, notarize, and verify	Run repository regression gate	2026-10-04T02:24:41.2733780Z <release-source-root>/Sources/HostwrightCluster/ClusterCertificateLifecycle.swift:1127:29: warning: 'SecKeychainSetUserInteractionAllowed' was deprecated in macOS 10.10: SecKeychain is deprecated [#DeprecatedDeclaration]
Build, sign, notarize, and verify	Run repository regression gate	2026-10-04T02:24:41.2735210Z      |                             `- warning: 'SecKeychainSetUserInteractionAllowed' was deprecated in macOS 10.10: SecKeychain is deprecated [#DeprecatedDeclaration]
Build, sign, notarize, and verify	Run repository regression gate	2026-10-04T02:24:41.2736310Z <release-source-root>/Sources/HostwrightCluster/ClusterCertificateLifecycle.swift:1138:42: warning: 'kSecUseAuthenticationUIFail' was deprecated in macOS 11.0: Instead of kSecUseAuthenticationUI, use kSecUseAuthenticationContext and set LAContext.interactionNotAllowed property [#DeprecatedDeclaration]
Build, sign, notarize, and verify	Run repository regression gate	2026-10-04T02:24:41.2738140Z      |                                          `- warning: 'kSecUseAuthenticationUIFail' was deprecated in macOS 11.0: Instead of kSecUseAuthenticationUI, use kSecUseAuthenticationContext and set LAContext.interactionNotAllowed property [#DeprecatedDeclaration]
Build, sign, notarize, and verify	Run repository regression gate	2026-10-04T02:24:41.2739090Z <release-source-root>/Sources/HostwrightCluster/ClusterCertificateLifecycle.swift:2096:23: warning: treating a forced downcast to 'SecCertificate' as optional will never produce 'nil'
Build, sign, notarize, and verify	Run repository regression gate	2026-10-04T02:24:41.2740310Z      |                |      `- warning: treating a forced downcast to 'SecCertificate' as optional will never produce 'nil'
Build, sign, notarize, and verify	Run repository regression gate	2026-10-04T02:24:41.2741320Z <release-source-root>/Sources/HostwrightCluster/ClusterCertificateLifecycle.swift:2263:22: warning: 'SecKeychainGetStatus' was deprecated in macOS 10.10: SecKeychain is deprecated [#DeprecatedDeclaration]
Build, sign, notarize, and verify	Run repository regression gate	2026-10-04T02:24:41.2742540Z      |                      `- warning: 'SecKeychainGetStatus' was deprecated in macOS 10.10: SecKeychain is deprecated [#DeprecatedDeclaration]
Build, sign, notarize, and verify	Run repository regression gate	2026-10-04T02:24:41.4015730Z <release-source-root>/Sources/HostwrightCluster/ClusterCertificateLifecycle.swift:1086:22: warning: 'SecKeychainCopyDefault' was deprecated in macOS 10.10: SecKeychain is deprecated [#DeprecatedDeclaration]
Build, sign, notarize, and verify	Run repository regression gate	2026-10-04T02:24:41.4017290Z      |                      `- warning: 'SecKeychainCopyDefault' was deprecated in macOS 10.10: SecKeychain is deprecated [#DeprecatedDeclaration]
Build, sign, notarize, and verify	Run repository regression gate	2026-10-04T02:24:41.4018330Z <release-source-root>/Sources/HostwrightCluster/ClusterCertificateLifecycle.swift:1110:26: warning: 'SecKeychainGetUserInteractionAllowed' was deprecated in macOS 10.10: SecKeychain is deprecated [#DeprecatedDeclaration]
Build, sign, notarize, and verify	Run repository regression gate	2026-10-04T02:24:41.4019750Z      |                          `- warning: 'SecKeychainGetUserInteractionAllowed' was deprecated in macOS 10.10: SecKeychain is deprecated [#DeprecatedDeclaration]
Build, sign, notarize, and verify	Run repository regression gate	2026-10-04T02:24:41.4020790Z <release-source-root>/Sources/HostwrightCluster/ClusterCertificateLifecycle.swift:1114:29: warning: 'SecKeychainSetUserInteractionAllowed' was deprecated in macOS 10.10: SecKeychain is deprecated [#DeprecatedDeclaration]
Build, sign, notarize, and verify	Run repository regression gate	2026-10-04T02:24:41.4022240Z      |                             `- warning: 'SecKeychainSetUserInteractionAllowed' was deprecated in macOS 10.10: SecKeychain is deprecated [#DeprecatedDeclaration]
Build, sign, notarize, and verify	Run repository regression gate	2026-10-04T02:24:41.4023200Z <release-source-root>/Sources/HostwrightCluster/ClusterCertificateLifecycle.swift:1127:29: warning: 'SecKeychainSetUserInteractionAllowed' was deprecated in macOS 10.10: SecKeychain is deprecated [#DeprecatedDeclaration]
Build, sign, notarize, and verify	Run repository regression gate	2026-10-04T02:24:41.4024200Z      |                             `- warning: 'SecKeychainSetUserInteractionAllowed' was deprecated in macOS 10.10: SecKeychain is deprecated [#DeprecatedDeclaration]
Build, sign, notarize, and verify	Run repository regression gate	2026-10-04T02:24:41.4025180Z <release-source-root>/Sources/HostwrightCluster/ClusterCertificateLifecycle.swift:1138:42: warning: 'kSecUseAuthenticationUIFail' was deprecated in macOS 11.0: Instead of kSecUseAuthenticationUI, use kSecUseAuthenticationContext and set LAContext.interactionNotAllowed property [#DeprecatedDeclaration]
Build, sign, notarize, and verify	Run repository regression gate	2026-10-04T02:24:41.4032290Z      |                                          `- warning: 'kSecUseAuthenticationUIFail' was deprecated in macOS 11.0: Instead of kSecUseAuthenticationUI, use kSecUseAuthenticationContext and set LAContext.interactionNotAllowed property [#DeprecatedDeclaration]
Build, sign, notarize, and verify	Run repository regression gate	2026-10-04T02:24:41.4033460Z <release-source-root>/Sources/HostwrightCluster/ClusterCertificateLifecycle.swift:2096:23: warning: treating a forced downcast to 'SecCertificate' as optional will never produce 'nil'
Build, sign, notarize, and verify	Run repository regression gate	2026-10-04T02:24:41.4034700Z      |                |      `- warning: treating a forced downcast to 'SecCertificate' as optional will never produce 'nil'
Build, sign, notarize, and verify	Run repository regression gate	2026-10-04T02:24:41.4035810Z <release-source-root>/Sources/HostwrightCluster/ClusterCertificateLifecycle.swift:2263:22: warning: 'SecKeychainGetStatus' was deprecated in macOS 10.10: SecKeychain is deprecated [#DeprecatedDeclaration]
Build, sign, notarize, and verify	Run repository regression gate	2026-10-04T02:24:41.4037040Z      |                      `- warning: 'SecKeychainGetStatus' was deprecated in macOS 10.10: SecKeychain is deprecated [#DeprecatedDeclaration]
Build, sign, notarize, and verify	Run repository regression gate	2026-10-04T02:24:41.5296240Z <release-source-root>/Sources/HostwrightCluster/ClusterCertificateLifecycle.swift:1086:22: warning: 'SecKeychainCopyDefault' was deprecated in macOS 10.10: SecKeychain is deprecated [#DeprecatedDeclaration]
Build, sign, notarize, and verify	Run repository regression gate	2026-10-04T02:24:41.5297570Z      |                      `- warning: 'SecKeychainCopyDefault' was deprecated in macOS 10.10: SecKeychain is deprecated [#DeprecatedDeclaration]
Build, sign, notarize, and verify	Run repository regression gate	2026-10-04T02:24:41.5298610Z <release-source-root>/Sources/HostwrightCluster/ClusterCertificateLifecycle.swift:1110:26: warning: 'SecKeychainGetUserInteractionAllowed' was deprecated in macOS 10.10: SecKeychain is deprecated [#DeprecatedDeclaration]
Build, sign, notarize, and verify	Run repository regression gate	2026-10-04T02:24:41.5299860Z      |                          `- warning: 'SecKeychainGetUserInteractionAllowed' was deprecated in macOS 10.10: SecKeychain is deprecated [#DeprecatedDeclaration]
Build, sign, notarize, and verify	Run repository regression gate	2026-10-04T02:24:41.5301110Z <release-source-root>/Sources/HostwrightCluster/ClusterCertificateLifecycle.swift:1114:29: warning: 'SecKeychainSetUserInteractionAllowed' was deprecated in macOS 10.10: SecKeychain is deprecated [#DeprecatedDeclaration]
Build, sign, notarize, and verify	Run repository regression gate	2026-10-04T02:24:41.5302310Z      |                             `- warning: 'SecKeychainSetUserInteractionAllowed' was deprecated in macOS 10.10: SecKeychain is deprecated [#DeprecatedDeclaration]
Build, sign, notarize, and verify	Run repository regression gate	2026-10-04T02:24:41.5303380Z <release-source-root>/Sources/HostwrightCluster/ClusterCertificateLifecycle.swift:1127:29: warning: 'SecKeychainSetUserInteractionAllowed' was deprecated in macOS 10.10: SecKeychain is deprecated [#DeprecatedDeclaration]
Build, sign, notarize, and verify	Run repository regression gate	2026-10-04T02:24:41.5304710Z      |                             `- warning: 'SecKeychainSetUserInteractionAllowed' was deprecated in macOS 10.10: SecKeychain is deprecated [#DeprecatedDeclaration]
Build, sign, notarize, and verify	Run repository regression gate	2026-10-04T02:24:41.5305800Z <release-source-root>/Sources/HostwrightCluster/ClusterCertificateLifecycle.swift:1138:42: warning: 'kSecUseAuthenticationUIFail' was deprecated in macOS 11.0: Instead of kSecUseAuthenticationUI, use kSecUseAuthenticationContext and set LAContext.interactionNotAllowed property [#DeprecatedDeclaration]
Build, sign, notarize, and verify	Run repository regression gate	2026-10-04T02:24:41.5307540Z      |                                          `- warning: 'kSecUseAuthenticationUIFail' was deprecated in macOS 11.0: Instead of kSecUseAuthenticationUI, use kSecUseAuthenticationContext and set LAContext.interactionNotAllowed property [#DeprecatedDeclaration]
Build, sign, notarize, and verify	Run repository regression gate	2026-10-04T02:24:41.5308590Z <release-source-root>/Sources/HostwrightCluster/ClusterCertificateLifecycle.swift:2096:23: warning: treating a forced downcast to 'SecCertificate' as optional will never produce 'nil'
Build, sign, notarize, and verify	Run repository regression gate	2026-10-04T02:24:41.5309840Z      |                |      `- warning: treating a forced downcast to 'SecCertificate' as optional will never produce 'nil'
Build, sign, notarize, and verify	Run repository regression gate	2026-10-04T02:24:41.5310860Z <release-source-root>/Sources/HostwrightCluster/ClusterCertificateLifecycle.swift:2263:22: warning: 'SecKeychainGetStatus' was deprecated in macOS 10.10: SecKeychain is deprecated [#DeprecatedDeclaration]
Build, sign, notarize, and verify	Run repository regression gate	2026-10-04T02:24:41.5312190Z      |                      `- warning: 'SecKeychainGetStatus' was deprecated in macOS 10.10: SecKeychain is deprecated [#DeprecatedDeclaration]
Build, sign, notarize, and verify	Run repository regression gate	2026-10-04T02:24:41.6592990Z <release-source-root>/Sources/HostwrightCluster/ClusterCertificateLifecycle.swift:1086:22: warning: 'SecKeychainCopyDefault' was deprecated in macOS 10.10: SecKeychain is deprecated [#DeprecatedDeclaration]
Build, sign, notarize, and verify	Run repository regression gate	2026-10-04T02:24:41.6594750Z      |                      `- warning: 'SecKeychainCopyDefault' was deprecated in macOS 10.10: SecKeychain is deprecated [#DeprecatedDeclaration]
Build, sign, notarize, and verify	Run repository regression gate	2026-10-04T02:24:41.6595790Z <release-source-root>/Sources/HostwrightCluster/ClusterCertificateLifecycle.swift:1110:26: warning: 'SecKeychainGetUserInteractionAllowed' was deprecated in macOS 10.10: SecKeychain is deprecated [#DeprecatedDeclaration]
Build, sign, notarize, and verify	Run repository regression gate	2026-10-04T02:24:41.6597070Z      |                          `- warning: 'SecKeychainGetUserInteractionAllowed' was deprecated in macOS 10.10: SecKeychain is deprecated [#DeprecatedDeclaration]
Build, sign, notarize, and verify	Run repository regression gate	2026-10-04T02:24:41.6598110Z <release-source-root>/Sources/HostwrightCluster/ClusterCertificateLifecycle.swift:1114:29: warning: 'SecKeychainSetUserInteractionAllowed' was deprecated in macOS 10.10: SecKeychain is deprecated [#DeprecatedDeclaration]
Build, sign, notarize, and verify	Run repository regression gate	2026-10-04T02:24:41.6599330Z      |                             `- warning: 'SecKeychainSetUserInteractionAllowed' was deprecated in macOS 10.10: SecKeychain is deprecated [#DeprecatedDeclaration]
Build, sign, notarize, and verify	Run repository regression gate	2026-10-04T02:24:41.6600370Z <release-source-root>/Sources/HostwrightCluster/ClusterCertificateLifecycle.swift:1127:29: warning: 'SecKeychainSetUserInteractionAllowed' was deprecated in macOS 10.10: SecKeychain is deprecated [#DeprecatedDeclaration]
Build, sign, notarize, and verify	Run repository regression gate	2026-10-04T02:24:41.6601630Z      |                             `- warning: 'SecKeychainSetUserInteractionAllowed' was deprecated in macOS 10.10: SecKeychain is deprecated [#DeprecatedDeclaration]
Build, sign, notarize, and verify	Run repository regression gate	2026-10-04T02:24:41.6602740Z <release-source-root>/Sources/HostwrightCluster/ClusterCertificateLifecycle.swift:1138:42: warning: 'kSecUseAuthenticationUIFail' was deprecated in macOS 11.0: Instead of kSecUseAuthenticationUI, use kSecUseAuthenticationContext and set LAContext.interactionNotAllowed property [#DeprecatedDeclaration]
Build, sign, notarize, and verify	Run repository regression gate	2026-10-04T02:24:41.6604540Z      |                                          `- warning: 'kSecUseAuthenticationUIFail' was deprecated in macOS 11.0: Instead of kSecUseAuthenticationUI, use kSecUseAuthenticationContext and set LAContext.interactionNotAllowed property [#DeprecatedDeclaration]
Build, sign, notarize, and verify	Run repository regression gate	2026-10-04T02:24:41.6605510Z <release-source-root>/Sources/HostwrightCluster/ClusterCertificateLifecycle.swift:2096:23: warning: treating a forced downcast to 'SecCertificate' as optional will never produce 'nil'
Build, sign, notarize, and verify	Run repository regression gate	2026-10-04T02:24:41.6606720Z      |                |      `- warning: treating a forced downcast to 'SecCertificate' as optional will never produce 'nil'
Build, sign, notarize, and verify	Run repository regression gate	2026-10-04T02:24:41.6607720Z <release-source-root>/Sources/HostwrightCluster/ClusterCertificateLifecycle.swift:2263:22: warning: 'SecKeychainGetStatus' was deprecated in macOS 10.10: SecKeychain is deprecated [#DeprecatedDeclaration]
Build, sign, notarize, and verify	Run repository regression gate	2026-10-04T02:24:41.6608940Z      |                      `- warning: 'SecKeychainGetStatus' was deprecated in macOS 10.10: SecKeychain is deprecated [#DeprecatedDeclaration]
Build, sign, notarize, and verify	Run repository regression gate	2026-10-04T02:24:41.7879230Z <release-source-root>/Sources/HostwrightCluster/ClusterCertificateLifecycle.swift:1086:22: warning: 'SecKeychainCopyDefault' was deprecated in macOS 10.10: SecKeychain is deprecated [#DeprecatedDeclaration]
Build, sign, notarize, and verify	Run repository regression gate	2026-10-04T02:24:41.7880830Z      |                      `- warning: 'SecKeychainCopyDefault' was deprecated in macOS 10.10: SecKeychain is deprecated [#DeprecatedDeclaration]
Build, sign, notarize, and verify	Run repository regression gate	2026-10-04T02:24:41.7881890Z <release-source-root>/Sources/HostwrightCluster/ClusterCertificateLifecycle.swift:1110:26: warning: 'SecKeychainGetUserInteractionAllowed' was deprecated in macOS 10.10: SecKeychain is deprecated [#DeprecatedDeclaration]
Build, sign, notarize, and verify	Run repository regression gate	2026-10-04T02:24:41.7883270Z      |                          `- warning: 'SecKeychainGetUserInteractionAllowed' was deprecated in macOS 10.10: SecKeychain is deprecated [#DeprecatedDeclaration]
Build, sign, notarize, and verify	Run repository regression gate	2026-10-04T02:24:41.7884290Z <release-source-root>/Sources/HostwrightCluster/ClusterCertificateLifecycle.swift:1114:29: warning: 'SecKeychainSetUserInteractionAllowed' was deprecated in macOS 10.10: SecKeychain is deprecated [#DeprecatedDeclaration]
Build, sign, notarize, and verify	Run repository regression gate	2026-10-04T02:24:41.7885510Z      |                             `- warning: 'SecKeychainSetUserInteractionAllowed' was deprecated in macOS 10.10: SecKeychain is deprecated [#DeprecatedDeclaration]
Build, sign, notarize, and verify	Run repository regression gate	2026-10-04T02:24:41.7886540Z <release-source-root>/Sources/HostwrightCluster/ClusterCertificateLifecycle.swift:1127:29: warning: 'SecKeychainSetUserInteractionAllowed' was deprecated in macOS 10.10: SecKeychain is deprecated [#DeprecatedDeclaration]
Build, sign, notarize, and verify	Run repository regression gate	2026-10-04T02:24:41.7887630Z      |                             `- warning: 'SecKeychainSetUserInteractionAllowed' was deprecated in macOS 10.10: SecKeychain is deprecated [#DeprecatedDeclaration]
Build, sign, notarize, and verify	Run repository regression gate	2026-10-04T02:24:41.7888720Z <release-source-root>/Sources/HostwrightCluster/ClusterCertificateLifecycle.swift:1138:42: warning: 'kSecUseAuthenticationUIFail' was deprecated in macOS 11.0: Instead of kSecUseAuthenticationUI, use kSecUseAuthenticationContext and set LAContext.interactionNotAllowed property [#DeprecatedDeclaration]
Build, sign, notarize, and verify	Run repository regression gate	2026-10-04T02:24:41.7890490Z      |                                          `- warning: 'kSecUseAuthenticationUIFail' was deprecated in macOS 11.0: Instead of kSecUseAuthenticationUI, use kSecUseAuthenticationContext and set LAContext.interactionNotAllowed property [#DeprecatedDeclaration]
Build, sign, notarize, and verify	Run repository regression gate	2026-10-04T02:24:41.7891490Z <release-source-root>/Sources/HostwrightCluster/ClusterCertificateLifecycle.swift:2096:23: warning: treating a forced downcast to 'SecCertificate' as optional will never produce 'nil'
Build, sign, notarize, and verify	Run repository regression gate	2026-10-04T02:24:41.7892680Z      |                |      `- warning: treating a forced downcast to 'SecCertificate' as optional will never produce 'nil'
Build, sign, notarize, and verify	Run repository regression gate	2026-10-04T02:24:41.7893700Z <release-source-root>/Sources/HostwrightCluster/ClusterCertificateLifecycle.swift:2263:22: warning: 'SecKeychainGetStatus' was deprecated in macOS 10.10: SecKeychain is deprecated [#DeprecatedDeclaration]
Build, sign, notarize, and verify	Run repository regression gate	2026-10-04T02:24:41.7894930Z      |                      `- warning: 'SecKeychainGetStatus' was deprecated in macOS 10.10: SecKeychain is deprecated [#DeprecatedDeclaration]
Build, sign, notarize, and verify	Run repository regression gate	2026-10-04T02:24:41.9166120Z <release-source-root>/Sources/HostwrightCluster/ClusterCertificateLifecycle.swift:1086:22: warning: 'SecKeychainCopyDefault' was deprecated in macOS 10.10: SecKeychain is deprecated [#DeprecatedDeclaration]
Build, sign, notarize, and verify	Run repository regression gate	2026-10-04T02:24:41.9167430Z      |                      `- warning: 'SecKeychainCopyDefault' was deprecated in macOS 10.10: SecKeychain is deprecated [#DeprecatedDeclaration]
Build, sign, notarize, and verify	Run repository regression gate	2026-10-04T02:24:41.9168640Z <release-source-root>/Sources/HostwrightCluster/ClusterCertificateLifecycle.swift:1110:26: warning: 'SecKeychainGetUserInteractionAllowed' was deprecated in macOS 10.10: SecKeychain is deprecated [#DeprecatedDeclaration]
Build, sign, notarize, and verify	Run repository regression gate	2026-10-04T02:24:41.9169970Z      |                          `- warning: 'SecKeychainGetUserInteractionAllowed' was deprecated in macOS 10.10: SecKeychain is deprecated [#DeprecatedDeclaration]
Build, sign, notarize, and verify	Run repository regression gate	2026-10-04T02:24:41.9171240Z <release-source-root>/Sources/HostwrightCluster/ClusterCertificateLifecycle.swift:1114:29: warning: 'SecKeychainSetUserInteractionAllowed' was deprecated in macOS 10.10: SecKeychain is deprecated [#DeprecatedDeclaration]
Build, sign, notarize, and verify	Run repository regression gate	2026-10-04T02:24:41.9172650Z      |                             `- warning: 'SecKeychainSetUserInteractionAllowed' was deprecated in macOS 10.10: SecKeychain is deprecated [#DeprecatedDeclaration]
Build, sign, notarize, and verify	Run repository regression gate	2026-10-04T02:24:41.9173910Z <release-source-root>/Sources/HostwrightCluster/ClusterCertificateLifecycle.swift:1127:29: warning: 'SecKeychainSetUserInteractionAllowed' was deprecated in macOS 10.10: SecKeychain is deprecated [#DeprecatedDeclaration]
Build, sign, notarize, and verify	Run repository regression gate	2026-10-04T02:24:41.9175050Z      |                             `- warning: 'SecKeychainSetUserInteractionAllowed' was deprecated in macOS 10.10: SecKeychain is deprecated [#DeprecatedDeclaration]
Build, sign, notarize, and verify	Run repository regression gate	2026-10-04T02:24:41.9176160Z <release-source-root>/Sources/HostwrightCluster/ClusterCertificateLifecycle.swift:1138:42: warning: 'kSecUseAuthenticationUIFail' was deprecated in macOS 11.0: Instead of kSecUseAuthenticationUI, use kSecUseAuthenticationContext and set LAContext.interactionNotAllowed property [#DeprecatedDeclaration]
Build, sign, notarize, and verify	Run repository regression gate	2026-10-04T02:24:41.9177920Z      |                                          `- warning: 'kSecUseAuthenticationUIFail' was deprecated in macOS 11.0: Instead of kSecUseAuthenticationUI, use kSecUseAuthenticationContext and set LAContext.interactionNotAllowed property [#DeprecatedDeclaration]
Build, sign, notarize, and verify	Run repository regression gate	2026-10-04T02:24:41.9178880Z <release-source-root>/Sources/HostwrightCluster/ClusterCertificateLifecycle.swift:2096:23: warning: treating a forced downcast to 'SecCertificate' as optional will never produce 'nil'
Build, sign, notarize, and verify	Run repository regression gate	2026-10-04T02:24:41.9180080Z      |                |      `- warning: treating a forced downcast to 'SecCertificate' as optional will never produce 'nil'
Build, sign, notarize, and verify	Run repository regression gate	2026-10-04T02:24:41.9181140Z <release-source-root>/Sources/HostwrightCluster/ClusterCertificateLifecycle.swift:2263:22: warning: 'SecKeychainGetStatus' was deprecated in macOS 10.10: SecKeychain is deprecated [#DeprecatedDeclaration]
Build, sign, notarize, and verify	Run repository regression gate	2026-10-04T02:24:41.9182340Z      |                      `- warning: 'SecKeychainGetStatus' was deprecated in macOS 10.10: SecKeychain is deprecated [#DeprecatedDeclaration]
Build, sign, notarize, and verify	Run repository regression gate	2026-10-04T02:24:42.0451510Z <release-source-root>/Sources/HostwrightCluster/ClusterCertificateLifecycle.swift:1086:22: warning: 'SecKeychainCopyDefault' was deprecated in macOS 10.10: SecKeychain is deprecated [#DeprecatedDeclaration]
Build, sign, notarize, and verify	Run repository regression gate	2026-10-04T02:24:42.0453120Z      |                      `- warning: 'SecKeychainCopyDefault' was deprecated in macOS 10.10: SecKeychain is deprecated [#DeprecatedDeclaration]
Build, sign, notarize, and verify	Run repository regression gate	2026-10-04T02:24:42.0454150Z <release-source-root>/Sources/HostwrightCluster/ClusterCertificateLifecycle.swift:1110:26: warning: 'SecKeychainGetUserInteractionAllowed' was deprecated in macOS 10.10: SecKeychain is deprecated [#DeprecatedDeclaration]
Build, sign, notarize, and verify	Run repository regression gate	2026-10-04T02:24:42.0455410Z      |                          `- warning: 'SecKeychainGetUserInteractionAllowed' was deprecated in macOS 10.10: SecKeychain is deprecated [#DeprecatedDeclaration]
Build, sign, notarize, and verify	Run repository regression gate	2026-10-04T02:24:42.0456440Z <release-source-root>/Sources/HostwrightCluster/ClusterCertificateLifecycle.swift:1114:29: warning: 'SecKeychainSetUserInteractionAllowed' was deprecated in macOS 10.10: SecKeychain is deprecated [#DeprecatedDeclaration]
Build, sign, notarize, and verify	Run repository regression gate	2026-10-04T02:24:42.0457660Z      |                             `- warning: 'SecKeychainSetUserInteractionAllowed' was deprecated in macOS 10.10: SecKeychain is deprecated [#DeprecatedDeclaration]
Build, sign, notarize, and verify	Run repository regression gate	2026-10-04T02:24:42.0458690Z <release-source-root>/Sources/HostwrightCluster/ClusterCertificateLifecycle.swift:1127:29: warning: 'SecKeychainSetUserInteractionAllowed' was deprecated in macOS 10.10: SecKeychain is deprecated [#DeprecatedDeclaration]
Build, sign, notarize, and verify	Run repository regression gate	2026-10-04T02:24:42.0459930Z      |                             `- warning: 'SecKeychainSetUserInteractionAllowed' was deprecated in macOS 10.10: SecKeychain is deprecated [#DeprecatedDeclaration]
Build, sign, notarize, and verify	Run repository regression gate	2026-10-04T02:24:42.0461020Z <release-source-root>/Sources/HostwrightCluster/ClusterCertificateLifecycle.swift:1138:42: warning: 'kSecUseAuthenticationUIFail' was deprecated in macOS 11.0: Instead of kSecUseAuthenticationUI, use kSecUseAuthenticationContext and set LAContext.interactionNotAllowed property [#DeprecatedDeclaration]
Build, sign, notarize, and verify	Run repository regression gate	2026-10-04T02:24:42.0462810Z      |                                          `- warning: 'kSecUseAuthenticationUIFail' was deprecated in macOS 11.0: Instead of kSecUseAuthenticationUI, use kSecUseAuthenticationContext and set LAContext.interactionNotAllowed property [#DeprecatedDeclaration]
Build, sign, notarize, and verify	Run repository regression gate	2026-10-04T02:24:42.0463780Z <release-source-root>/Sources/HostwrightCluster/ClusterCertificateLifecycle.swift:2096:23: warning: treating a forced downcast to 'SecCertificate' as optional will never produce 'nil'
Build, sign, notarize, and verify	Run repository regression gate	2026-10-04T02:24:42.0465010Z      |                |      `- warning: treating a forced downcast to 'SecCertificate' as optional will never produce 'nil'
Build, sign, notarize, and verify	Run repository regression gate	2026-10-04T02:24:42.0466010Z <release-source-root>/Sources/HostwrightCluster/ClusterCertificateLifecycle.swift:2263:22: warning: 'SecKeychainGetStatus' was deprecated in macOS 10.10: SecKeychain is deprecated [#DeprecatedDeclaration]
Build, sign, notarize, and verify	Run repository regression gate	2026-10-04T02:24:42.0467230Z      |                      `- warning: 'SecKeychainGetStatus' was deprecated in macOS 10.10: SecKeychain is deprecated [#DeprecatedDeclaration]
Build, sign, notarize, and verify	Run repository regression gate	2026-10-04T02:24:42.1742020Z <release-source-root>/Sources/HostwrightCluster/ClusterCertificateLifecycle.swift:1086:22: warning: 'SecKeychainCopyDefault' was deprecated in macOS 10.10: SecKeychain is deprecated [#DeprecatedDeclaration]
Build, sign, notarize, and verify	Run repository regression gate	2026-10-04T02:24:42.1743660Z      |                      `- warning: 'SecKeychainCopyDefault' was deprecated in macOS 10.10: SecKeychain is deprecated [#DeprecatedDeclaration]
Build, sign, notarize, and verify	Run repository regression gate	2026-10-04T02:24:42.1744700Z <release-source-root>/Sources/HostwrightCluster/ClusterCertificateLifecycle.swift:1110:26: warning: 'SecKeychainGetUserInteractionAllowed' was deprecated in macOS 10.10: SecKeychain is deprecated [#DeprecatedDeclaration]
Build, sign, notarize, and verify	Run repository regression gate	2026-10-04T02:24:42.1746050Z      |                          `- warning: 'SecKeychainGetUserInteractionAllowed' was deprecated in macOS 10.10: SecKeychain is deprecated [#DeprecatedDeclaration]
Build, sign, notarize, and verify	Run repository regression gate	2026-10-04T02:24:42.1747080Z <release-source-root>/Sources/HostwrightCluster/ClusterCertificateLifecycle.swift:1114:29: warning: 'SecKeychainSetUserInteractionAllowed' was deprecated in macOS 10.10: SecKeychain is deprecated [#DeprecatedDeclaration]
Build, sign, notarize, and verify	Run repository regression gate	2026-10-04T02:24:42.1748280Z      |                             `- warning: 'SecKeychainSetUserInteractionAllowed' was deprecated in macOS 10.10: SecKeychain is deprecated [#DeprecatedDeclaration]
Build, sign, notarize, and verify	Run repository regression gate	2026-10-04T02:24:42.1749310Z <release-source-root>/Sources/HostwrightCluster/ClusterCertificateLifecycle.swift:1127:29: warning: 'SecKeychainSetUserInteractionAllowed' was deprecated in macOS 10.10: SecKeychain is deprecated [#DeprecatedDeclaration]
Build, sign, notarize, and verify	Run repository regression gate	2026-10-04T02:24:42.1755850Z      |                             `- warning: 'SecKeychainSetUserInteractionAllowed' was deprecated in macOS 10.10: SecKeychain is deprecated [#DeprecatedDeclaration]
Build, sign, notarize, and verify	Run repository regression gate	2026-10-04T02:24:42.1756970Z <release-source-root>/Sources/HostwrightCluster/ClusterCertificateLifecycle.swift:1138:42: warning: 'kSecUseAuthenticationUIFail' was deprecated in macOS 11.0: Instead of kSecUseAuthenticationUI, use kSecUseAuthenticationContext and set LAContext.interactionNotAllowed property [#DeprecatedDeclaration]
Build, sign, notarize, and verify	Run repository regression gate	2026-10-04T02:24:42.1759010Z      |                                          `- warning: 'kSecUseAuthenticationUIFail' was deprecated in macOS 11.0: Instead of kSecUseAuthenticationUI, use kSecUseAuthenticationContext and set LAContext.interactionNotAllowed property [#DeprecatedDeclaration]
Build, sign, notarize, and verify	Run repository regression gate	2026-10-04T02:24:42.1760180Z <release-source-root>/Sources/HostwrightCluster/ClusterCertificateLifecycle.swift:2096:23: warning: treating a forced downcast to 'SecCertificate' as optional will never produce 'nil'
Build, sign, notarize, and verify	Run repository regression gate	2026-10-04T02:24:42.1761520Z      |                |      `- warning: treating a forced downcast to 'SecCertificate' as optional will never produce 'nil'
Build, sign, notarize, and verify	Run repository regression gate	2026-10-04T02:24:42.1762680Z <release-source-root>/Sources/HostwrightCluster/ClusterCertificateLifecycle.swift:2263:22: warning: 'SecKeychainGetStatus' was deprecated in macOS 10.10: SecKeychain is deprecated [#DeprecatedDeclaration]
Build, sign, notarize, and verify	Run repository regression gate	2026-10-04T02:24:42.1763760Z      |                      `- warning: 'SecKeychainGetStatus' was deprecated in macOS 10.10: SecKeychain is deprecated [#DeprecatedDeclaration]
Build, sign, notarize, and verify	Run repository regression gate	2026-10-04T02:24:42.3036610Z <release-source-root>/Sources/HostwrightCluster/ClusterCertificateLifecycle.swift:1086:22: warning: 'SecKeychainCopyDefault' was deprecated in macOS 10.10: SecKeychain is deprecated [#DeprecatedDeclaration]
Build, sign, notarize, and verify	Run repository regression gate	2026-10-04T02:24:42.3037920Z      |                      `- warning: 'SecKeychainCopyDefault' was deprecated in macOS 10.10: SecKeychain is deprecated [#DeprecatedDeclaration]
Build, sign, notarize, and verify	Run repository regression gate	2026-10-04T02:24:42.3038950Z <release-source-root>/Sources/HostwrightCluster/ClusterCertificateLifecycle.swift:1110:26: warning: 'SecKeychainGetUserInteractionAllowed' was deprecated in macOS 10.10: SecKeychain is deprecated [#DeprecatedDeclaration]
Build, sign, notarize, and verify	Run repository regression gate	2026-10-04T02:24:42.3040190Z      |                          `- warning: 'SecKeychainGetUserInteractionAllowed' was deprecated in macOS 10.10: SecKeychain is deprecated [#DeprecatedDeclaration]
Build, sign, notarize, and verify	Run repository regression gate	2026-10-04T02:24:42.3041570Z <release-source-root>/Sources/HostwrightCluster/ClusterCertificateLifecycle.swift:1114:29: warning: 'SecKeychainSetUserInteractionAllowed' was deprecated in macOS 10.10: SecKeychain is deprecated [#DeprecatedDeclaration]
Build, sign, notarize, and verify	Run repository regression gate	2026-10-04T02:24:42.3042770Z      |                             `- warning: 'SecKeychainSetUserInteractionAllowed' was deprecated in macOS 10.10: SecKeychain is deprecated [#DeprecatedDeclaration]
Build, sign, notarize, and verify	Run repository regression gate	2026-10-04T02:24:42.3043940Z <release-source-root>/Sources/HostwrightCluster/ClusterCertificateLifecycle.swift:1127:29: warning: 'SecKeychainSetUserInteractionAllowed' was deprecated in macOS 10.10: SecKeychain is deprecated [#DeprecatedDeclaration]
Build, sign, notarize, and verify	Run repository regression gate	2026-10-04T02:24:42.3045050Z      |                             `- warning: 'SecKeychainSetUserInteractionAllowed' was deprecated in macOS 10.10: SecKeychain is deprecated [#DeprecatedDeclaration]
Build, sign, notarize, and verify	Run repository regression gate	2026-10-04T02:24:42.3046130Z <release-source-root>/Sources/HostwrightCluster/ClusterCertificateLifecycle.swift:1138:42: warning: 'kSecUseAuthenticationUIFail' was deprecated in macOS 11.0: Instead of kSecUseAuthenticationUI, use kSecUseAuthenticationContext and set LAContext.interactionNotAllowed property [#DeprecatedDeclaration]
Build, sign, notarize, and verify	Run repository regression gate	2026-10-04T02:24:42.3047890Z      |                                          `- warning: 'kSecUseAuthenticationUIFail' was deprecated in macOS 11.0: Instead of kSecUseAuthenticationUI, use kSecUseAuthenticationContext and set LAContext.interactionNotAllowed property [#DeprecatedDeclaration]
Build, sign, notarize, and verify	Run repository regression gate	2026-10-04T02:24:42.3048850Z <release-source-root>/Sources/HostwrightCluster/ClusterCertificateLifecycle.swift:2096:23: warning: treating a forced downcast to 'SecCertificate' as optional will never produce 'nil'
Build, sign, notarize, and verify	Run repository regression gate	2026-10-04T02:24:42.3050070Z      |                |      `- warning: treating a forced downcast to 'SecCertificate' as optional will never produce 'nil'
Build, sign, notarize, and verify	Run repository regression gate	2026-10-04T02:24:42.3051100Z <release-source-root>/Sources/HostwrightCluster/ClusterCertificateLifecycle.swift:2263:22: warning: 'SecKeychainGetStatus' was deprecated in macOS 10.10: SecKeychain is deprecated [#DeprecatedDeclaration]
Build, sign, notarize, and verify	Run repository regression gate	2026-10-04T02:24:42.3052320Z      |                      `- warning: 'SecKeychainGetStatus' was deprecated in macOS 10.10: SecKeychain is deprecated [#DeprecatedDeclaration]
Build, sign, notarize, and verify	Run repository regression gate	2026-10-04T02:24:42.4318280Z <release-source-root>/Sources/HostwrightCluster/ClusterCertificateLifecycle.swift:1086:22: warning: 'SecKeychainCopyDefault' was deprecated in macOS 10.10: SecKeychain is deprecated [#DeprecatedDeclaration]
Build, sign, notarize, and verify	Run repository regression gate	2026-10-04T02:24:42.4319860Z      |                      `- warning: 'SecKeychainCopyDefault' was deprecated in macOS 10.10: SecKeychain is deprecated [#DeprecatedDeclaration]
Build, sign, notarize, and verify	Run repository regression gate	2026-10-04T02:24:42.4320890Z <release-source-root>/Sources/HostwrightCluster/ClusterCertificateLifecycle.swift:1110:26: warning: 'SecKeychainGetUserInteractionAllowed' was deprecated in macOS 10.10: SecKeychain is deprecated [#DeprecatedDeclaration]
Build, sign, notarize, and verify	Run repository regression gate	2026-10-04T02:24:42.4322130Z      |                          `- warning: 'SecKeychainGetUserInteractionAllowed' was deprecated in macOS 10.10: SecKeychain is deprecated [#DeprecatedDeclaration]
Build, sign, notarize, and verify	Run repository regression gate	2026-10-04T02:24:42.4323150Z <release-source-root>/Sources/HostwrightCluster/ClusterCertificateLifecycle.swift:1114:29: warning: 'SecKeychainSetUserInteractionAllowed' was deprecated in macOS 10.10: SecKeychain is deprecated [#DeprecatedDeclaration]
Build, sign, notarize, and verify	Run repository regression gate	2026-10-04T02:24:42.4324340Z      |                             `- warning: 'SecKeychainSetUserInteractionAllowed' was deprecated in macOS 10.10: SecKeychain is deprecated [#DeprecatedDeclaration]
Build, sign, notarize, and verify	Run repository regression gate	2026-10-04T02:24:42.4325370Z <release-source-root>/Sources/HostwrightCluster/ClusterCertificateLifecycle.swift:1127:29: warning: 'SecKeychainSetUserInteractionAllowed' was deprecated in macOS 10.10: SecKeychain is deprecated [#DeprecatedDeclaration]
Build, sign, notarize, and verify	Run repository regression gate	2026-10-04T02:24:42.4326560Z      |                             `- warning: 'SecKeychainSetUserInteractionAllowed' was deprecated in macOS 10.10: SecKeychain is deprecated [#DeprecatedDeclaration]
Build, sign, notarize, and verify	Run repository regression gate	2026-10-04T02:24:42.4327650Z <release-source-root>/Sources/HostwrightCluster/ClusterCertificateLifecycle.swift:1138:42: warning: 'kSecUseAuthenticationUIFail' was deprecated in macOS 11.0: Instead of kSecUseAuthenticationUI, use kSecUseAuthenticationContext and set LAContext.interactionNotAllowed property [#DeprecatedDeclaration]
Build, sign, notarize, and verify	Run repository regression gate	2026-10-04T02:24:42.4329410Z      |                                          `- warning: 'kSecUseAuthenticationUIFail' was deprecated in macOS 11.0: Instead of kSecUseAuthenticationUI, use kSecUseAuthenticationContext and set LAContext.interactionNotAllowed property [#DeprecatedDeclaration]
Build, sign, notarize, and verify	Run repository regression gate	2026-10-04T02:24:42.4330350Z <release-source-root>/Sources/HostwrightCluster/ClusterCertificateLifecycle.swift:2096:23: warning: treating a forced downcast to 'SecCertificate' as optional will never produce 'nil'
Build, sign, notarize, and verify	Run repository regression gate	2026-10-04T02:24:42.4331560Z      |                |      `- warning: treating a forced downcast to 'SecCertificate' as optional will never produce 'nil'
Build, sign, notarize, and verify	Run repository regression gate	2026-10-04T02:24:42.4332540Z <release-source-root>/Sources/HostwrightCluster/ClusterCertificateLifecycle.swift:2263:22: warning: 'SecKeychainGetStatus' was deprecated in macOS 10.10: SecKeychain is deprecated [#DeprecatedDeclaration]
Build, sign, notarize, and verify	Run repository regression gate	2026-10-04T02:24:42.4333750Z      |                      `- warning: 'SecKeychainGetStatus' was deprecated in macOS 10.10: SecKeychain is deprecated [#DeprecatedDeclaration]
Build, sign, notarize, and verify	Run repository regression gate	2026-10-04T02:24:56.3611210Z <release-source-root>/Sources/HostwrightCLI/LifecycleLiveDriver.swift:7412:50: warning: result of call to 'admit(manifest:subjectID:profileResolution:)' is unused [#no-usage]
Build, sign, notarize, and verify	Run repository regression gate	2026-10-04T02:24:56.3612420Z      |                                                  `- warning: result of call to 'admit(manifest:subjectID:profileResolution:)' is unused [#no-usage]
Build, sign, notarize, and verify	Run repository regression gate	2026-10-04T02:24:56.3613310Z <release-source-root>/Sources/HostwrightCLI/LifecycleLiveDriver.swift:7440:50: warning: result of call to 'admit(manifest:subjectID:profileResolution:)' is unused [#no-usage]
Build, sign, notarize, and verify	Run repository regression gate	2026-10-04T02:24:56.3618380Z      |                                                  `- warning: result of call to 'admit(manifest:subjectID:profileResolution:)' is unused [#no-usage]
Build, sign, notarize, and verify	Run repository regression gate	2026-10-04T02:24:56.3683930Z <release-source-root>/Sources/HostwrightCLI/LifecycleLiveDriver.swift:7412:50: warning: result of call to 'admit(manifest:subjectID:profileResolution:)' is unused [#no-usage]
Build, sign, notarize, and verify	Run repository regression gate	2026-10-04T02:24:56.3688340Z      |                                                  `- warning: result of call to 'admit(manifest:subjectID:profileResolution:)' is unused [#no-usage]
Build, sign, notarize, and verify	Run repository regression gate	2026-10-04T02:24:56.3689240Z <release-source-root>/Sources/HostwrightCLI/LifecycleLiveDriver.swift:7440:50: warning: result of call to 'admit(manifest:subjectID:profileResolution:)' is unused [#no-usage]
Build, sign, notarize, and verify	Run repository regression gate	2026-10-04T02:24:56.3690270Z      |                                                  `- warning: result of call to 'admit(manifest:subjectID:profileResolution:)' is unused [#no-usage]
Build, sign, notarize, and verify	Run repository regression gate	2026-10-04T02:24:56.3754630Z <release-source-root>/Sources/HostwrightCLI/LifecycleLiveDriver.swift:7412:50: warning: result of call to 'admit(manifest:subjectID:profileResolution:)' is unused [#no-usage]
Build, sign, notarize, and verify	Run repository regression gate	2026-10-04T02:24:56.3755790Z      |                                                  `- warning: result of call to 'admit(manifest:subjectID:profileResolution:)' is unused [#no-usage]
Build, sign, notarize, and verify	Run repository regression gate	2026-10-04T02:24:56.3756680Z <release-source-root>/Sources/HostwrightCLI/LifecycleLiveDriver.swift:7440:50: warning: result of call to 'admit(manifest:subjectID:profileResolution:)' is unused [#no-usage]
Build, sign, notarize, and verify	Run repository regression gate	2026-10-04T02:24:56.3757680Z      |                                                  `- warning: result of call to 'admit(manifest:subjectID:profileResolution:)' is unused [#no-usage]
Build, sign, notarize, and verify	Run repository regression gate	2026-10-04T02:24:56.3825440Z <release-source-root>/Sources/HostwrightCLI/LifecycleLiveDriver.swift:7412:50: warning: result of call to 'admit(manifest:subjectID:profileResolution:)' is unused [#no-usage]
Build, sign, notarize, and verify	Run repository regression gate	2026-10-04T02:24:56.3826580Z      |                                                  `- warning: result of call to 'admit(manifest:subjectID:profileResolution:)' is unused [#no-usage]
Build, sign, notarize, and verify	Run repository regression gate	2026-10-04T02:24:56.3827440Z <release-source-root>/Sources/HostwrightCLI/LifecycleLiveDriver.swift:7440:50: warning: result of call to 'admit(manifest:subjectID:profileResolution:)' is unused [#no-usage]
Build, sign, notarize, and verify	Run repository regression gate	2026-10-04T02:24:56.3828560Z      |                                                  `- warning: result of call to 'admit(manifest:subjectID:profileResolution:)' is unused [#no-usage]
Build, sign, notarize, and verify	Run repository regression gate	2026-10-04T02:24:56.3894980Z <release-source-root>/Sources/HostwrightCLI/LifecycleLiveDriver.swift:7412:50: warning: result of call to 'admit(manifest:subjectID:profileResolution:)' is unused [#no-usage]
Build, sign, notarize, and verify	Run repository regression gate	2026-10-04T02:24:56.3896160Z      |                                                  `- warning: result of call to 'admit(manifest:subjectID:profileResolution:)' is unused [#no-usage]
Build, sign, notarize, and verify	Run repository regression gate	2026-10-04T02:24:56.3897050Z <release-source-root>/Sources/HostwrightCLI/LifecycleLiveDriver.swift:7440:50: warning: result of call to 'admit(manifest:subjectID:profileResolution:)' is unused [#no-usage]
Build, sign, notarize, and verify	Run repository regression gate	2026-10-04T02:24:56.3898050Z      |                                                  `- warning: result of call to 'admit(manifest:subjectID:profileResolution:)' is unused [#no-usage]
Build, sign, notarize, and verify	Run repository regression gate	2026-10-04T02:24:56.3964880Z <release-source-root>/Sources/HostwrightCLI/LifecycleLiveDriver.swift:7412:50: warning: result of call to 'admit(manifest:subjectID:profileResolution:)' is unused [#no-usage]
Build, sign, notarize, and verify	Run repository regression gate	2026-10-04T02:24:56.3966210Z      |                                                  `- warning: result of call to 'admit(manifest:subjectID:profileResolution:)' is unused [#no-usage]
Build, sign, notarize, and verify	Run repository regression gate	2026-10-04T02:24:56.3967080Z <release-source-root>/Sources/HostwrightCLI/LifecycleLiveDriver.swift:7440:50: warning: result of call to 'admit(manifest:subjectID:profileResolution:)' is unused [#no-usage]
Build, sign, notarize, and verify	Run repository regression gate	2026-10-04T02:24:56.3968060Z      |                                                  `- warning: result of call to 'admit(manifest:subjectID:profileResolution:)' is unused [#no-usage]
Build, sign, notarize, and verify	Run repository regression gate	2026-10-04T02:24:56.4034430Z <release-source-root>/Sources/HostwrightCLI/LifecycleLiveDriver.swift:7412:50: warning: result of call to 'admit(manifest:subjectID:profileResolution:)' is unused [#no-usage]
Build, sign, notarize, and verify	Run repository regression gate	2026-10-04T02:24:56.4035580Z      |                                                  `- warning: result of call to 'admit(manifest:subjectID:profileResolution:)' is unused [#no-usage]
Build, sign, notarize, and verify	Run repository regression gate	2026-10-04T02:24:56.4036480Z <release-source-root>/Sources/HostwrightCLI/LifecycleLiveDriver.swift:7440:50: warning: result of call to 'admit(manifest:subjectID:profileResolution:)' is unused [#no-usage]
Build, sign, notarize, and verify	Run repository regression gate	2026-10-04T02:24:56.4037500Z      |                                                  `- warning: result of call to 'admit(manifest:subjectID:profileResolution:)' is unused [#no-usage]
Build, sign, notarize, and verify	Run repository regression gate	2026-10-04T02:24:56.4104350Z <release-source-root>/Sources/HostwrightCLI/LifecycleLiveDriver.swift:7412:50: warning: result of call to 'admit(manifest:subjectID:profileResolution:)' is unused [#no-usage]
Build, sign, notarize, and verify	Run repository regression gate	2026-10-04T02:24:56.4105530Z      |                                                  `- warning: result of call to 'admit(manifest:subjectID:profileResolution:)' is unused [#no-usage]
Build, sign, notarize, and verify	Run repository regression gate	2026-10-04T02:24:56.4106370Z <release-source-root>/Sources/HostwrightCLI/LifecycleLiveDriver.swift:7440:50: warning: result of call to 'admit(manifest:subjectID:profileResolution:)' is unused [#no-usage]
Build, sign, notarize, and verify	Run repository regression gate	2026-10-04T02:24:56.4107470Z      |                                                  `- warning: result of call to 'admit(manifest:subjectID:profileResolution:)' is unused [#no-usage]
Build, sign, notarize, and verify	Run repository regression gate	2026-10-04T02:24:56.4174390Z <release-source-root>/Sources/HostwrightCLI/LifecycleLiveDriver.swift:7412:50: warning: result of call to 'admit(manifest:subjectID:profileResolution:)' is unused [#no-usage]
Build, sign, notarize, and verify	Run repository regression gate	2026-10-04T02:24:56.4175470Z      |                                                  `- warning: result of call to 'admit(manifest:subjectID:profileResolution:)' is unused [#no-usage]
Build, sign, notarize, and verify	Run repository regression gate	2026-10-04T02:24:56.4176530Z <release-source-root>/Sources/HostwrightCLI/LifecycleLiveDriver.swift:7440:50: warning: result of call to 'admit(manifest:subjectID:profileResolution:)' is unused [#no-usage]
Build, sign, notarize, and verify	Run repository regression gate	2026-10-04T02:24:56.4177620Z      |                                                  `- warning: result of call to 'admit(manifest:subjectID:profileResolution:)' is unused [#no-usage]
Build, sign, notarize, and verify	Run repository regression gate	2026-10-04T02:24:56.4244450Z <release-source-root>/Sources/HostwrightCLI/LifecycleLiveDriver.swift:7412:50: warning: result of call to 'admit(manifest:subjectID:profileResolution:)' is unused [#no-usage]
Build, sign, notarize, and verify	Run repository regression gate	2026-10-04T02:24:56.4245510Z      |                                                  `- warning: result of call to 'admit(manifest:subjectID:profileResolution:)' is unused [#no-usage]
Build, sign, notarize, and verify	Run repository regression gate	2026-10-04T02:24:56.4246340Z <release-source-root>/Sources/HostwrightCLI/LifecycleLiveDriver.swift:7440:50: warning: result of call to 'admit(manifest:subjectID:profileResolution:)' is unused [#no-usage]
Build, sign, notarize, and verify	Run repository regression gate	2026-10-04T02:24:56.4247250Z      |                                                  `- warning: result of call to 'admit(manifest:subjectID:profileResolution:)' is unused [#no-usage]
Build, sign, notarize, and verify	Run repository regression gate	2026-10-04T02:24:56.4317000Z <release-source-root>/Sources/HostwrightCLI/LifecycleLiveDriver.swift:7412:50: warning: result of call to 'admit(manifest:subjectID:profileResolution:)' is unused [#no-usage]
Build, sign, notarize, and verify	Run repository regression gate	2026-10-04T02:24:56.4318360Z      |                                                  `- warning: result of call to 'admit(manifest:subjectID:profileResolution:)' is unused [#no-usage]
Build, sign, notarize, and verify	Run repository regression gate	2026-10-04T02:24:56.4319180Z <release-source-root>/Sources/HostwrightCLI/LifecycleLiveDriver.swift:7440:50: warning: result of call to 'admit(manifest:subjectID:profileResolution:)' is unused [#no-usage]
Build, sign, notarize, and verify	Run repository regression gate	2026-10-04T02:24:56.4320200Z      |                                                  `- warning: result of call to 'admit(manifest:subjectID:profileResolution:)' is unused [#no-usage]
Build, sign, notarize, and verify	Run repository regression gate	2026-10-04T02:24:56.4386840Z <release-source-root>/Sources/HostwrightCLI/LifecycleLiveDriver.swift:7412:50: warning: result of call to 'admit(manifest:subjectID:profileResolution:)' is unused [#no-usage]
Build, sign, notarize, and verify	Run repository regression gate	2026-10-04T02:24:56.4387950Z      |                                                  `- warning: result of call to 'admit(manifest:subjectID:profileResolution:)' is unused [#no-usage]
Build, sign, notarize, and verify	Run repository regression gate	2026-10-04T02:24:56.4388790Z <release-source-root>/Sources/HostwrightCLI/LifecycleLiveDriver.swift:7440:50: warning: result of call to 'admit(manifest:subjectID:profileResolution:)' is unused [#no-usage]
Build, sign, notarize, and verify	Run repository regression gate	2026-10-04T02:24:56.4389730Z      |                                                  `- warning: result of call to 'admit(manifest:subjectID:profileResolution:)' is unused [#no-usage]
Build, sign, notarize, and verify	Run repository regression gate	2026-10-04T02:24:56.4456570Z <release-source-root>/Sources/HostwrightCLI/LifecycleLiveDriver.swift:7412:50: warning: result of call to 'admit(manifest:subjectID:profileResolution:)' is unused [#no-usage]
Build, sign, notarize, and verify	Run repository regression gate	2026-10-04T02:24:56.4457650Z      |                                                  `- warning: result of call to 'admit(manifest:subjectID:profileResolution:)' is unused [#no-usage]
Build, sign, notarize, and verify	Run repository regression gate	2026-10-04T02:24:56.4458650Z <release-source-root>/Sources/HostwrightCLI/LifecycleLiveDriver.swift:7440:50: warning: result of call to 'admit(manifest:subjectID:profileResolution:)' is unused [#no-usage]
Build, sign, notarize, and verify	Run repository regression gate	2026-10-04T02:24:56.4459600Z      |                                                  `- warning: result of call to 'admit(manifest:subjectID:profileResolution:)' is unused [#no-usage]
Build, sign, notarize, and verify	Run repository regression gate	2026-10-04T02:24:56.4526920Z <release-source-root>/Sources/HostwrightCLI/LifecycleLiveDriver.swift:7412:50: warning: result of call to 'admit(manifest:subjectID:profileResolution:)' is unused [#no-usage]
Build, sign, notarize, and verify	Run repository regression gate	2026-10-04T02:24:56.4528030Z      |                                                  `- warning: result of call to 'admit(manifest:subjectID:profileResolution:)' is unused [#no-usage]
Build, sign, notarize, and verify	Run repository regression gate	2026-10-04T02:24:56.4528750Z <release-source-root>/Sources/HostwrightCLI/LifecycleLiveDriver.swift:7440:50: warning: result of call to 'admit(manifest:subjectID:profileResolution:)' is unused [#no-usage]
Build, sign, notarize, and verify	Run repository regression gate	2026-10-04T02:24:56.4529570Z      |                                                  `- warning: result of call to 'admit(manifest:subjectID:profileResolution:)' is unused [#no-usage]
Build, sign, notarize, and verify	Run repository regression gate	2026-10-04T02:24:56.4596200Z <release-source-root>/Sources/HostwrightCLI/LifecycleLiveDriver.swift:7412:50: warning: result of call to 'admit(manifest:subjectID:profileResolution:)' is unused [#no-usage]
Build, sign, notarize, and verify	Run repository regression gate	2026-10-04T02:24:56.4597310Z      |                                                  `- warning: result of call to 'admit(manifest:subjectID:profileResolution:)' is unused [#no-usage]
Build, sign, notarize, and verify	Run repository regression gate	2026-10-04T02:24:56.4598130Z <release-source-root>/Sources/HostwrightCLI/LifecycleLiveDriver.swift:7440:50: warning: result of call to 'admit(manifest:subjectID:profileResolution:)' is unused [#no-usage]
Build, sign, notarize, and verify	Run repository regression gate	2026-10-04T02:24:56.4599040Z      |                                                  `- warning: result of call to 'admit(manifest:subjectID:profileResolution:)' is unused [#no-usage]
Build, sign, notarize, and verify	Run repository regression gate	2026-10-04T02:24:56.4666130Z <release-source-root>/Sources/HostwrightCLI/LifecycleLiveDriver.swift:7412:50: warning: result of call to 'admit(manifest:subjectID:profileResolution:)' is unused [#no-usage]
Build, sign, notarize, and verify	Run repository regression gate	2026-10-04T02:24:56.4667240Z      |                                                  `- warning: result of call to 'admit(manifest:subjectID:profileResolution:)' is unused [#no-usage]
Build, sign, notarize, and verify	Run repository regression gate	2026-10-04T02:24:56.4668100Z <release-source-root>/Sources/HostwrightCLI/LifecycleLiveDriver.swift:7440:50: warning: result of call to 'admit(manifest:subjectID:profileResolution:)' is unused [#no-usage]
Build, sign, notarize, and verify	Run repository regression gate	2026-10-04T02:24:56.4669220Z      |                                                  `- warning: result of call to 'admit(manifest:subjectID:profileResolution:)' is unused [#no-usage]
Build, sign, notarize, and verify	Run repository regression gate	2026-10-04T02:24:56.4736060Z <release-source-root>/Sources/HostwrightCLI/LifecycleLiveDriver.swift:7412:50: warning: result of call to 'admit(manifest:subjectID:profileResolution:)' is unused [#no-usage]
Build, sign, notarize, and verify	Run repository regression gate	2026-10-04T02:24:56.4737150Z      |                                                  `- warning: result of call to 'admit(manifest:subjectID:profileResolution:)' is unused [#no-usage]
Build, sign, notarize, and verify	Run repository regression gate	2026-10-04T02:24:56.4738010Z <release-source-root>/Sources/HostwrightCLI/LifecycleLiveDriver.swift:7440:50: warning: result of call to 'admit(manifest:subjectID:profileResolution:)' is unused [#no-usage]
Build, sign, notarize, and verify	Run repository regression gate	2026-10-04T02:24:56.4738960Z      |                                                  `- warning: result of call to 'admit(manifest:subjectID:profileResolution:)' is unused [#no-usage]
Build, sign, notarize, and verify	Run repository regression gate	2026-10-04T02:24:56.4806390Z <release-source-root>/Sources/HostwrightCLI/LifecycleLiveDriver.swift:7412:50: warning: result of call to 'admit(manifest:subjectID:profileResolution:)' is unused [#no-usage]
Build, sign, notarize, and verify	Run repository regression gate	2026-10-04T02:24:56.4807730Z      |                                                  `- warning: result of call to 'admit(manifest:subjectID:profileResolution:)' is unused [#no-usage]
Build, sign, notarize, and verify	Run repository regression gate	2026-10-04T02:24:56.4808570Z <release-source-root>/Sources/HostwrightCLI/LifecycleLiveDriver.swift:7440:50: warning: result of call to 'admit(manifest:subjectID:profileResolution:)' is unused [#no-usage]
Build, sign, notarize, and verify	Run repository regression gate	2026-10-04T02:24:56.4809510Z      |                                                  `- warning: result of call to 'admit(manifest:subjectID:profileResolution:)' is unused [#no-usage]
Build, sign, notarize, and verify	Run repository regression gate	2026-10-04T02:24:56.4875730Z <release-source-root>/Sources/HostwrightCLI/LifecycleLiveDriver.swift:7412:50: warning: result of call to 'admit(manifest:subjectID:profileResolution:)' is unused [#no-usage]
Build, sign, notarize, and verify	Run repository regression gate	2026-10-04T02:24:56.4876790Z      |                                                  `- warning: result of call to 'admit(manifest:subjectID:profileResolution:)' is unused [#no-usage]
Build, sign, notarize, and verify	Run repository regression gate	2026-10-04T02:24:56.4877610Z <release-source-root>/Sources/HostwrightCLI/LifecycleLiveDriver.swift:7440:50: warning: result of call to 'admit(manifest:subjectID:profileResolution:)' is unused [#no-usage]
Build, sign, notarize, and verify	Run repository regression gate	2026-10-04T02:24:56.4878540Z      |                                                  `- warning: result of call to 'admit(manifest:subjectID:profileResolution:)' is unused [#no-usage]
Build, sign, notarize, and verify	Run repository regression gate	2026-10-04T02:24:56.4944610Z <release-source-root>/Sources/HostwrightCLI/LifecycleLiveDriver.swift:7412:50: warning: result of call to 'admit(manifest:subjectID:profileResolution:)' is unused [#no-usage]
Build, sign, notarize, and verify	Run repository regression gate	2026-10-04T02:24:56.4945670Z      |                                                  `- warning: result of call to 'admit(manifest:subjectID:profileResolution:)' is unused [#no-usage]
Build, sign, notarize, and verify	Run repository regression gate	2026-10-04T02:24:56.4946500Z <release-source-root>/Sources/HostwrightCLI/LifecycleLiveDriver.swift:7440:50: warning: result of call to 'admit(manifest:subjectID:profileResolution:)' is unused [#no-usage]
Build, sign, notarize, and verify	Run repository regression gate	2026-10-04T02:24:56.4947690Z      |                                                  `- warning: result of call to 'admit(manifest:subjectID:profileResolution:)' is unused [#no-usage]
Build, sign, notarize, and verify	Run repository regression gate	2026-10-04T02:27:35.1355140Z <release-source-root>/Tests/HostwrightSecretsTests/HostwrightSecretsIntegrationTests.swift:219:13: warning: 'SecKeychainGetUserInteractionAllowed' was deprecated in macOS 10.10: SecKeychain is deprecated [#DeprecatedDeclaration]
Build, sign, notarize, and verify	Run repository regression gate	2026-10-04T02:27:35.1356700Z     |             `- warning: 'SecKeychainGetUserInteractionAllowed' was deprecated in macOS 10.10: SecKeychain is deprecated [#DeprecatedDeclaration]
Build, sign, notarize, and verify	Run repository regression gate	2026-10-04T02:27:35.1357720Z <release-source-root>/Tests/HostwrightSecretsTests/HostwrightSecretsIntegrationTests.swift:223:13: warning: 'SecKeychainSetUserInteractionAllowed' was deprecated in macOS 10.10: SecKeychain is deprecated [#DeprecatedDeclaration]
Build, sign, notarize, and verify	Run repository regression gate	2026-10-04T02:27:35.1359040Z     |             `- warning: 'SecKeychainSetUserInteractionAllowed' was deprecated in macOS 10.10: SecKeychain is deprecated [#DeprecatedDeclaration]
Build, sign, notarize, and verify	Run repository regression gate	2026-10-04T02:27:35.1360110Z <release-source-root>/Tests/HostwrightSecretsTests/HostwrightSecretsIntegrationTests.swift:227:17: warning: 'SecKeychainSetUserInteractionAllowed' was deprecated in macOS 10.10: SecKeychain is deprecated [#DeprecatedDeclaration]
Build, sign, notarize, and verify	Run repository regression gate	2026-10-04T02:27:35.1361230Z     |                 `- warning: 'SecKeychainSetUserInteractionAllowed' was deprecated in macOS 10.10: SecKeychain is deprecated [#DeprecatedDeclaration]
Build, sign, notarize, and verify	Run repository regression gate	2026-10-04T02:27:35.1362440Z <release-source-root>/Tests/HostwrightSecretsTests/HostwrightSecretsIntegrationTests.swift:235:13: warning: 'SecKeychainCopyDefault' was deprecated in macOS 10.10: SecKeychain is deprecated [#DeprecatedDeclaration]
Build, sign, notarize, and verify	Run repository regression gate	2026-10-04T02:27:35.1363490Z     |             `- warning: 'SecKeychainCopyDefault' was deprecated in macOS 10.10: SecKeychain is deprecated [#DeprecatedDeclaration]
Build, sign, notarize, and verify	Run repository regression gate	2026-10-04T02:27:35.1364300Z <release-source-root>/Tests/HostwrightSecretsTests/HostwrightSecretsIntegrationTests.swift:239:13: warning: 'SecKeychainCopySearchList' was deprecated in macOS 10.10: SecKeychain is deprecated [#DeprecatedDeclaration]
Build, sign, notarize, and verify	Run repository regression gate	2026-10-04T02:27:35.1365580Z     |             `- warning: 'SecKeychainCopySearchList' was deprecated in macOS 10.10: SecKeychain is deprecated [#DeprecatedDeclaration]
Build, sign, notarize, and verify	Run repository regression gate	2026-10-04T02:27:35.1366400Z <release-source-root>/Tests/HostwrightSecretsTests/HostwrightSecretsIntegrationTests.swift:254:17: warning: 'SecKeychainCreate' was deprecated in macOS 10.10: SecKeychain is deprecated [#DeprecatedDeclaration]
Build, sign, notarize, and verify	Run repository regression gate	2026-10-04T02:27:35.1367510Z     |                 `- warning: 'SecKeychainCreate' was deprecated in macOS 10.10: SecKeychain is deprecated [#DeprecatedDeclaration]
Build, sign, notarize, and verify	Run repository regression gate	2026-10-04T02:27:35.1368350Z <release-source-root>/Tests/HostwrightSecretsTests/HostwrightSecretsIntegrationTests.swift:266:24: warning: 'SecKeychainSetDefault' was deprecated in macOS 10.10: SecKeychain is deprecated [#DeprecatedDeclaration]
Build, sign, notarize, and verify	Run repository regression gate	2026-10-04T02:27:35.1369570Z     |                        `- warning: 'SecKeychainSetDefault' was deprecated in macOS 10.10: SecKeychain is deprecated [#DeprecatedDeclaration]
Build, sign, notarize, and verify	Run repository regression gate	2026-10-04T02:27:35.1370550Z <release-source-root>/Tests/HostwrightSecretsTests/HostwrightSecretsIntegrationTests.swift:268:13: warning: 'SecKeychainSetSearchList' was deprecated in macOS 10.10: SecKeychain is deprecated [#DeprecatedDeclaration]
Build, sign, notarize, and verify	Run repository regression gate	2026-10-04T02:27:35.1371890Z     |             `- warning: 'SecKeychainSetSearchList' was deprecated in macOS 10.10: SecKeychain is deprecated [#DeprecatedDeclaration]
Build, sign, notarize, and verify	Run repository regression gate	2026-10-04T02:27:35.1372720Z <release-source-root>/Tests/HostwrightSecretsTests/HostwrightSecretsIntegrationTests.swift:273:21: warning: 'SecKeychainUnlock' was deprecated in macOS 10.10: SecKeychain is deprecated [#DeprecatedDeclaration]
Build, sign, notarize, and verify	Run repository regression gate	2026-10-04T02:27:35.1373720Z     |                     `- warning: 'SecKeychainUnlock' was deprecated in macOS 10.10: SecKeychain is deprecated [#DeprecatedDeclaration]
Build, sign, notarize, and verify	Run repository regression gate	2026-10-04T02:27:35.1374600Z <release-source-root>/Tests/HostwrightSecretsTests/HostwrightSecretsIntegrationTests.swift:280:17: warning: 'SecKeychainDelete' was deprecated in macOS 10.10: SecKeychain is deprecated [#DeprecatedDeclaration]
Build, sign, notarize, and verify	Run repository regression gate	2026-10-04T02:27:35.1375690Z     |                 `- warning: 'SecKeychainDelete' was deprecated in macOS 10.10: SecKeychain is deprecated [#DeprecatedDeclaration]
Build, sign, notarize, and verify	Run repository regression gate	2026-10-04T02:27:35.1376730Z <release-source-root>/Tests/HostwrightSecretsTests/HostwrightSecretsIntegrationTests.swift:281:17: warning: 'SecKeychainSetDefault' was deprecated in macOS 10.10: SecKeychain is deprecated [#DeprecatedDeclaration]
Build, sign, notarize, and verify	Run repository regression gate	2026-10-04T02:27:35.1377790Z     |                 `- warning: 'SecKeychainSetDefault' was deprecated in macOS 10.10: SecKeychain is deprecated [#DeprecatedDeclaration]
Build, sign, notarize, and verify	Run repository regression gate	2026-10-04T02:27:35.1378700Z <release-source-root>/Tests/HostwrightSecretsTests/HostwrightSecretsIntegrationTests.swift:282:17: warning: 'SecKeychainSetSearchList' was deprecated in macOS 10.10: SecKeychain is deprecated [#DeprecatedDeclaration]
Build, sign, notarize, and verify	Run repository regression gate	2026-10-04T02:27:35.1379930Z     |                 `- warning: 'SecKeychainSetSearchList' was deprecated in macOS 10.10: SecKeychain is deprecated [#DeprecatedDeclaration]
Build, sign, notarize, and verify	Run repository regression gate	2026-10-04T02:27:35.1380770Z <release-source-root>/Tests/HostwrightSecretsTests/HostwrightSecretsIntegrationTests.swift:291:24: warning: 'SecKeychainLock' was deprecated in macOS 10.10: SecKeychain is deprecated [#DeprecatedDeclaration]
Build, sign, notarize, and verify	Run repository regression gate	2026-10-04T02:27:35.1382060Z     |                        `- warning: 'SecKeychainLock' was deprecated in macOS 10.10: SecKeychain is deprecated [#DeprecatedDeclaration]
Build, sign, notarize, and verify	Run repository regression gate	2026-10-04T02:27:35.1382900Z <release-source-root>/Tests/HostwrightSecretsTests/HostwrightSecretsIntegrationTests.swift:304:13: warning: 'SecKeychainSetUserInteractionAllowed' was deprecated in macOS 10.10: SecKeychain is deprecated [#DeprecatedDeclaration]
Build, sign, notarize, and verify	Run repository regression gate	2026-10-04T02:27:35.1384130Z     |             `- warning: 'SecKeychainSetUserInteractionAllowed' was deprecated in macOS 10.10: SecKeychain is deprecated [#DeprecatedDeclaration]
Build, sign, notarize, and verify	Run repository regression gate	2026-10-04T02:27:35.1385130Z <release-source-root>/Tests/HostwrightSecretsTests/HostwrightSecretsIntegrationTests.swift:311:13: warning: 'SecKeychainUnlock' was deprecated in macOS 10.10: SecKeychain is deprecated [#DeprecatedDeclaration]
Build, sign, notarize, and verify	Run repository regression gate	2026-10-04T02:27:35.1386220Z     |             `- warning: 'SecKeychainUnlock' was deprecated in macOS 10.10: SecKeychain is deprecated [#DeprecatedDeclaration]
Build, sign, notarize, and verify	Run repository regression gate	2026-10-04T02:27:35.5786950Z <release-source-root>/Tests/HostwrightSecretsTests/HostwrightSecretsIntegrationTests.swift:219:13: warning: 'SecKeychainGetUserInteractionAllowed' was deprecated in macOS 10.10: SecKeychain is deprecated [#DeprecatedDeclaration]
Build, sign, notarize, and verify	Run repository regression gate	2026-10-04T02:27:35.5788390Z     |             `- warning: 'SecKeychainGetUserInteractionAllowed' was deprecated in macOS 10.10: SecKeychain is deprecated [#DeprecatedDeclaration]
Build, sign, notarize, and verify	Run repository regression gate	2026-10-04T02:27:35.5789400Z <release-source-root>/Tests/HostwrightSecretsTests/HostwrightSecretsIntegrationTests.swift:223:13: warning: 'SecKeychainSetUserInteractionAllowed' was deprecated in macOS 10.10: SecKeychain is deprecated [#DeprecatedDeclaration]
Build, sign, notarize, and verify	Run repository regression gate	2026-10-04T02:27:35.5790560Z     |             `- warning: 'SecKeychainSetUserInteractionAllowed' was deprecated in macOS 10.10: SecKeychain is deprecated [#DeprecatedDeclaration]
Build, sign, notarize, and verify	Run repository regression gate	2026-10-04T02:27:35.5791550Z <release-source-root>/Tests/HostwrightSecretsTests/HostwrightSecretsIntegrationTests.swift:227:17: warning: 'SecKeychainSetUserInteractionAllowed' was deprecated in macOS 10.10: SecKeychain is deprecated [#DeprecatedDeclaration]
Build, sign, notarize, and verify	Run repository regression gate	2026-10-04T02:27:35.5793050Z     |                 `- warning: 'SecKeychainSetUserInteractionAllowed' was deprecated in macOS 10.10: SecKeychain is deprecated [#DeprecatedDeclaration]
Build, sign, notarize, and verify	Run repository regression gate	2026-10-04T02:27:35.5794080Z <release-source-root>/Tests/HostwrightSecretsTests/HostwrightSecretsIntegrationTests.swift:235:13: warning: 'SecKeychainCopyDefault' was deprecated in macOS 10.10: SecKeychain is deprecated [#DeprecatedDeclaration]
Build, sign, notarize, and verify	Run repository regression gate	2026-10-04T02:27:35.5795340Z     |             `- warning: 'SecKeychainCopyDefault' was deprecated in macOS 10.10: SecKeychain is deprecated [#DeprecatedDeclaration]
Build, sign, notarize, and verify	Run repository regression gate	2026-10-04T02:27:35.5796260Z <release-source-root>/Tests/HostwrightSecretsTests/HostwrightSecretsIntegrationTests.swift:239:13: warning: 'SecKeychainCopySearchList' was deprecated in macOS 10.10: SecKeychain is deprecated [#DeprecatedDeclaration]
Build, sign, notarize, and verify	Run repository regression gate	2026-10-04T02:27:35.5797390Z     |             `- warning: 'SecKeychainCopySearchList' was deprecated in macOS 10.10: SecKeychain is deprecated [#DeprecatedDeclaration]
Build, sign, notarize, and verify	Run repository regression gate	2026-10-04T02:27:35.5798320Z <release-source-root>/Tests/HostwrightSecretsTests/HostwrightSecretsIntegrationTests.swift:254:17: warning: 'SecKeychainCreate' was deprecated in macOS 10.10: SecKeychain is deprecated [#DeprecatedDeclaration]
Build, sign, notarize, and verify	Run repository regression gate	2026-10-04T02:27:35.5799480Z     |                 `- warning: 'SecKeychainCreate' was deprecated in macOS 10.10: SecKeychain is deprecated [#DeprecatedDeclaration]
Build, sign, notarize, and verify	Run repository regression gate	2026-10-04T02:27:35.5800390Z <release-source-root>/Tests/HostwrightSecretsTests/HostwrightSecretsIntegrationTests.swift:266:24: warning: 'SecKeychainSetDefault' was deprecated in macOS 10.10: SecKeychain is deprecated [#DeprecatedDeclaration]
Build, sign, notarize, and verify	Run repository regression gate	2026-10-04T02:27:35.5801650Z     |                        `- warning: 'SecKeychainSetDefault' was deprecated in macOS 10.10: SecKeychain is deprecated [#DeprecatedDeclaration]
Build, sign, notarize, and verify	Run repository regression gate	2026-10-04T02:27:35.5802770Z <release-source-root>/Tests/HostwrightSecretsTests/HostwrightSecretsIntegrationTests.swift:268:13: warning: 'SecKeychainSetSearchList' was deprecated in macOS 10.10: SecKeychain is deprecated [#DeprecatedDeclaration]
Build, sign, notarize, and verify	Run repository regression gate	2026-10-04T02:27:35.5803970Z     |             `- warning: 'SecKeychainSetSearchList' was deprecated in macOS 10.10: SecKeychain is deprecated [#DeprecatedDeclaration]
Build, sign, notarize, and verify	Run repository regression gate	2026-10-04T02:27:35.5804830Z <release-source-root>/Tests/HostwrightSecretsTests/HostwrightSecretsIntegrationTests.swift:273:21: warning: 'SecKeychainUnlock' was deprecated in macOS 10.10: SecKeychain is deprecated [#DeprecatedDeclaration]
Build, sign, notarize, and verify	Run repository regression gate	2026-10-04T02:27:35.5805970Z     |                     `- warning: 'SecKeychainUnlock' was deprecated in macOS 10.10: SecKeychain is deprecated [#DeprecatedDeclaration]
Build, sign, notarize, and verify	Run repository regression gate	2026-10-04T02:27:35.5806900Z <release-source-root>/Tests/HostwrightSecretsTests/HostwrightSecretsIntegrationTests.swift:280:17: warning: 'SecKeychainDelete' was deprecated in macOS 10.10: SecKeychain is deprecated [#DeprecatedDeclaration]
Build, sign, notarize, and verify	Run repository regression gate	2026-10-04T02:27:35.5807920Z     |                 `- warning: 'SecKeychainDelete' was deprecated in macOS 10.10: SecKeychain is deprecated [#DeprecatedDeclaration]
Build, sign, notarize, and verify	Run repository regression gate	2026-10-04T02:27:35.5808920Z <release-source-root>/Tests/HostwrightSecretsTests/HostwrightSecretsIntegrationTests.swift:281:17: warning: 'SecKeychainSetDefault' was deprecated in macOS 10.10: SecKeychain is deprecated [#DeprecatedDeclaration]
Build, sign, notarize, and verify	Run repository regression gate	2026-10-04T02:27:35.5810000Z     |                 `- warning: 'SecKeychainSetDefault' was deprecated in macOS 10.10: SecKeychain is deprecated [#DeprecatedDeclaration]
Build, sign, notarize, and verify	Run repository regression gate	2026-10-04T02:27:35.5810940Z <release-source-root>/Tests/HostwrightSecretsTests/HostwrightSecretsIntegrationTests.swift:282:17: warning: 'SecKeychainSetSearchList' was deprecated in macOS 10.10: SecKeychain is deprecated [#DeprecatedDeclaration]
Build, sign, notarize, and verify	Run repository regression gate	2026-10-04T02:27:35.5812130Z     |                 `- warning: 'SecKeychainSetSearchList' was deprecated in macOS 10.10: SecKeychain is deprecated [#DeprecatedDeclaration]
Build, sign, notarize, and verify	Run repository regression gate	2026-10-04T02:27:35.5813080Z <release-source-root>/Tests/HostwrightSecretsTests/HostwrightSecretsIntegrationTests.swift:291:24: warning: 'SecKeychainLock' was deprecated in macOS 10.10: SecKeychain is deprecated [#DeprecatedDeclaration]
Build, sign, notarize, and verify	Run repository regression gate	2026-10-04T02:27:35.5814270Z     |                        `- warning: 'SecKeychainLock' was deprecated in macOS 10.10: SecKeychain is deprecated [#DeprecatedDeclaration]
Build, sign, notarize, and verify	Run repository regression gate	2026-10-04T02:27:35.5815170Z <release-source-root>/Tests/HostwrightSecretsTests/HostwrightSecretsIntegrationTests.swift:304:13: warning: 'SecKeychainSetUserInteractionAllowed' was deprecated in macOS 10.10: SecKeychain is deprecated [#DeprecatedDeclaration]
Build, sign, notarize, and verify	Run repository regression gate	2026-10-04T02:27:35.5816470Z     |             `- warning: 'SecKeychainSetUserInteractionAllowed' was deprecated in macOS 10.10: SecKeychain is deprecated [#DeprecatedDeclaration]
Build, sign, notarize, and verify	Run repository regression gate	2026-10-04T02:27:35.5817400Z <release-source-root>/Tests/HostwrightSecretsTests/HostwrightSecretsIntegrationTests.swift:311:13: warning: 'SecKeychainUnlock' was deprecated in macOS 10.10: SecKeychain is deprecated [#DeprecatedDeclaration]
Build, sign, notarize, and verify	Run repository regression gate	2026-10-04T02:27:35.5818460Z     |             `- warning: 'SecKeychainUnlock' was deprecated in macOS 10.10: SecKeychain is deprecated [#DeprecatedDeclaration]
Build, sign, notarize, and verify	Run repository regression gate	2026-10-04T02:27:36.0247070Z <release-source-root>/Tests/HostwrightSecretsTests/HostwrightSecretsIntegrationTests.swift:219:13: warning: 'SecKeychainGetUserInteractionAllowed' was deprecated in macOS 10.10: SecKeychain is deprecated [#DeprecatedDeclaration]
Build, sign, notarize, and verify	Run repository regression gate	2026-10-04T02:27:36.0248410Z     |             `- warning: 'SecKeychainGetUserInteractionAllowed' was deprecated in macOS 10.10: SecKeychain is deprecated [#DeprecatedDeclaration]
Build, sign, notarize, and verify	Run repository regression gate	2026-10-04T02:27:36.0249340Z <release-source-root>/Tests/HostwrightSecretsTests/HostwrightSecretsIntegrationTests.swift:223:13: warning: 'SecKeychainSetUserInteractionAllowed' was deprecated in macOS 10.10: SecKeychain is deprecated [#DeprecatedDeclaration]
Build, sign, notarize, and verify	Run repository regression gate	2026-10-04T02:27:36.0250890Z     |             `- warning: 'SecKeychainSetUserInteractionAllowed' was deprecated in macOS 10.10: SecKeychain is deprecated [#DeprecatedDeclaration]
Build, sign, notarize, and verify	Run repository regression gate	2026-10-04T02:27:36.0251810Z <release-source-root>/Tests/HostwrightSecretsTests/HostwrightSecretsIntegrationTests.swift:227:17: warning: 'SecKeychainSetUserInteractionAllowed' was deprecated in macOS 10.10: SecKeychain is deprecated [#DeprecatedDeclaration]
Build, sign, notarize, and verify	Run repository regression gate	2026-10-04T02:27:36.0252910Z     |                 `- warning: 'SecKeychainSetUserInteractionAllowed' was deprecated in macOS 10.10: SecKeychain is deprecated [#DeprecatedDeclaration]
Build, sign, notarize, and verify	Run repository regression gate	2026-10-04T02:27:36.0253970Z <release-source-root>/Tests/HostwrightSecretsTests/HostwrightSecretsIntegrationTests.swift:235:13: warning: 'SecKeychainCopyDefault' was deprecated in macOS 10.10: SecKeychain is deprecated [#DeprecatedDeclaration]
Build, sign, notarize, and verify	Run repository regression gate	2026-10-04T02:27:36.0255090Z     |             `- warning: 'SecKeychainCopyDefault' was deprecated in macOS 10.10: SecKeychain is deprecated [#DeprecatedDeclaration]
Build, sign, notarize, and verify	Run repository regression gate	2026-10-04T02:27:36.0255960Z <release-source-root>/Tests/HostwrightSecretsTests/HostwrightSecretsIntegrationTests.swift:239:13: warning: 'SecKeychainCopySearchList' was deprecated in macOS 10.10: SecKeychain is deprecated [#DeprecatedDeclaration]
Build, sign, notarize, and verify	Run repository regression gate	2026-10-04T02:27:36.0257030Z     |             `- warning: 'SecKeychainCopySearchList' was deprecated in macOS 10.10: SecKeychain is deprecated [#DeprecatedDeclaration]
Build, sign, notarize, and verify	Run repository regression gate	2026-10-04T02:27:36.0257880Z <release-source-root>/Tests/HostwrightSecretsTests/HostwrightSecretsIntegrationTests.swift:254:17: warning: 'SecKeychainCreate' was deprecated in macOS 10.10: SecKeychain is deprecated [#DeprecatedDeclaration]
Build, sign, notarize, and verify	Run repository regression gate	2026-10-04T02:27:36.0259040Z     |                 `- warning: 'SecKeychainCreate' was deprecated in macOS 10.10: SecKeychain is deprecated [#DeprecatedDeclaration]
Build, sign, notarize, and verify	Run repository regression gate	2026-10-04T02:27:36.0259950Z <release-source-root>/Tests/HostwrightSecretsTests/HostwrightSecretsIntegrationTests.swift:266:24: warning: 'SecKeychainSetDefault' was deprecated in macOS 10.10: SecKeychain is deprecated [#DeprecatedDeclaration]
Build, sign, notarize, and verify	Run repository regression gate	2026-10-04T02:27:36.0261310Z     |                        `- warning: 'SecKeychainSetDefault' was deprecated in macOS 10.10: SecKeychain is deprecated [#DeprecatedDeclaration]
Build, sign, notarize, and verify	Run repository regression gate	2026-10-04T02:27:36.0262270Z <release-source-root>/Tests/HostwrightSecretsTests/HostwrightSecretsIntegrationTests.swift:268:13: warning: 'SecKeychainSetSearchList' was deprecated in macOS 10.10: SecKeychain is deprecated [#DeprecatedDeclaration]
Build, sign, notarize, and verify	Run repository regression gate	2026-10-04T02:27:36.0263530Z     |             `- warning: 'SecKeychainSetSearchList' was deprecated in macOS 10.10: SecKeychain is deprecated [#DeprecatedDeclaration]
Build, sign, notarize, and verify	Run repository regression gate	2026-10-04T02:27:36.0264390Z <release-source-root>/Tests/HostwrightSecretsTests/HostwrightSecretsIntegrationTests.swift:273:21: warning: 'SecKeychainUnlock' was deprecated in macOS 10.10: SecKeychain is deprecated [#DeprecatedDeclaration]
Build, sign, notarize, and verify	Run repository regression gate	2026-10-04T02:27:36.0265440Z     |                     `- warning: 'SecKeychainUnlock' was deprecated in macOS 10.10: SecKeychain is deprecated [#DeprecatedDeclaration]
Build, sign, notarize, and verify	Run repository regression gate	2026-10-04T02:27:36.0266360Z <release-source-root>/Tests/HostwrightSecretsTests/HostwrightSecretsIntegrationTests.swift:280:17: warning: 'SecKeychainDelete' was deprecated in macOS 10.10: SecKeychain is deprecated [#DeprecatedDeclaration]
Build, sign, notarize, and verify	Run repository regression gate	2026-10-04T02:27:36.0267360Z     |                 `- warning: 'SecKeychainDelete' was deprecated in macOS 10.10: SecKeychain is deprecated [#DeprecatedDeclaration]
Build, sign, notarize, and verify	Run repository regression gate	2026-10-04T02:27:36.0268360Z <release-source-root>/Tests/HostwrightSecretsTests/HostwrightSecretsIntegrationTests.swift:281:17: warning: 'SecKeychainSetDefault' was deprecated in macOS 10.10: SecKeychain is deprecated [#DeprecatedDeclaration]
Build, sign, notarize, and verify	Run repository regression gate	2026-10-04T02:27:36.0269450Z     |                 `- warning: 'SecKeychainSetDefault' was deprecated in macOS 10.10: SecKeychain is deprecated [#DeprecatedDeclaration]
Build, sign, notarize, and verify	Run repository regression gate	2026-10-04T02:27:36.0270380Z <release-source-root>/Tests/HostwrightSecretsTests/HostwrightSecretsIntegrationTests.swift:282:17: warning: 'SecKeychainSetSearchList' was deprecated in macOS 10.10: SecKeychain is deprecated [#DeprecatedDeclaration]
Build, sign, notarize, and verify	Run repository regression gate	2026-10-04T02:27:36.0271680Z     |                 `- warning: 'SecKeychainSetSearchList' was deprecated in macOS 10.10: SecKeychain is deprecated [#DeprecatedDeclaration]
Build, sign, notarize, and verify	Run repository regression gate	2026-10-04T02:27:36.0272620Z <release-source-root>/Tests/HostwrightSecretsTests/HostwrightSecretsIntegrationTests.swift:291:24: warning: 'SecKeychainLock' was deprecated in macOS 10.10: SecKeychain is deprecated [#DeprecatedDeclaration]
Build, sign, notarize, and verify	Run repository regression gate	2026-10-04T02:27:36.0274230Z     |                        `- warning: 'SecKeychainLock' was deprecated in macOS 10.10: SecKeychain is deprecated [#DeprecatedDeclaration]
Build, sign, notarize, and verify	Run repository regression gate	2026-10-04T02:27:36.0275150Z <release-source-root>/Tests/HostwrightSecretsTests/HostwrightSecretsIntegrationTests.swift:304:13: warning: 'SecKeychainSetUserInteractionAllowed' was deprecated in macOS 10.10: SecKeychain is deprecated [#DeprecatedDeclaration]
Build, sign, notarize, and verify	Run repository regression gate	2026-10-04T02:27:36.0276400Z     |             `- warning: 'SecKeychainSetUserInteractionAllowed' was deprecated in macOS 10.10: SecKeychain is deprecated [#DeprecatedDeclaration]
Build, sign, notarize, and verify	Run repository regression gate	2026-10-04T02:27:36.0277340Z <release-source-root>/Tests/HostwrightSecretsTests/HostwrightSecretsIntegrationTests.swift:311:13: warning: 'SecKeychainUnlock' was deprecated in macOS 10.10: SecKeychain is deprecated [#DeprecatedDeclaration]
Build, sign, notarize, and verify	Run repository regression gate	2026-10-04T02:27:36.0278410Z     |             `- warning: 'SecKeychainUnlock' was deprecated in macOS 10.10: SecKeychain is deprecated [#DeprecatedDeclaration]
Build, sign, notarize, and verify	Run repository regression gate	2026-10-04T02:27:38.7893840Z <release-source-root>/Tests/HostwrightSchedulerTests/Phase10SchedulerQualificationConfiguration.swift:258:20: warning: 'init(cString:)' is deprecated: Use String(decoding: array, as: UTF8.self) instead, after truncating the null termination. [#DeprecatedDeclaration]
Build, sign, notarize, and verify	Run repository regression gate	2026-10-04T02:27:38.7895570Z     |                    `- warning: 'init(cString:)' is deprecated: Use String(decoding: array, as: UTF8.self) instead, after truncating the null termination. [#DeprecatedDeclaration]
Build, sign, notarize, and verify	Run repository regression gate	2026-10-04T02:27:38.7935390Z <release-source-root>/Tests/HostwrightSchedulerTests/Phase10SchedulerQualificationConfiguration.swift:258:20: warning: 'init(cString:)' is deprecated: Use String(decoding: array, as: UTF8.self) instead, after truncating the null termination. [#DeprecatedDeclaration]
Build, sign, notarize, and verify	Run repository regression gate	2026-10-04T02:27:38.7937040Z     |                    `- warning: 'init(cString:)' is deprecated: Use String(decoding: array, as: UTF8.self) instead, after truncating the null termination. [#DeprecatedDeclaration]
Build, sign, notarize, and verify	Run repository regression gate	2026-10-04T02:27:38.7977400Z <release-source-root>/Tests/HostwrightSchedulerTests/Phase10SchedulerQualificationConfiguration.swift:258:20: warning: 'init(cString:)' is deprecated: Use String(decoding: array, as: UTF8.self) instead, after truncating the null termination. [#DeprecatedDeclaration]
Build, sign, notarize, and verify	Run repository regression gate	2026-10-04T02:27:38.7978800Z     |                    `- warning: 'init(cString:)' is deprecated: Use String(decoding: array, as: UTF8.self) instead, after truncating the null termination. [#DeprecatedDeclaration]
Build, sign, notarize, and verify	Run repository regression gate	2026-10-04T02:27:38.8019690Z <release-source-root>/Tests/HostwrightSchedulerTests/Phase10SchedulerQualificationConfiguration.swift:258:20: warning: 'init(cString:)' is deprecated: Use String(decoding: array, as: UTF8.self) instead, after truncating the null termination. [#DeprecatedDeclaration]
Build, sign, notarize, and verify	Run repository regression gate	2026-10-04T02:27:38.8021140Z     |                    `- warning: 'init(cString:)' is deprecated: Use String(decoding: array, as: UTF8.self) instead, after truncating the null termination. [#DeprecatedDeclaration]
Build, sign, notarize, and verify	Run repository regression gate	2026-10-04T02:27:38.8061570Z <release-source-root>/Tests/HostwrightSchedulerTests/Phase10SchedulerQualificationConfiguration.swift:258:20: warning: 'init(cString:)' is deprecated: Use String(decoding: array, as: UTF8.self) instead, after truncating the null termination. [#DeprecatedDeclaration]
Build, sign, notarize, and verify	Run repository regression gate	2026-10-04T02:27:38.8063180Z     |                    `- warning: 'init(cString:)' is deprecated: Use String(decoding: array, as: UTF8.self) instead, after truncating the null termination. [#DeprecatedDeclaration]
Build, sign, notarize, and verify	Run repository regression gate	2026-10-04T02:27:38.8103420Z <release-source-root>/Tests/HostwrightSchedulerTests/Phase10SchedulerQualificationConfiguration.swift:258:20: warning: 'init(cString:)' is deprecated: Use String(decoding: array, as: UTF8.self) instead, after truncating the null termination. [#DeprecatedDeclaration]
Build, sign, notarize, and verify	Run repository regression gate	2026-10-04T02:27:38.8104810Z     |                    `- warning: 'init(cString:)' is deprecated: Use String(decoding: array, as: UTF8.self) instead, after truncating the null termination. [#DeprecatedDeclaration]
Build, sign, notarize, and verify	Run repository regression gate	2026-10-04T02:27:38.8145990Z <release-source-root>/Tests/HostwrightSchedulerTests/Phase10SchedulerQualificationConfiguration.swift:258:20: warning: 'init(cString:)' is deprecated: Use String(decoding: array, as: UTF8.self) instead, after truncating the null termination. [#DeprecatedDeclaration]
Build, sign, notarize, and verify	Run repository regression gate	2026-10-04T02:27:38.8147410Z     |                    `- warning: 'init(cString:)' is deprecated: Use String(decoding: array, as: UTF8.self) instead, after truncating the null termination. [#DeprecatedDeclaration]
Build, sign, notarize, and verify	Run repository regression gate	2026-10-04T02:27:38.8188310Z <release-source-root>/Tests/HostwrightSchedulerTests/Phase10SchedulerQualificationConfiguration.swift:258:20: warning: 'init(cString:)' is deprecated: Use String(decoding: array, as: UTF8.self) instead, after truncating the null termination. [#DeprecatedDeclaration]
Build, sign, notarize, and verify	Run repository regression gate	2026-10-04T02:27:38.8189730Z     |                    `- warning: 'init(cString:)' is deprecated: Use String(decoding: array, as: UTF8.self) instead, after truncating the null termination. [#DeprecatedDeclaration]
Build, sign, notarize, and verify	Run repository regression gate	2026-10-04T02:27:38.8231290Z <release-source-root>/Tests/HostwrightSchedulerTests/Phase10SchedulerQualificationConfiguration.swift:258:20: warning: 'init(cString:)' is deprecated: Use String(decoding: array, as: UTF8.self) instead, after truncating the null termination. [#DeprecatedDeclaration]
Build, sign, notarize, and verify	Run repository regression gate	2026-10-04T02:27:38.8232730Z     |                    `- warning: 'init(cString:)' is deprecated: Use String(decoding: array, as: UTF8.self) instead, after truncating the null termination. [#DeprecatedDeclaration]
Build, sign, notarize, and verify	Run repository regression gate	2026-10-04T02:27:38.8271580Z <release-source-root>/Tests/HostwrightSchedulerTests/Phase10SchedulerQualificationConfiguration.swift:258:20: warning: 'init(cString:)' is deprecated: Use String(decoding: array, as: UTF8.self) instead, after truncating the null termination. [#DeprecatedDeclaration]
Build, sign, notarize, and verify	Run repository regression gate	2026-10-04T02:27:38.8272980Z     |                    `- warning: 'init(cString:)' is deprecated: Use String(decoding: array, as: UTF8.self) instead, after truncating the null termination. [#DeprecatedDeclaration]
Build, sign, notarize, and verify	Run repository regression gate	2026-10-04T02:27:38.8313900Z <release-source-root>/Tests/HostwrightSchedulerTests/Phase10SchedulerQualificationConfiguration.swift:258:20: warning: 'init(cString:)' is deprecated: Use String(decoding: array, as: UTF8.self) instead, after truncating the null termination. [#DeprecatedDeclaration]
Build, sign, notarize, and verify	Run repository regression gate	2026-10-04T02:27:38.8315340Z     |                    `- warning: 'init(cString:)' is deprecated: Use String(decoding: array, as: UTF8.self) instead, after truncating the null termination. [#DeprecatedDeclaration]
Build, sign, notarize, and verify	Run repository regression gate	2026-10-04T02:27:38.8355470Z <release-source-root>/Tests/HostwrightSchedulerTests/Phase10SchedulerQualificationConfiguration.swift:258:20: warning: 'init(cString:)' is deprecated: Use String(decoding: array, as: UTF8.self) instead, after truncating the null termination. [#DeprecatedDeclaration]
Build, sign, notarize, and verify	Run repository regression gate	2026-10-04T02:27:38.8356870Z     |                    `- warning: 'init(cString:)' is deprecated: Use String(decoding: array, as: UTF8.self) instead, after truncating the null termination. [#DeprecatedDeclaration]
Build, sign, notarize, and verify	Run repository regression gate	2026-10-04T02:27:38.8397680Z <release-source-root>/Tests/HostwrightSchedulerTests/Phase10SchedulerQualificationConfiguration.swift:258:20: warning: 'init(cString:)' is deprecated: Use String(decoding: array, as: UTF8.self) instead, after truncating the null termination. [#DeprecatedDeclaration]
Build, sign, notarize, and verify	Run repository regression gate	2026-10-04T02:27:38.8399100Z     |                    `- warning: 'init(cString:)' is deprecated: Use String(decoding: array, as: UTF8.self) instead, after truncating the null termination. [#DeprecatedDeclaration]
Build, sign, notarize, and verify	Run repository regression gate	2026-10-04T02:27:38.8439720Z <release-source-root>/Tests/HostwrightSchedulerTests/Phase10SchedulerQualificationConfiguration.swift:258:20: warning: 'init(cString:)' is deprecated: Use String(decoding: array, as: UTF8.self) instead, after truncating the null termination. [#DeprecatedDeclaration]
Build, sign, notarize, and verify	Run repository regression gate	2026-10-04T02:27:38.8441320Z     |                    `- warning: 'init(cString:)' is deprecated: Use String(decoding: array, as: UTF8.self) instead, after truncating the null termination. [#DeprecatedDeclaration]
Build, sign, notarize, and verify	Run repository regression gate	2026-10-04T02:27:38.8482480Z <release-source-root>/Tests/HostwrightSchedulerTests/Phase10SchedulerQualificationConfiguration.swift:258:20: warning: 'init(cString:)' is deprecated: Use String(decoding: array, as: UTF8.self) instead, after truncating the null termination. [#DeprecatedDeclaration]
Build, sign, notarize, and verify	Run repository regression gate	2026-10-04T02:27:38.8483990Z     |                    `- warning: 'init(cString:)' is deprecated: Use String(decoding: array, as: UTF8.self) instead, after truncating the null termination. [#DeprecatedDeclaration]
Build, sign, notarize, and verify	Run repository regression gate	2026-10-04T02:27:38.8524800Z <release-source-root>/Tests/HostwrightSchedulerTests/Phase10SchedulerQualificationConfiguration.swift:258:20: warning: 'init(cString:)' is deprecated: Use String(decoding: array, as: UTF8.self) instead, after truncating the null termination. [#DeprecatedDeclaration]
Build, sign, notarize, and verify	Run repository regression gate	2026-10-04T02:27:38.8526500Z     |                    `- warning: 'init(cString:)' is deprecated: Use String(decoding: array, as: UTF8.self) instead, after truncating the null termination. [#DeprecatedDeclaration]
Build, sign, notarize, and verify	Run repository regression gate	2026-10-04T02:27:38.8566640Z <release-source-root>/Tests/HostwrightSchedulerTests/Phase10SchedulerQualificationConfiguration.swift:258:20: warning: 'init(cString:)' is deprecated: Use String(decoding: array, as: UTF8.self) instead, after truncating the null termination. [#DeprecatedDeclaration]
Build, sign, notarize, and verify	Run repository regression gate	2026-10-04T02:27:38.8568170Z     |                    `- warning: 'init(cString:)' is deprecated: Use String(decoding: array, as: UTF8.self) instead, after truncating the null termination. [#DeprecatedDeclaration]
Build, sign, notarize, and verify	Run repository regression gate	2026-10-04T02:27:38.8608470Z <release-source-root>/Tests/HostwrightSchedulerTests/Phase10SchedulerQualificationConfiguration.swift:258:20: warning: 'init(cString:)' is deprecated: Use String(decoding: array, as: UTF8.self) instead, after truncating the null termination. [#DeprecatedDeclaration]
Build, sign, notarize, and verify	Run repository regression gate	2026-10-04T02:27:38.8610060Z     |                    `- warning: 'init(cString:)' is deprecated: Use String(decoding: array, as: UTF8.self) instead, after truncating the null termination. [#DeprecatedDeclaration]
Build, sign, notarize, and verify	Run repository regression gate	2026-10-04T02:27:38.8650070Z <release-source-root>/Tests/HostwrightSchedulerTests/Phase10SchedulerQualificationConfiguration.swift:258:20: warning: 'init(cString:)' is deprecated: Use String(decoding: array, as: UTF8.self) instead, after truncating the null termination. [#DeprecatedDeclaration]
Build, sign, notarize, and verify	Run repository regression gate	2026-10-04T02:27:38.8651460Z     |                    `- warning: 'init(cString:)' is deprecated: Use String(decoding: array, as: UTF8.self) instead, after truncating the null termination. [#DeprecatedDeclaration]
Build, sign, notarize, and verify	Run repository regression gate	2026-10-04T02:28:09.0576630Z <release-source-root>/Tests/HostwrightDistributionTests/DistributionIntegrationTests.swift:799:17: warning: initialization of immutable value 'repository' was never used; consider replacing with assignment to '_' or removing it [#no-usage]
Build, sign, notarize, and verify	Run repository regression gate	2026-10-04T02:28:09.0578040Z      |                 `- warning: initialization of immutable value 'repository' was never used; consider replacing with assignment to '_' or removing it [#no-usage]
Build, sign, notarize, and verify	Run repository regression gate	2026-10-04T02:28:09.0609380Z <release-source-root>/Tests/HostwrightDistributionTests/DistributionIntegrationTests.swift:799:17: warning: initialization of immutable value 'repository' was never used; consider replacing with assignment to '_' or removing it [#no-usage]
Build, sign, notarize, and verify	Run repository regression gate	2026-10-04T02:28:09.0610880Z      |                 `- warning: initialization of immutable value 'repository' was never used; consider replacing with assignment to '_' or removing it [#no-usage]
Build, sign, notarize, and verify	Run repository regression gate	2026-10-04T02:28:09.0643080Z <release-source-root>/Tests/HostwrightDistributionTests/DistributionIntegrationTests.swift:799:17: warning: initialization of immutable value 'repository' was never used; consider replacing with assignment to '_' or removing it [#no-usage]
Build, sign, notarize, and verify	Run repository regression gate	2026-10-04T02:28:09.0644460Z      |                 `- warning: initialization of immutable value 'repository' was never used; consider replacing with assignment to '_' or removing it [#no-usage]
Build, sign, notarize, and verify	Run repository regression gate	2026-10-04T02:28:09.0677110Z <release-source-root>/Tests/HostwrightDistributionTests/DistributionIntegrationTests.swift:799:17: warning: initialization of immutable value 'repository' was never used; consider replacing with assignment to '_' or removing it [#no-usage]
Build, sign, notarize, and verify	Run repository regression gate	2026-10-04T02:28:09.0682770Z      |                 `- warning: initialization of immutable value 'repository' was never used; consider replacing with assignment to '_' or removing it [#no-usage]
Build, sign, notarize, and verify	Run repository regression gate	2026-10-04T02:28:09.0713080Z <release-source-root>/Tests/HostwrightDistributionTests/DistributionIntegrationTests.swift:799:17: warning: initialization of immutable value 'repository' was never used; consider replacing with assignment to '_' or removing it [#no-usage]
Build, sign, notarize, and verify	Run repository regression gate	2026-10-04T02:28:09.0714450Z      |                 `- warning: initialization of immutable value 'repository' was never used; consider replacing with assignment to '_' or removing it [#no-usage]
Build, sign, notarize, and verify	Run repository regression gate	2026-10-04T02:28:09.0748960Z <release-source-root>/Tests/HostwrightDistributionTests/DistributionIntegrationTests.swift:799:17: warning: initialization of immutable value 'repository' was never used; consider replacing with assignment to '_' or removing it [#no-usage]
Build, sign, notarize, and verify	Run repository regression gate	2026-10-04T02:28:09.0750510Z      |                 `- warning: initialization of immutable value 'repository' was never used; consider replacing with assignment to '_' or removing it [#no-usage]
Build, sign, notarize, and verify	Run repository regression gate	2026-10-04T02:28:09.0784080Z <release-source-root>/Tests/HostwrightDistributionTests/DistributionIntegrationTests.swift:799:17: warning: initialization of immutable value 'repository' was never used; consider replacing with assignment to '_' or removing it [#no-usage]
Build, sign, notarize, and verify	Run repository regression gate	2026-10-04T02:28:09.0785750Z      |                 `- warning: initialization of immutable value 'repository' was never used; consider replacing with assignment to '_' or removing it [#no-usage]
Build, sign, notarize, and verify	Run repository regression gate	2026-10-04T02:28:09.0817500Z <release-source-root>/Tests/HostwrightDistributionTests/DistributionIntegrationTests.swift:799:17: warning: initialization of immutable value 'repository' was never used; consider replacing with assignment to '_' or removing it [#no-usage]
Build, sign, notarize, and verify	Run repository regression gate	2026-10-04T02:28:09.0818910Z      |                 `- warning: initialization of immutable value 'repository' was never used; consider replacing with assignment to '_' or removing it [#no-usage]
Build, sign, notarize, and verify	Run repository regression gate	2026-10-04T02:28:09.0850980Z <release-source-root>/Tests/HostwrightDistributionTests/DistributionIntegrationTests.swift:799:17: warning: initialization of immutable value 'repository' was never used; consider replacing with assignment to '_' or removing it [#no-usage]
Build, sign, notarize, and verify	Run repository regression gate	2026-10-04T02:28:09.0852330Z      |                 `- warning: initialization of immutable value 'repository' was never used; consider replacing with assignment to '_' or removing it [#no-usage]
Build, sign, notarize, and verify	Run repository regression gate	2026-10-04T02:28:09.0884040Z <release-source-root>/Tests/HostwrightDistributionTests/DistributionIntegrationTests.swift:799:17: warning: initialization of immutable value 'repository' was never used; consider replacing with assignment to '_' or removing it [#no-usage]
Build, sign, notarize, and verify	Run repository regression gate	2026-10-04T02:28:09.0885360Z      |                 `- warning: initialization of immutable value 'repository' was never used; consider replacing with assignment to '_' or removing it [#no-usage]
Build, sign, notarize, and verify	Run repository regression gate	2026-10-04T02:28:09.0917720Z <release-source-root>/Tests/HostwrightDistributionTests/DistributionIntegrationTests.swift:799:17: warning: initialization of immutable value 'repository' was never used; consider replacing with assignment to '_' or removing it [#no-usage]
Build, sign, notarize, and verify	Run repository regression gate	2026-10-04T02:28:09.0919070Z      |                 `- warning: initialization of immutable value 'repository' was never used; consider replacing with assignment to '_' or removing it [#no-usage]
Build, sign, notarize, and verify	Run repository regression gate	2026-10-04T02:28:09.0951480Z <release-source-root>/Tests/HostwrightDistributionTests/DistributionIntegrationTests.swift:799:17: warning: initialization of immutable value 'repository' was never used; consider replacing with assignment to '_' or removing it [#no-usage]
Build, sign, notarize, and verify	Run repository regression gate	2026-10-04T02:28:09.0952830Z      |                 `- warning: initialization of immutable value 'repository' was never used; consider replacing with assignment to '_' or removing it [#no-usage]
Build, sign, notarize, and verify	Run repository regression gate	2026-10-04T02:28:46.1699290Z <release-source-root>/Tests/HostwrightCLITests/RuntimeProvidersCommandTests.swift:19:18: warning: weak variable 'retainedClient' was never mutated; consider changing to 'let' constant [#WeakMutability]
Build, sign, notarize, and verify	Run repository regression gate	2026-10-04T02:28:46.1700400Z     |                  `- warning: weak variable 'retainedClient' was never mutated; consider changing to 'let' constant [#WeakMutability]
Build, sign, notarize, and verify	Run repository regression gate	2026-10-04T02:28:46.1728390Z <release-source-root>/Tests/HostwrightCLITests/RuntimeProvidersCommandTests.swift:19:18: warning: weak variable 'retainedClient' was never mutated; consider changing to 'let' constant [#WeakMutability]
Build, sign, notarize, and verify	Run repository regression gate	2026-10-04T02:28:46.1729570Z     |                  `- warning: weak variable 'retainedClient' was never mutated; consider changing to 'let' constant [#WeakMutability]
Build, sign, notarize, and verify	Run repository regression gate	2026-10-04T02:28:46.1757830Z <release-source-root>/Tests/HostwrightCLITests/RuntimeProvidersCommandTests.swift:19:18: warning: weak variable 'retainedClient' was never mutated; consider changing to 'let' constant [#WeakMutability]
Build, sign, notarize, and verify	Run repository regression gate	2026-10-04T02:28:46.1758940Z     |                  `- warning: weak variable 'retainedClient' was never mutated; consider changing to 'let' constant [#WeakMutability]
Build, sign, notarize, and verify	Run repository regression gate	2026-10-04T02:28:46.1787870Z <release-source-root>/Tests/HostwrightCLITests/RuntimeProvidersCommandTests.swift:19:18: warning: weak variable 'retainedClient' was never mutated; consider changing to 'let' constant [#WeakMutability]
Build, sign, notarize, and verify	Run repository regression gate	2026-10-04T02:28:46.1788990Z     |                  `- warning: weak variable 'retainedClient' was never mutated; consider changing to 'let' constant [#WeakMutability]
Build, sign, notarize, and verify	Run repository regression gate	2026-10-04T02:28:46.1818270Z <release-source-root>/Tests/HostwrightCLITests/RuntimeProvidersCommandTests.swift:19:18: warning: weak variable 'retainedClient' was never mutated; consider changing to 'let' constant [#WeakMutability]
Build, sign, notarize, and verify	Run repository regression gate	2026-10-04T02:28:46.1819350Z     |                  `- warning: weak variable 'retainedClient' was never mutated; consider changing to 'let' constant [#WeakMutability]
Build, sign, notarize, and verify	Run repository regression gate	2026-10-04T02:28:46.1847220Z <release-source-root>/Tests/HostwrightCLITests/RuntimeProvidersCommandTests.swift:19:18: warning: weak variable 'retainedClient' was never mutated; consider changing to 'let' constant [#WeakMutability]
Build, sign, notarize, and verify	Run repository regression gate	2026-10-04T02:28:46.1848390Z     |                  `- warning: weak variable 'retainedClient' was never mutated; consider changing to 'let' constant [#WeakMutability]
Build, sign, notarize, and verify	Run repository regression gate	2026-10-04T02:28:46.1875750Z <release-source-root>/Tests/HostwrightCLITests/RuntimeProvidersCommandTests.swift:19:18: warning: weak variable 'retainedClient' was never mutated; consider changing to 'let' constant [#WeakMutability]
Build, sign, notarize, and verify	Run repository regression gate	2026-10-04T02:28:46.1876880Z     |                  `- warning: weak variable 'retainedClient' was never mutated; consider changing to 'let' constant [#WeakMutability]
Build, sign, notarize, and verify	Run repository regression gate	2026-10-04T02:28:46.1905140Z <release-source-root>/Tests/HostwrightCLITests/RuntimeProvidersCommandTests.swift:19:18: warning: weak variable 'retainedClient' was never mutated; consider changing to 'let' constant [#WeakMutability]
Build, sign, notarize, and verify	Run repository regression gate	2026-10-04T02:28:46.1906330Z     |                  `- warning: weak variable 'retainedClient' was never mutated; consider changing to 'let' constant [#WeakMutability]
Build, sign, notarize, and verify	Run repository regression gate	2026-10-04T02:28:46.1935230Z <release-source-root>/Tests/HostwrightCLITests/RuntimeProvidersCommandTests.swift:19:18: warning: weak variable 'retainedClient' was never mutated; consider changing to 'let' constant [#WeakMutability]
Build, sign, notarize, and verify	Run repository regression gate	2026-10-04T02:28:46.1940460Z     |                  `- warning: weak variable 'retainedClient' was never mutated; consider changing to 'let' constant [#WeakMutability]
Build, sign, notarize, and verify	Run repository regression gate	2026-10-04T02:28:46.1963950Z <release-source-root>/Tests/HostwrightCLITests/RuntimeProvidersCommandTests.swift:19:18: warning: weak variable 'retainedClient' was never mutated; consider changing to 'let' constant [#WeakMutability]
Build, sign, notarize, and verify	Run repository regression gate	2026-10-04T02:28:46.1965320Z     |                  `- warning: weak variable 'retainedClient' was never mutated; consider changing to 'let' constant [#WeakMutability]
Build, sign, notarize, and verify	Run repository regression gate	2026-10-04T02:28:46.1992790Z <release-source-root>/Tests/HostwrightCLITests/RuntimeProvidersCommandTests.swift:19:18: warning: weak variable 'retainedClient' was never mutated; consider changing to 'let' constant [#WeakMutability]
Build, sign, notarize, and verify	Run repository regression gate	2026-10-04T02:28:46.1993940Z     |                  `- warning: weak variable 'retainedClient' was never mutated; consider changing to 'let' constant [#WeakMutability]
Build, sign, notarize, and verify	Run repository regression gate	2026-10-04T02:28:46.2021890Z <release-source-root>/Tests/HostwrightCLITests/RuntimeProvidersCommandTests.swift:19:18: warning: weak variable 'retainedClient' was never mutated; consider changing to 'let' constant [#WeakMutability]
Build, sign, notarize, and verify	Run repository regression gate	2026-10-04T02:28:46.2023020Z     |                  `- warning: weak variable 'retainedClient' was never mutated; consider changing to 'let' constant [#WeakMutability]
Build, sign, notarize, and verify	Run repository regression gate	2026-10-04T02:28:46.2051790Z <release-source-root>/Tests/HostwrightCLITests/RuntimeProvidersCommandTests.swift:19:18: warning: weak variable 'retainedClient' was never mutated; consider changing to 'let' constant [#WeakMutability]
Build, sign, notarize, and verify	Run repository regression gate	2026-10-04T02:28:46.2052950Z     |                  `- warning: weak variable 'retainedClient' was never mutated; consider changing to 'let' constant [#WeakMutability]
Build, sign, notarize, and verify	Run repository regression gate	2026-10-04T02:28:46.2081230Z <release-source-root>/Tests/HostwrightCLITests/RuntimeProvidersCommandTests.swift:19:18: warning: weak variable 'retainedClient' was never mutated; consider changing to 'let' constant [#WeakMutability]
Build, sign, notarize, and verify	Run repository regression gate	2026-10-04T02:28:46.2082380Z     |                  `- warning: weak variable 'retainedClient' was never mutated; consider changing to 'let' constant [#WeakMutability]
Build, sign, notarize, and verify	Run repository regression gate	2026-10-04T02:28:46.2111030Z <release-source-root>/Tests/HostwrightCLITests/RuntimeProvidersCommandTests.swift:19:18: warning: weak variable 'retainedClient' was never mutated; consider changing to 'let' constant [#WeakMutability]
Build, sign, notarize, and verify	Run repository regression gate	2026-10-04T02:28:46.2112140Z     |                  `- warning: weak variable 'retainedClient' was never mutated; consider changing to 'let' constant [#WeakMutability]
Build, sign, notarize, and verify	Run repository regression gate	2026-10-04T02:28:46.2139820Z <release-source-root>/Tests/HostwrightCLITests/RuntimeProvidersCommandTests.swift:19:18: warning: weak variable 'retainedClient' was never mutated; consider changing to 'let' constant [#WeakMutability]
Build, sign, notarize, and verify	Run repository regression gate	2026-10-04T02:28:46.2141130Z     |                  `- warning: weak variable 'retainedClient' was never mutated; consider changing to 'let' constant [#WeakMutability]
Build, sign, notarize, and verify	Run repository regression gate	2026-10-04T02:28:46.2168320Z <release-source-root>/Tests/HostwrightCLITests/RuntimeProvidersCommandTests.swift:19:18: warning: weak variable 'retainedClient' was never mutated; consider changing to 'let' constant [#WeakMutability]
Build, sign, notarize, and verify	Run repository regression gate	2026-10-04T02:28:46.2169450Z     |                  `- warning: weak variable 'retainedClient' was never mutated; consider changing to 'let' constant [#WeakMutability]
Build, sign, notarize, and verify	Run repository regression gate	2026-10-04T02:28:46.2196970Z <release-source-root>/Tests/HostwrightCLITests/RuntimeProvidersCommandTests.swift:19:18: warning: weak variable 'retainedClient' was never mutated; consider changing to 'let' constant [#WeakMutability]
Build, sign, notarize, and verify	Run repository regression gate	2026-10-04T02:28:46.2198100Z     |                  `- warning: weak variable 'retainedClient' was never mutated; consider changing to 'let' constant [#WeakMutability]
Build, sign, notarize, and verify	Run repository regression gate	2026-10-04T02:28:46.2225890Z <release-source-root>/Tests/HostwrightCLITests/RuntimeProvidersCommandTests.swift:19:18: warning: weak variable 'retainedClient' was never mutated; consider changing to 'let' constant [#WeakMutability]
Build, sign, notarize, and verify	Run repository regression gate	2026-10-04T02:28:46.2227040Z     |                  `- warning: weak variable 'retainedClient' was never mutated; consider changing to 'let' constant [#WeakMutability]
Build, sign, notarize, and verify	Run repository regression gate	2026-10-04T02:28:57.5220830Z 	 Executed 6 tests, with 0 failures (0 unexpected) in 0.350 (0.351) seconds
Build, sign, notarize, and verify	Run repository regression gate	2026-10-04T02:28:57.5224300Z 	 Executed 2 tests, with 0 failures (0 unexpected) in 0.128 (0.128) seconds
Build, sign, notarize, and verify	Run repository regression gate	2026-10-04T02:28:57.5242870Z 	 Executed 6 tests, with 0 failures (0 unexpected) in 0.708 (0.709) seconds
Build, sign, notarize, and verify	Run repository regression gate	2026-10-04T02:28:57.5247650Z 	 Executed 3 tests, with 0 failures (0 unexpected) in 0.216 (0.216) seconds
Build, sign, notarize, and verify	Run repository regression gate	2026-10-04T02:28:57.5258630Z 	 Executed 9 tests, with 0 failures (0 unexpected) in 0.438 (0.438) seconds
Build, sign, notarize, and verify	Run repository regression gate	2026-10-04T02:28:57.5266230Z 	 Executed 6 tests, with 0 failures (0 unexpected) in 0.395 (0.396) seconds
Build, sign, notarize, and verify	Run repository regression gate	2026-10-04T02:28:57.5274070Z 	 Executed 5 tests, with 0 failures (0 unexpected) in 0.080 (0.081) seconds
Build, sign, notarize, and verify	Run repository regression gate	2026-10-04T02:28:57.5278630Z 	 Executed 3 tests, with 0 failures (0 unexpected) in 0.052 (0.053) seconds
Build, sign, notarize, and verify	Run repository regression gate	2026-10-04T02:28:57.9012890Z 	 Executed 10 tests, with 0 failures (0 unexpected) in 0.148 (0.149) seconds
Build, sign, notarize, and verify	Run repository regression gate	2026-10-04T02:28:57.9018730Z 	 Executed 3 tests, with 0 failures (0 unexpected) in 0.001 (0.001) seconds
Build, sign, notarize, and verify	Run repository regression gate	2026-10-04T02:28:57.9031220Z 	 Executed 9 tests, with 0 failures (0 unexpected) in 0.013 (0.013) seconds
Build, sign, notarize, and verify	Run repository regression gate	2026-10-04T02:28:57.9044140Z 	 Executed 10 tests, with 0 failures (0 unexpected) in 0.193 (0.194) seconds
Build, sign, notarize, and verify	Run repository regression gate	2026-10-04T02:28:57.9049630Z 	 Executed 4 tests, with 0 failures (0 unexpected) in 0.002 (0.002) seconds
Build, sign, notarize, and verify	Run repository regression gate	2026-10-04T02:28:57.9062340Z 	 Executed 2 tests, with 0 failures (0 unexpected) in 0.136 (0.136) seconds
Build, sign, notarize, and verify	Run repository regression gate	2026-10-04T02:28:57.9076500Z 	 Executed 12 tests, with 0 failures (0 unexpected) in 0.028 (0.029) seconds
Build, sign, notarize, and verify	Run repository regression gate	2026-10-04T02:29:01.4721380Z 	 Executed 11 tests, with 0 failures (0 unexpected) in 0.003 (0.003) seconds
Build, sign, notarize, and verify	Run repository regression gate	2026-10-04T02:29:01.4732090Z 	 Executed 6 tests, with 0 failures (0 unexpected) in 0.495 (0.496) seconds
Build, sign, notarize, and verify	Run repository regression gate	2026-10-04T02:29:01.4745280Z 	 Executed 8 tests, with 0 failures (0 unexpected) in 0.004 (0.005) seconds
Build, sign, notarize, and verify	Run repository regression gate	2026-10-04T02:29:01.4749530Z 	 Executed 3 tests, with 0 failures (0 unexpected) in 0.031 (0.031) seconds
Build, sign, notarize, and verify	Run repository regression gate	2026-10-04T02:29:01.4765070Z 	 Executed 10 tests, with 0 failures (0 unexpected) in 1.898 (1.899) seconds
Build, sign, notarize, and verify	Run repository regression gate	2026-10-04T02:29:01.4789520Z 	 Executed 17 tests, with 0 failures (0 unexpected) in 0.426 (0.428) seconds
Build, sign, notarize, and verify	Run repository regression gate	2026-10-04T02:29:01.4792210Z 	 Executed 1 test, with 0 failures (0 unexpected) in 0.700 (0.700) seconds
Build, sign, notarize, and verify	Run repository regression gate	2026-10-04T02:29:03.6578760Z 	 Executed 2 tests, with 0 failures (0 unexpected) in 0.012 (0.012) seconds
Build, sign, notarize, and verify	Run repository regression gate	2026-10-04T02:29:03.6593100Z 	 Executed 10 tests, with 0 failures (0 unexpected) in 0.019 (0.020) seconds
Build, sign, notarize, and verify	Run repository regression gate	2026-10-04T02:29:03.6597050Z 	 Executed 2 tests, with 0 failures (0 unexpected) in 0.005 (0.005) seconds
Build, sign, notarize, and verify	Run repository regression gate	2026-10-04T02:29:03.6601860Z 	 Executed 3 tests, with 0 failures (0 unexpected) in 0.001 (0.001) seconds
Build, sign, notarize, and verify	Run repository regression gate	2026-10-04T02:29:03.6614540Z 	 Executed 9 tests, with 0 failures (0 unexpected) in 0.374 (0.375) seconds
Build, sign, notarize, and verify	Run repository regression gate	2026-10-04T02:29:03.6635710Z 	 Executed 17 tests, with 0 failures (0 unexpected) in 1.161 (1.162) seconds
Build, sign, notarize, and verify	Run repository regression gate	2026-10-04T02:29:03.6642060Z 	 Executed 5 tests, with 0 failures (0 unexpected) in 0.367 (0.367) seconds
Build, sign, notarize, and verify	Run repository regression gate	2026-10-04T02:29:03.6645790Z 	 Executed 2 tests, with 0 failures (0 unexpected) in 0.222 (0.222) seconds
Build, sign, notarize, and verify	Run repository regression gate	2026-10-04T02:29:03.8661870Z 	 Executed 39 tests, with 0 failures (0 unexpected) in 0.200 (0.203) seconds
Build, sign, notarize, and verify	Run repository regression gate	2026-10-04T02:29:04.8340140Z 	 Executed 12 tests, with 0 failures (0 unexpected) in 0.031 (0.032) seconds
Build, sign, notarize, and verify	Run repository regression gate	2026-10-04T02:29:04.8347100Z 	 Executed 4 tests, with 0 failures (0 unexpected) in 0.002 (0.002) seconds
Build, sign, notarize, and verify	Run repository regression gate	2026-10-04T02:29:04.8355510Z 	 Executed 5 tests, with 0 failures (0 unexpected) in 0.008 (0.008) seconds
Build, sign, notarize, and verify	Run repository regression gate	2026-10-04T02:29:04.8375370Z 	 Executed 13 tests, with 0 failures (0 unexpected) in 0.082 (0.083) seconds
Build, sign, notarize, and verify	Run repository regression gate	2026-10-04T02:29:06.1836200Z 	 Executed 33 tests, with 0 failures (0 unexpected) in 0.990 (0.993) seconds
Build, sign, notarize, and verify	Run repository regression gate	2026-10-04T02:29:06.1843000Z 	 Executed 4 tests, with 0 failures (0 unexpected) in 0.005 (0.005) seconds
Build, sign, notarize, and verify	Run repository regression gate	2026-10-04T02:29:06.1858390Z 	 Executed 12 tests, with 0 failures (0 unexpected) in 0.087 (0.088) seconds
Build, sign, notarize, and verify	Run repository regression gate	2026-10-04T02:29:06.1874140Z 	 Executed 12 tests, with 0 failures (0 unexpected) in 0.437 (0.440) seconds
Build, sign, notarize, and verify	Run repository regression gate	2026-10-04T02:29:06.1878280Z 	 Executed 2 tests, with 0 failures (0 unexpected) in 0.012 (0.012) seconds
Build, sign, notarize, and verify	Run repository regression gate	2026-10-04T02:29:06.1893990Z 	 Executed 9 tests, with 0 failures (0 unexpected) in 0.627 (0.628) seconds
Build, sign, notarize, and verify	Run repository regression gate	2026-10-04T02:29:06.1898990Z 	 Executed 4 tests, with 0 failures (0 unexpected) in 0.002 (0.002) seconds
Build, sign, notarize, and verify	Run repository regression gate	2026-10-04T02:29:09.5336960Z 	 Executed 8 tests, with 0 failures (0 unexpected) in 0.119 (0.120) seconds
Build, sign, notarize, and verify	Run repository regression gate	2026-10-04T02:29:09.5347720Z 	 Executed 9 tests, with 0 failures (0 unexpected) in 0.418 (0.419) seconds
Build, sign, notarize, and verify	Run repository regression gate	2026-10-04T02:29:09.5352090Z 	 Executed 3 tests, with 0 failures (0 unexpected) in 0.220 (0.220) seconds
Build, sign, notarize, and verify	Run repository regression gate	2026-10-04T02:29:09.5365290Z 	 Executed 11 tests, with 0 failures (0 unexpected) in 0.735 (0.736) seconds
Build, sign, notarize, and verify	Run repository regression gate	2026-10-04T02:29:09.5368630Z 	 Executed 2 tests, with 0 failures (0 unexpected) in 0.104 (0.104) seconds
Build, sign, notarize, and verify	Run repository regression gate	2026-10-04T02:29:09.5377760Z 	 Executed 7 tests, with 0 failures (0 unexpected) in 1.679 (1.680) seconds
Build, sign, notarize, and verify	Run repository regression gate	2026-10-04T02:29:09.5382610Z 	 Executed 4 tests, with 0 failures (0 unexpected) in 0.127 (0.128) seconds
Build, sign, notarize, and verify	Run repository regression gate	2026-10-04T02:29:10.2368920Z 	 Executed 21 tests, with 0 failures (0 unexpected) in 0.005 (0.006) seconds
Build, sign, notarize, and verify	Run repository regression gate	2026-10-04T02:29:10.2388080Z 	 Executed 18 tests, with 0 failures (0 unexpected) in 0.015 (0.017) seconds
Build, sign, notarize, and verify	Run repository regression gate	2026-10-04T02:29:10.2394080Z 	 Executed 4 tests, with 0 failures (0 unexpected) in 0.002 (0.002) seconds
Build, sign, notarize, and verify	Run repository regression gate	2026-10-04T02:29:10.2398870Z 	 Executed 4 tests, with 0 failures (0 unexpected) in 0.003 (0.003) seconds
Build, sign, notarize, and verify	Run repository regression gate	2026-10-04T02:29:10.2401410Z 	 Executed 2 tests, with 0 failures (0 unexpected) in 0.001 (0.001) seconds
Build, sign, notarize, and verify	Run repository regression gate	2026-10-04T02:29:10.2403870Z 	 Executed 2 tests, with 0 failures (0 unexpected) in 0.002 (0.002) seconds
Build, sign, notarize, and verify	Run repository regression gate	2026-10-04T02:29:10.2406900Z 	 Executed 2 tests, with 0 failures (0 unexpected) in 0.001 (0.001) seconds
Build, sign, notarize, and verify	Run repository regression gate	2026-10-04T02:29:10.6499420Z 	 Executed 15 tests, with 0 failures (0 unexpected) in 1.040 (1.041) seconds
Build, sign, notarize, and verify	Run repository regression gate	2026-10-04T02:29:10.6522710Z 	 Executed 16 tests, with 0 failures (0 unexpected) in 0.016 (0.017) seconds
Build, sign, notarize, and verify	Run repository regression gate	2026-10-04T02:29:10.6535120Z 	 Executed 9 tests, with 0 failures (0 unexpected) in 0.003 (0.004) seconds
Build, sign, notarize, and verify	Run repository regression gate	2026-10-04T02:29:10.6540480Z 	 Executed 5 tests, with 0 failures (0 unexpected) in 0.011 (0.011) seconds
Build, sign, notarize, and verify	Run repository regression gate	2026-10-04T02:29:10.6547010Z 	 Executed 6 tests, with 0 failures (0 unexpected) in 0.006 (0.006) seconds
Build, sign, notarize, and verify	Run repository regression gate	2026-10-04T02:29:10.6556550Z 	 Executed 8 tests, with 0 failures (0 unexpected) in 0.006 (0.007) seconds
Build, sign, notarize, and verify	Run repository regression gate	2026-10-04T02:29:10.6561370Z 	 Executed 3 tests, with 0 failures (0 unexpected) in 0.001 (0.001) seconds
Build, sign, notarize, and verify	Run repository regression gate	2026-10-04T02:29:13.8529990Z 	 Executed 9 tests, with 0 failures (0 unexpected) in 0.006 (0.007) seconds
Build, sign, notarize, and verify	Run repository regression gate	2026-10-04T02:29:13.8531860Z 	 Executed 1 test, with 0 failures (0 unexpected) in 0.006 (0.007) seconds
Build, sign, notarize, and verify	Run repository regression gate	2026-10-04T02:29:13.8535500Z 	 Executed 3 tests, with 0 failures (0 unexpected) in 0.001 (0.002) seconds
Build, sign, notarize, and verify	Run repository regression gate	2026-10-04T02:29:13.8540330Z 	 Executed 4 tests, with 0 failures (0 unexpected) in 0.001 (0.001) seconds
Build, sign, notarize, and verify	Run repository regression gate	2026-10-04T02:29:13.8543450Z 	 Executed 2 tests, with 0 failures (0 unexpected) in 0.001 (0.001) seconds
Build, sign, notarize, and verify	Run repository regression gate	2026-10-04T02:29:13.8549810Z 	 Executed 5 tests, with 0 failures (0 unexpected) in 0.117 (0.117) seconds
Build, sign, notarize, and verify	Run repository regression gate	2026-10-04T02:29:13.8557640Z 	 Executed 5 tests, with 0 failures (0 unexpected) in 0.718 (0.718) seconds
Build, sign, notarize, and verify	Run repository regression gate	2026-10-04T02:29:13.8578120Z 	 Executed 16 tests, with 0 failures (0 unexpected) in 2.348 (2.350) seconds
Build, sign, notarize, and verify	Run repository regression gate	2026-10-04T02:29:26.6127670Z 	 Executed 7 tests, with 0 failures (0 unexpected) in 0.003 (0.004) seconds
Build, sign, notarize, and verify	Run repository regression gate	2026-10-04T02:29:26.6169080Z 	 Executed 33 tests, with 0 failures (0 unexpected) in 0.558 (0.561) seconds
Build, sign, notarize, and verify	Run repository regression gate	2026-10-04T02:29:26.6193680Z 	 Executed 17 tests, with 0 failures (0 unexpected) in 12.059 (12.061) seconds
Build, sign, notarize, and verify	Run repository regression gate	2026-10-04T02:29:29.0761590Z 	 Executed 3 tests, with 0 failures (0 unexpected) in 0.204 (0.205) seconds
Build, sign, notarize, and verify	Run repository regression gate	2026-10-04T02:29:29.0768300Z 	 Executed 4 tests, with 0 failures (0 unexpected) in 0.003 (0.003) seconds
Build, sign, notarize, and verify	Run repository regression gate	2026-10-04T02:29:29.0777740Z 	 Executed 5 tests, with 0 failures (0 unexpected) in 0.005 (0.006) seconds
Build, sign, notarize, and verify	Run repository regression gate	2026-10-04T02:29:29.0789430Z 	 Executed 7 tests, with 0 failures (0 unexpected) in 0.034 (0.034) seconds
Build, sign, notarize, and verify	Run repository regression gate	2026-10-04T02:29:29.0791850Z 	 Executed 1 test, with 0 failures (0 unexpected) in 2.238 (2.238) seconds
Build, sign, notarize, and verify	Run repository regression gate	2026-10-04T02:33:42.1734340Z 	 Executed 38 tests, with 0 failures (0 unexpected) in 0.140 (0.143) seconds
Build, sign, notarize, and verify	Run repository regression gate	2026-10-04T02:33:42.1753850Z 	 Executed 9 tests, with 0 failures (0 unexpected) in 0.034 (0.035) seconds
Build, sign, notarize, and verify	Run repository regression gate	2026-10-04T02:33:42.1769060Z 	 Executed 8 tests, with 0 failures (0 unexpected) in 0.013 (0.013) seconds
Build, sign, notarize, and verify	Run repository regression gate	2026-10-04T03:21:02.5911650Z 	 Executed 38 tests, with 0 failures (0 unexpected) in 304.915 (304.919) seconds
Build, sign, notarize, and verify	Run repository regression gate	2026-10-04T03:21:02.5931090Z 	 Executed 15 tests, with 0 failures (0 unexpected) in 2788.489 (2788.491) seconds
Build, sign, notarize, and verify	Run repository regression gate	2026-10-04T03:21:02.5936090Z 	 Executed 3 tests, with 0 failures (0 unexpected) in 0.008 (0.009) seconds
Build, sign, notarize, and verify	Run repository regression gate	2026-10-04T03:21:02.5953440Z 	 Executed 14 tests, with 0 failures (0 unexpected) in 0.011 (0.012) seconds
Build, sign, notarize, and verify	Run repository regression gate	2026-10-04T03:21:04.6002110Z 	 Executed 9 tests, with 0 failures (0 unexpected) in 0.004 (0.005) seconds
Build, sign, notarize, and verify	Run repository regression gate	2026-10-04T03:21:04.6010310Z 	 Executed 5 tests, with 0 failures (0 unexpected) in 0.335 (0.335) seconds
Build, sign, notarize, and verify	Run repository regression gate	2026-10-04T03:21:04.6015050Z 	 Executed 3 tests, with 0 failures (0 unexpected) in 0.107 (0.108) seconds
Build, sign, notarize, and verify	Run repository regression gate	2026-10-04T03:21:04.6019440Z 	 Executed 3 tests, with 0 failures (0 unexpected) in 0.184 (0.184) seconds
Build, sign, notarize, and verify	Run repository regression gate	2026-10-04T03:21:04.6034130Z 	 Executed 14 tests, with 0 failures (0 unexpected) in 0.964 (0.965) seconds
Build, sign, notarize, and verify	Run repository regression gate	2026-10-04T03:21:04.6043390Z 	 Executed 6 tests, with 0 failures (0 unexpected) in 0.296 (0.297) seconds
Build, sign, notarize, and verify	Run repository regression gate	2026-10-04T03:21:04.6058760Z 	 Executed 3 tests, with 0 failures (0 unexpected) in 0.001 (0.002) seconds
Build, sign, notarize, and verify	Run repository regression gate	2026-10-04T03:21:04.6067700Z 	 Executed 7 tests, with 0 failures (0 unexpected) in 0.004 (0.004) seconds
Build, sign, notarize, and verify	Run repository regression gate	2026-10-04T03:21:04.6070940Z 	 Executed 2 tests, with 0 failures (0 unexpected) in 0.029 (0.030) seconds
Build, sign, notarize, and verify	Run repository regression gate	2026-10-04T03:21:04.6076210Z 	 Executed 4 tests, with 0 failures (0 unexpected) in 0.003 (0.003) seconds
Build, sign, notarize, and verify	Run repository regression gate	2026-10-04T03:21:04.6078340Z 	 Executed 1 test, with 0 failures (0 unexpected) in 0.079 (0.079) seconds
Build, sign, notarize, and verify	Run repository regression gate	2026-10-04T03:21:06.7003080Z 	 Executed 5 tests, with 0 failures (0 unexpected) in 0.005 (0.006) seconds
Build, sign, notarize, and verify	Run repository regression gate	2026-10-04T03:21:06.7009470Z 	 Executed 4 tests, with 0 failures (0 unexpected) in 0.011 (0.011) seconds
Build, sign, notarize, and verify	Run repository regression gate	2026-10-04T03:21:06.7014500Z 	 Executed 4 tests, with 0 failures (0 unexpected) in 0.003 (0.003) seconds
Build, sign, notarize, and verify	Run repository regression gate	2026-10-04T03:21:06.7032180Z 	 Executed 16 tests, with 0 failures (0 unexpected) in 0.004 (0.005) seconds
Build, sign, notarize, and verify	Run repository regression gate	2026-10-04T03:21:06.7045520Z 	 Executed 5 tests, with 0 failures (0 unexpected) in 0.001 (0.001) seconds
Build, sign, notarize, and verify	Run repository regression gate	2026-10-04T03:21:21.6649110Z 	 Executed 95 tests, with 0 failures (0 unexpected) in 6.172 (6.181) seconds
Build, sign, notarize, and verify	Run repository regression gate	2026-10-04T03:21:21.6659550Z 	 Executed 7 tests, with 0 failures (0 unexpected) in 0.135 (0.136) seconds
Build, sign, notarize, and verify	Run repository regression gate	2026-10-04T03:21:21.6662050Z 	 Executed 2 tests, with 0 failures (0 unexpected) in 0.001 (0.001) seconds
Build, sign, notarize, and verify	Run repository regression gate	2026-10-04T03:21:21.6680690Z 	 Executed 15 tests, with 0 failures (0 unexpected) in 5.974 (5.977) seconds
Build, sign, notarize, and verify	Run repository regression gate	2026-10-04T03:21:26.6863650Z 	 Executed 40 tests, with 0 failures (0 unexpected) in 9.715 (9.719) seconds
Build, sign, notarize, and verify	Run repository regression gate	2026-10-04T03:21:26.6877300Z 	 Executed 12 tests, with 0 failures (0 unexpected) in 0.007 (0.008) seconds
Build, sign, notarize, and verify	Run repository regression gate	2026-10-04T03:21:26.6900310Z 	 Executed 22 tests, with 0 failures (0 unexpected) in 0.015 (0.016) seconds
Build, sign, notarize, and verify	Run repository regression gate	2026-10-04T03:21:26.8226680Z 	 Executed 40 tests, with 0 failures (0 unexpected) in 0.110 (0.113) seconds
Build, sign, notarize, and verify	Run repository regression gate	2026-10-04T03:21:26.8236400Z 	 Executed 9 tests, with 0 failures (0 unexpected) in 0.002 (0.003) seconds
Build, sign, notarize, and verify	Run repository regression gate	2026-10-04T03:21:26.8251270Z 	 Executed 13 tests, with 0 failures (0 unexpected) in 0.040 (0.041) seconds
Build, sign, notarize, and verify	Run repository regression gate	2026-10-04T03:21:32.9203720Z 	 Executed 12 tests, with 0 failures (0 unexpected) in 0.002 (0.003) seconds
Build, sign, notarize, and verify	Run repository regression gate	2026-10-04T03:21:32.9239220Z 	 Executed 33 tests, with 0 failures (0 unexpected) in 5.962 (5.964) seconds
Build, sign, notarize, and verify	Run repository regression gate	2026-10-04T03:21:35.1510210Z 	 Executed 72 tests, with 0 failures (0 unexpected) in 2.170 (2.177) seconds
Build, sign, notarize, and verify	Run repository regression gate	2026-10-04T03:21:39.4991510Z 	 Executed 8 tests, with 0 failures (0 unexpected) in 1.040 (1.041) seconds
Build, sign, notarize, and verify	Run repository regression gate	2026-10-04T03:21:39.5000120Z 	 Executed 8 tests, with 0 failures (0 unexpected) in 0.004 (0.005) seconds
Build, sign, notarize, and verify	Run repository regression gate	2026-10-04T03:21:39.5009280Z 	 Executed 8 tests, with 0 failures (0 unexpected) in 1.105 (1.106) seconds
Build, sign, notarize, and verify	Run repository regression gate	2026-10-04T03:21:42.0032370Z 	 Executed 39 tests, with 0 failures (0 unexpected) in 2.483 (2.487) seconds
Build, sign, notarize, and verify	Run repository regression gate	2026-10-04T03:21:42.0034760Z 	 Executed 1 test, with 0 failures (0 unexpected) in 0.001 (0.001) seconds
Build, sign, notarize, and verify	Run repository regression gate	2026-10-04T03:21:42.0036790Z 	 Executed 1 test, with 0 failures (0 unexpected) in 0.000 (0.000) seconds
Build, sign, notarize, and verify	Run repository regression gate	2026-10-04T03:21:42.0043050Z 	 Executed 4 tests, with 0 failures (0 unexpected) in 0.002 (0.002) seconds
Build, sign, notarize, and verify	Run repository regression gate	2026-10-04T03:21:42.0053760Z 	 Executed 8 tests, with 0 failures (0 unexpected) in 0.004 (0.004) seconds
Build, sign, notarize, and verify	Run repository regression gate	2026-10-04T03:21:42.0060750Z 	 Executed 5 tests, with 0 failures (0 unexpected) in 0.022 (0.022) seconds
Build, sign, notarize, and verify	Run repository regression gate	2026-10-04T03:21:42.0072810Z 	 Executed 11 tests, with 0 failures (0 unexpected) in 1.817 (1.818) seconds
Build, sign, notarize, and verify	Run repository regression gate	2026-10-04T03:21:42.0078370Z 	 Executed 5 tests, with 0 failures (0 unexpected) in 0.013 (0.013) seconds
Build, sign, notarize, and verify	Run repository regression gate	2026-10-04T03:21:42.0084550Z 	 Executed 6 tests, with 0 failures (0 unexpected) in 0.002 (0.002) seconds
Build, sign, notarize, and verify	Run repository regression gate	2026-10-04T03:21:42.0089330Z 	 Executed 4 tests, with 0 failures (0 unexpected) in 0.215 (0.216) seconds
Build, sign, notarize, and verify	Run repository regression gate	2026-10-04T03:21:44.4116160Z 	 Executed 15 tests, with 0 failures (0 unexpected) in 1.394 (1.396) seconds
Build, sign, notarize, and verify	Run repository regression gate	2026-10-04T03:21:44.4131370Z 	 Executed 10 tests, with 0 failures (0 unexpected) in 0.485 (0.486) seconds
Build, sign, notarize, and verify	Run repository regression gate	2026-10-04T03:21:44.4135910Z 	 Executed 4 tests, with 0 failures (0 unexpected) in 0.343 (0.344) seconds
Build, sign, notarize, and verify	Run repository regression gate	2026-10-04T03:21:44.4142710Z 	 Executed 6 tests, with 0 failures (0 unexpected) in 0.040 (0.040) seconds
Build, sign, notarize, and verify	Run repository regression gate	2026-10-04T03:21:44.4145470Z 	 Executed 2 tests, with 0 failures (0 unexpected) in 0.002 (0.002) seconds
Build, sign, notarize, and verify	Run repository regression gate	2026-10-04T03:21:44.4147960Z 	 Executed 2 tests, with 0 failures (0 unexpected) in 0.001 (0.001) seconds
Build, sign, notarize, and verify	Run repository regression gate	2026-10-04T03:21:44.4151450Z 	 Executed 3 tests, with 0 failures (0 unexpected) in 0.202 (0.203) seconds
Build, sign, notarize, and verify	Run repository regression gate	2026-10-04T03:21:44.4155690Z 	 Executed 4 tests, with 0 failures (0 unexpected) in 0.002 (0.002) seconds
Build, sign, notarize, and verify	Run repository regression gate	2026-10-04T03:21:44.4160060Z 	 Executed 4 tests, with 0 failures (0 unexpected) in 0.244 (0.245) seconds
Build, sign, notarize, and verify	Run repository regression gate	2026-10-04T03:21:44.4167190Z 	 Executed 6 tests, with 0 failures (0 unexpected) in 0.009 (0.010) seconds
Build, sign, notarize, and verify	Run repository regression gate	2026-10-04T03:21:47.2425310Z 	 Executed 2 tests, with 0 failures (0 unexpected) in 0.005 (0.005) seconds
Build, sign, notarize, and verify	Run repository regression gate	2026-10-04T03:21:47.2431520Z 	 Executed 5 tests, with 0 failures (0 unexpected) in 0.005 (0.006) seconds
Build, sign, notarize, and verify	Run repository regression gate	2026-10-04T03:21:47.2437310Z 	 Executed 5 tests, with 0 failures (0 unexpected) in 0.004 (0.004) seconds
Build, sign, notarize, and verify	Run repository regression gate	2026-10-04T03:21:47.2445710Z 	 Executed 6 tests, with 0 failures (0 unexpected) in 0.471 (0.472) seconds
Build, sign, notarize, and verify	Run repository regression gate	2026-10-04T03:21:47.2460640Z 	 Executed 13 tests, with 0 failures (0 unexpected) in 0.246 (0.247) seconds
Build, sign, notarize, and verify	Run repository regression gate	2026-10-04T03:21:47.2462090Z <release-source-root>/Tests/HostwrightRuntimeTests/LifecycleGate05LiveTests.swift:9: -[HostwrightRuntimeTests.LifecycleGate05LiveTests testAppleCLIConfirmedCreateAndDeleteThroughSecureBoundary] : Test skipped - Set HOSTWRIGHT_PHASE04_LIVE=1 on the explicit Phase 04 live cell.
Build, sign, notarize, and verify	Run repository regression gate	2026-10-04T03:21:47.2462960Z Test Case '-[HostwrightRuntimeTests.LifecycleGate05LiveTests testAppleCLIConfirmedCreateAndDeleteThroughSecureBoundary]' skipped (0.003 seconds).
Build, sign, notarize, and verify	Run repository regression gate	2026-10-04T03:21:47.2463610Z 	 Executed 1 test, with 1 test skipped and 0 failures (0 unexpected) in 0.003 (0.003) seconds
Build, sign, notarize, and verify	Run repository regression gate	2026-10-04T03:21:47.2466360Z 	 Executed 2 tests, with 0 failures (0 unexpected) in 0.001 (0.001) seconds
Build, sign, notarize, and verify	Run repository regression gate	2026-10-04T03:21:47.2471590Z 	 Executed 4 tests, with 0 failures (0 unexpected) in 0.253 (0.253) seconds
Build, sign, notarize, and verify	Run repository regression gate	2026-10-04T03:21:47.2475490Z 	 Executed 3 tests, with 0 failures (0 unexpected) in 0.257 (0.257) seconds
Build, sign, notarize, and verify	Run repository regression gate	2026-10-04T03:21:47.2480350Z 	 Executed 4 tests, with 0 failures (0 unexpected) in 0.249 (0.250) seconds
Build, sign, notarize, and verify	Run repository regression gate	2026-10-04T03:21:47.2485810Z 	 Executed 4 tests, with 0 failures (0 unexpected) in 0.281 (0.281) seconds
Build, sign, notarize, and verify	Run repository regression gate	2026-10-04T03:22:24.2573660Z 	 Executed 55 tests, with 0 failures (0 unexpected) in 38.057 (38.062) seconds
Build, sign, notarize, and verify	Run repository regression gate	2026-10-04T03:22:32.1244650Z 	 Executed 3 tests, with 0 failures (0 unexpected) in 0.002 (0.002) seconds
Build, sign, notarize, and verify	Run repository regression gate	2026-10-04T03:22:32.1252170Z 	 Executed 7 tests, with 0 failures (0 unexpected) in 0.004 (0.004) seconds
Build, sign, notarize, and verify	Run repository regression gate	2026-10-04T03:22:32.1257870Z 	 Executed 4 tests, with 0 failures (0 unexpected) in 0.596 (0.596) seconds
Build, sign, notarize, and verify	Run repository regression gate	2026-10-04T03:22:32.1269280Z 	 Executed 11 tests, with 0 failures (0 unexpected) in 0.010 (0.011) seconds
Build, sign, notarize, and verify	Run repository regression gate	2026-10-04T03:22:32.1298180Z 	 Executed 25 tests, with 0 failures (0 unexpected) in 4.559 (4.561) seconds
Build, sign, notarize, and verify	Run repository regression gate	2026-10-04T03:22:32.1300130Z 	 Executed 1 test, with 0 failures (0 unexpected) in 2.576 (2.577) seconds
Build, sign, notarize, and verify	Run repository regression gate	2026-10-04T03:22:37.7244840Z 	 Executed 12 tests, with 0 failures (0 unexpected) in 0.409 (0.410) seconds
Build, sign, notarize, and verify	Run repository regression gate	2026-10-04T03:22:37.7267520Z 	 Executed 20 tests, with 0 failures (0 unexpected) in 3.340 (3.342) seconds
Build, sign, notarize, and verify	Run repository regression gate	2026-10-04T03:22:37.7272910Z 	 Executed 4 tests, with 0 failures (0 unexpected) in 0.003 (0.004) seconds
Build, sign, notarize, and verify	Run repository regression gate	2026-10-04T03:22:37.7277340Z 	 Executed 3 tests, with 0 failures (0 unexpected) in 1.593 (1.593) seconds
Build, sign, notarize, and verify	Run repository regression gate	2026-10-04T03:22:37.7291900Z 	 Executed 12 tests, with 0 failures (0 unexpected) in 0.361 (0.363) seconds
Build, sign, notarize, and verify	Run repository regression gate	2026-10-04T03:22:45.0597190Z 	 Executed 12 tests, with 0 failures (0 unexpected) in 0.025 (0.026) seconds
Build, sign, notarize, and verify	Run repository regression gate	2026-10-04T03:22:45.0603270Z 	 Executed 5 tests, with 0 failures (0 unexpected) in 0.332 (0.332) seconds
Build, sign, notarize, and verify	Run repository regression gate	2026-10-04T03:22:45.0606430Z 	 Executed 2 tests, with 0 failures (0 unexpected) in 0.001 (0.001) seconds
Build, sign, notarize, and verify	Run repository regression gate	2026-10-04T03:22:45.0611380Z 	 Executed 5 tests, with 0 failures (0 unexpected) in 0.003 (0.003) seconds
Build, sign, notarize, and verify	Run repository regression gate	2026-10-04T03:22:45.0615520Z 	 Executed 3 tests, with 0 failures (0 unexpected) in 6.393 (6.393) seconds
Build, sign, notarize, and verify	Run repository regression gate	2026-10-04T03:22:45.0617520Z 	 Executed 1 test, with 0 failures (0 unexpected) in 0.096 (0.096) seconds
Build, sign, notarize, and verify	Run repository regression gate	2026-10-04T03:22:45.0631990Z 	 Executed 12 tests, with 0 failures (0 unexpected) in 0.149 (0.150) seconds
Build, sign, notarize, and verify	Run repository regression gate	2026-10-04T03:22:45.0642080Z 	 Executed 8 tests, with 0 failures (0 unexpected) in 0.043 (0.044) seconds
Build, sign, notarize, and verify	Run repository regression gate	2026-10-04T03:22:45.0645380Z 	 Executed 3 tests, with 0 failures (0 unexpected) in 0.066 (0.066) seconds
Build, sign, notarize, and verify	Run repository regression gate	2026-10-04T03:22:45.0650910Z 	 Executed 4 tests, with 0 failures (0 unexpected) in 0.234 (0.234) seconds
Build, sign, notarize, and verify	Run repository regression gate	2026-10-04T03:22:45.1865290Z 	 Executed 2 tests, with 0 failures (0 unexpected) in 0.006 (0.006) seconds
Build, sign, notarize, and verify	Run repository regression gate	2026-10-04T03:22:45.1870440Z 	 Executed 4 tests, with 0 failures (0 unexpected) in 0.007 (0.007) seconds
Build, sign, notarize, and verify	Run repository regression gate	2026-10-04T03:22:45.1885560Z 	 Executed 14 tests, with 0 failures (0 unexpected) in 0.098 (0.099) seconds
Build, sign, notarize, and verify	Run repository regression gate	2026-10-04T03:22:45.1900490Z 	 Executed 13 tests, with 0 failures (0 unexpected) in 0.005 (0.006) seconds
Build, sign, notarize, and verify	Run repository regression gate	2026-10-04T03:22:45.1912670Z 	 Executed 10 tests, with 0 failures (0 unexpected) in 0.005 (0.006) seconds
Build, sign, notarize, and verify	Run repository regression gate	2026-10-04T03:22:46.2554670Z 	 Executed 19 tests, with 0 failures (0 unexpected) in 0.005 (0.006) seconds
Build, sign, notarize, and verify	Run repository regression gate	2026-10-04T03:22:46.2590020Z 	 Executed 26 tests, with 0 failures (0 unexpected) in 0.373 (0.375) seconds
Build, sign, notarize, and verify	Run repository regression gate	2026-10-04T03:22:46.2596550Z 	 Executed 5 tests, with 0 failures (0 unexpected) in 0.001 (0.001) seconds
Build, sign, notarize, and verify	Run repository regression gate	2026-10-04T03:22:46.2604280Z 	 Executed 7 tests, with 0 failures (0 unexpected) in 0.684 (0.684) seconds
Build, sign, notarize, and verify	Run repository regression gate	2026-10-04T03:22:46.2608290Z 	 Executed 3 tests, with 0 failures (0 unexpected) in 0.001 (0.001) seconds
Build, sign, notarize, and verify	Run repository regression gate	2026-10-04T03:23:02.1877440Z 	 Executed 30 tests, with 0 failures (0 unexpected) in 0.020 (0.022) seconds
Build, sign, notarize, and verify	Run repository regression gate	2026-10-04T03:23:10.6402480Z 	 Executed 39 tests, with 0 failures (0 unexpected) in 18.193 (18.198) seconds
Build, sign, notarize, and verify	Run repository regression gate	2026-10-04T03:23:10.6456850Z 	 Executed 23 tests, with 0 failures (0 unexpected) in 0.011 (0.013) seconds
Build, sign, notarize, and verify	Run repository regression gate	2026-10-04T03:23:10.6468790Z 	 Executed 5 tests, with 0 failures (0 unexpected) in 0.818 (0.819) seconds
Build, sign, notarize, and verify	Run repository regression gate	2026-10-04T03:23:10.6482330Z 	 Executed 6 tests, with 0 failures (0 unexpected) in 1.421 (1.422) seconds
Build, sign, notarize, and verify	Run repository regression gate	2026-10-04T03:23:35.9459680Z 	 Executed 25 tests, with 0 failures (0 unexpected) in 25.235 (25.244) seconds
Build, sign, notarize, and verify	Run repository regression gate	2026-10-04T03:23:35.9464090Z 	 Executed 2 tests, with 0 failures (0 unexpected) in 0.001 (0.001) seconds
Build, sign, notarize, and verify	Run repository regression gate	2026-10-04T03:23:35.9475020Z 	 Executed 6 tests, with 0 failures (0 unexpected) in 3.309 (3.310) seconds
Build, sign, notarize, and verify	Run repository regression gate	2026-10-04T03:23:35.9496360Z 	 Executed 12 tests, with 0 failures (0 unexpected) in 0.144 (0.145) seconds
Build, sign, notarize, and verify	Run repository regression gate	2026-10-04T03:23:40.6137710Z 	 Executed 46 tests, with 0 failures (0 unexpected) in 3.080 (3.085) seconds
Build, sign, notarize, and verify	Run repository regression gate	2026-10-04T03:23:40.6150280Z 	 Executed 11 tests, with 0 failures (0 unexpected) in 1.158 (1.159) seconds
Build, sign, notarize, and verify	Run repository regression gate	2026-10-04T03:23:40.6157800Z 	 Executed 7 tests, with 0 failures (0 unexpected) in 0.004 (0.005) seconds
Build, sign, notarize, and verify	Run repository regression gate	2026-10-04T03:23:42.5135070Z 	 Executed 12 tests, with 0 failures (0 unexpected) in 1.234 (1.235) seconds
Build, sign, notarize, and verify	Run repository regression gate	2026-10-04T03:23:42.5141300Z 	 Executed 5 tests, with 0 failures (0 unexpected) in 0.329 (0.329) seconds
Build, sign, notarize, and verify	Run repository regression gate	2026-10-04T03:23:42.5159520Z 	 Executed 5 tests, with 0 failures (0 unexpected) in 0.001 (0.002) seconds
Build, sign, notarize, and verify	Run repository regression gate	2026-10-04T03:23:42.5168230Z 	 Executed 8 tests, with 0 failures (0 unexpected) in 0.005 (0.005) seconds
Build, sign, notarize, and verify	Run repository regression gate	2026-10-04T03:23:42.5184680Z 	 Executed 11 tests, with 0 failures (0 unexpected) in 1.160 (1.162) seconds
Build, sign, notarize, and verify	Run repository regression gate	2026-10-04T03:23:42.5189750Z 	 Executed 4 tests, with 0 failures (0 unexpected) in 0.077 (0.078) seconds
Build, sign, notarize, and verify	Run repository regression gate	2026-10-04T03:23:42.5198420Z 	 Executed 8 tests, with 0 failures (0 unexpected) in 0.003 (0.003) seconds
Build, sign, notarize, and verify	Run repository regression gate	2026-10-04T03:23:42.5202800Z 	 Executed 4 tests, with 0 failures (0 unexpected) in 0.022 (0.022) seconds
Build, sign, notarize, and verify	Run repository regression gate	2026-10-04T03:23:45.0668080Z 	 Executed 7 tests, with 0 failures (0 unexpected) in 0.003 (0.004) seconds
Build, sign, notarize, and verify	Run repository regression gate	2026-10-04T03:23:45.0675300Z 	 Executed 6 tests, with 0 failures (0 unexpected) in 0.004 (0.004) seconds
Build, sign, notarize, and verify	Run repository regression gate	2026-10-04T03:23:45.0681630Z 	 Executed 5 tests, with 0 failures (0 unexpected) in 0.003 (0.003) seconds
Build, sign, notarize, and verify	Run repository regression gate	2026-10-04T03:23:45.0688240Z 	 Executed 6 tests, with 0 failures (0 unexpected) in 0.417 (0.418) seconds
Build, sign, notarize, and verify	Run repository regression gate	2026-10-04T03:23:45.0693560Z 	 Executed 4 tests, with 0 failures (0 unexpected) in 0.011 (0.011) seconds
Build, sign, notarize, and verify	Run repository regression gate	2026-10-04T03:23:45.0697450Z 	 Executed 3 tests, with 0 failures (0 unexpected) in 0.184 (0.184) seconds
Build, sign, notarize, and verify	Run repository regression gate	2026-10-04T03:23:45.0699900Z 	 Executed 2 tests, with 0 failures (0 unexpected) in 0.078 (0.078) seconds
Build, sign, notarize, and verify	Run repository regression gate	2026-10-04T03:23:45.0709920Z 	 Executed 6 tests, with 0 failures (0 unexpected) in 0.541 (0.542) seconds
Build, sign, notarize, and verify	Run repository regression gate	2026-10-04T03:23:45.0720490Z 	 Executed 7 tests, with 0 failures (0 unexpected) in 0.879 (0.880) seconds
Build, sign, notarize, and verify	Run repository regression gate	2026-10-04T03:23:45.0728700Z 	 Executed 7 tests, with 0 failures (0 unexpected) in 0.431 (0.432) seconds
Build, sign, notarize, and verify	Run repository regression gate	2026-10-04T03:24:07.9938790Z 	 Executed 17 tests, with 0 failures (0 unexpected) in 1.335 (1.336) seconds
Build, sign, notarize, and verify	Run repository regression gate	2026-10-04T03:24:13.1612440Z 	 Executed 34 tests, with 0 failures (0 unexpected) in 21.844 (21.849) seconds
Build, sign, notarize, and verify	Run repository regression gate	2026-10-04T03:24:13.1616380Z 	 Executed 3 tests, with 0 failures (0 unexpected) in 0.008 (0.008) seconds
Build, sign, notarize, and verify	Run repository regression gate	2026-10-04T03:24:13.1619110Z 	 Executed 2 tests, with 0 failures (0 unexpected) in 0.411 (0.411) seconds
Build, sign, notarize, and verify	Run repository regression gate	2026-10-04T03:24:13.1627900Z 	 Executed 7 tests, with 0 failures (0 unexpected) in 2.607 (2.607) seconds
Build, sign, notarize, and verify	Run repository regression gate	2026-10-04T03:24:13.1632100Z 	 Executed 3 tests, with 0 failures (0 unexpected) in 1.828 (1.828) seconds
Build, sign, notarize, and verify	Run repository regression gate	2026-10-04T03:24:13.1639230Z 	 Executed 5 tests, with 0 failures (0 unexpected) in 0.016 (0.017) seconds
Build, sign, notarize, and verify	Run repository regression gate	2026-10-04T03:24:13.1640930Z <release-source-root>/Tests/HostwrightContainerizationHelperTests/Phase07ContainerizationNetworkLiveTests.swift:39: -[HostwrightContainerizationHelperTests.Phase07ContainerizationNetworkLiveTests testRealContainerizationNetworksIsolateAndDualAttachmentConnects] : Test skipped - Enable only the explicit Phase 07 Gate 1 or Gate 12 Containerization cell.
Build, sign, notarize, and verify	Run repository regression gate	2026-10-04T03:24:13.1642070Z Test Case '-[HostwrightContainerizationHelperTests.Phase07ContainerizationNetworkLiveTests testRealContainerizationNetworksIsolateAndDualAttachmentConnects]' skipped (0.001 seconds).
Build, sign, notarize, and verify	Run repository regression gate	2026-10-04T03:24:13.1643060Z 	 Executed 1 test, with 1 test skipped and 0 failures (0 unexpected) in 0.001 (0.001) seconds
Build, sign, notarize, and verify	Run repository regression gate	2026-10-04T03:24:13.1644540Z <release-source-root>/Tests/HostwrightNetworkHelperTests/Phase07LANExposureLiveTests.swift:23: -[HostwrightNetworkHelperTests.Phase07LANExposureLiveTests testExplicitLANPolicyServesTahoeVMAndFailsClosed] : Test skipped - Set HOSTWRIGHT_PHASE07_GATE08_LAN_LIVE=1 only for the attended Tahoe LAN evidence lane.
Build, sign, notarize, and verify	Run repository regression gate	2026-10-04T03:24:13.1645420Z Test Case '-[HostwrightNetworkHelperTests.Phase07LANExposureLiveTests testExplicitLANPolicyServesTahoeVMAndFailsClosed]' skipped (0.001 seconds).
Build, sign, notarize, and verify	Run repository regression gate	2026-10-04T03:24:13.1646180Z 	 Executed 1 test, with 1 test skipped and 0 failures (0 unexpected) in 0.001 (0.001) seconds
Build, sign, notarize, and verify	Run repository regression gate	2026-10-04T03:24:13.1647920Z <release-source-root>/Tests/HostwrightRuntimeTests/Phase07LocalNetworkForwardingLiveTests.swift:16: -[HostwrightRuntimeTests.Phase07LocalNetworkForwardingLiveTests testAuthorizedLocalhostForwardingSurvivesCancellationRestartAndConflict] : Test skipped - Set HOSTWRIGHT_PHASE07_GATE15_LIVE=1 only after explicitly granting Local Network permission.
Build, sign, notarize, and verify	Run repository regression gate	2026-10-04T03:24:13.1648940Z Test Case '-[HostwrightRuntimeTests.Phase07LocalNetworkForwardingLiveTests testAuthorizedLocalhostForwardingSurvivesCancellationRestartAndConflict]' skipped (0.000 seconds).
Build, sign, notarize, and verify	Run repository regression gate	2026-10-04T03:24:13.1650500Z <release-source-root>/Tests/HostwrightRuntimeTests/Phase07LocalNetworkForwardingLiveTests.swift:26: -[HostwrightRuntimeTests.Phase07LocalNetworkForwardingLiveTests testDeniedLocalNetworkPermissionFailsClosedAndCleansUpExactly] : Test skipped - Set HOSTWRIGHT_PHASE07_GATE15_DENIED_LIVE=1 only on the explicit denied-permission live cell.
Build, sign, notarize, and verify	Run repository regression gate	2026-10-04T03:24:13.1651470Z Test Case '-[HostwrightRuntimeTests.Phase07LocalNetworkForwardingLiveTests testDeniedLocalNetworkPermissionFailsClosedAndCleansUpExactly]' skipped (0.000 seconds).
Build, sign, notarize, and verify	Run repository regression gate	2026-10-04T03:24:13.1652210Z 	 Executed 2 tests, with 2 tests skipped and 0 failures (0 unexpected) in 0.001 (0.001) seconds
Build, sign, notarize, and verify	Run repository regression gate	2026-10-04T03:24:13.1653780Z <release-source-root>/Tests/HostwrightRuntimeTests/Phase07NetworkGate01LiveTests.swift:13: -[HostwrightRuntimeTests.Phase07NetworkGate01LiveTests testAppleCLIProjectNetworksIsolateAndExplicitDualAttachmentConnects] : Test skipped - Set HOSTWRIGHT_PHASE07_GATE01_LIVE=1 on the explicit Phase 07 Gate 1 live cell.
Build, sign, notarize, and verify	Run repository regression gate	2026-10-04T03:24:13.1654700Z Test Case '-[HostwrightRuntimeTests.Phase07NetworkGate01LiveTests testAppleCLIProjectNetworksIsolateAndExplicitDualAttachmentConnects]' skipped (0.000 seconds).
Build, sign, notarize, and verify	Run repository regression gate	2026-10-04T03:24:13.1655450Z 	 Executed 1 test, with 1 test skipped and 0 failures (0 unexpected) in 0.000 (0.000) seconds
Build, sign, notarize, and verify	Run repository regression gate	2026-10-04T03:24:16.6269910Z 	 Executed 38 tests, with 0 failures (0 unexpected) in 0.058 (0.060) seconds
Build, sign, notarize, and verify	Run repository regression gate	2026-10-04T03:24:16.6276940Z 	 Executed 6 tests, with 0 failures (0 unexpected) in 0.003 (0.004) seconds
Build, sign, notarize, and verify	Run repository regression gate	2026-10-04T03:24:16.6285550Z 	 Executed 6 tests, with 0 failures (0 unexpected) in 0.258 (0.259) seconds
Build, sign, notarize, and verify	Run repository regression gate	2026-10-04T03:24:16.6291910Z 	 Executed 4 tests, with 0 failures (0 unexpected) in 0.001 (0.002) seconds
Build, sign, notarize, and verify	Run repository regression gate	2026-10-04T03:24:23.9021060Z <release-source-root>/Tests/HostwrightSchedulerTests/Phase10SchedulerQualificationTests.swift:2041: -[HostwrightSchedulerTests.Phase10SchedulerQualificationTests testPhase10SchedulerQualificationPerformanceCell] : Test skipped - Set HOSTWRIGHT_PHASE10_SCHEDULER_QUAL_PERFORMANCE=1 to run the 1,000-workload x 100-node performance cell.
Build, sign, notarize, and verify	Run repository regression gate	2026-10-04T03:24:23.9022480Z Test Case '-[HostwrightSchedulerTests.Phase10SchedulerQualificationTests testPhase10SchedulerQualificationPerformanceCell]' skipped (0.000 seconds).
Build, sign, notarize, and verify	Run repository regression gate	2026-10-04T03:24:23.9061120Z 	 Executed 41 tests, with 1 test skipped and 0 failures (0 unexpected) in 7.307 (7.311) seconds
Build, sign, notarize, and verify	Run repository regression gate	2026-10-04T03:24:23.9071840Z 	 Executed 3 tests, with 0 failures (0 unexpected) in 0.353 (0.353) seconds
Build, sign, notarize, and verify	Run repository regression gate	2026-10-04T03:24:23.9079760Z 	 Executed 5 tests, with 0 failures (0 unexpected) in 0.432 (0.433) seconds
Build, sign, notarize, and verify	Run repository regression gate	2026-10-04T03:24:23.9082820Z 	 Executed 2 tests, with 0 failures (0 unexpected) in 0.002 (0.002) seconds
Build, sign, notarize, and verify	Run repository regression gate	2026-10-04T03:24:23.9087800Z 	 Executed 4 tests, with 0 failures (0 unexpected) in 0.003 (0.003) seconds
Build, sign, notarize, and verify	Run repository regression gate	2026-10-04T03:24:35.6615110Z 	 Executed 14 tests, with 0 failures (0 unexpected) in 6.661 (6.662) seconds
Build, sign, notarize, and verify	Run repository regression gate	2026-10-04T03:24:35.6622510Z 	 Executed 4 tests, with 0 failures (0 unexpected) in 0.009 (0.009) seconds
Build, sign, notarize, and verify	Run repository regression gate	2026-10-04T03:24:35.6643600Z 	 Executed 13 tests, with 0 failures (0 unexpected) in 5.641 (5.643) seconds
Build, sign, notarize, and verify	Run repository regression gate	2026-10-04T03:24:35.6656430Z 	 Executed 9 tests, with 0 failures (0 unexpected) in 0.671 (0.672) seconds
Build, sign, notarize, and verify	Run repository regression gate	2026-10-04T03:24:35.6658760Z 	 Executed 1 test, with 0 failures (0 unexpected) in 0.005 (0.005) seconds
Build, sign, notarize, and verify	Run repository regression gate	2026-10-04T03:24:35.6662350Z 	 Executed 2 tests, with 0 failures (0 unexpected) in 0.153 (0.154) seconds
Build, sign, notarize, and verify	Run repository regression gate	2026-10-04T03:24:35.6677880Z 	 Executed 11 tests, with 0 failures (0 unexpected) in 0.956 (0.958) seconds
Build, sign, notarize, and verify	Run repository regression gate	2026-10-04T03:24:39.7731640Z 	 Executed 6 tests, with 0 failures (0 unexpected) in 0.314 (0.315) seconds
Build, sign, notarize, and verify	Run repository regression gate	2026-10-04T03:24:39.7756330Z 	 Executed 20 tests, with 0 failures (0 unexpected) in 3.488 (3.490) seconds
Build, sign, notarize, and verify	Run repository regression gate	2026-10-04T03:24:39.7760220Z 	 Executed 3 tests, with 0 failures (0 unexpected) in 0.004 (0.005) seconds
Build, sign, notarize, and verify	Run repository regression gate	2026-10-04T03:24:39.7774720Z 	 Executed 14 tests, with 0 failures (0 unexpected) in 0.004 (0.005) seconds
Build, sign, notarize, and verify	Run repository regression gate	2026-10-04T03:24:39.7785340Z 	 Executed 10 tests, with 0 failures (0 unexpected) in 0.002 (0.002) seconds
Build, sign, notarize, and verify	Run repository regression gate	2026-10-04T03:24:45.3612600Z 	 Executed 7 tests, with 0 failures (0 unexpected) in 0.634 (0.634) seconds
Build, sign, notarize, and verify	Run repository regression gate	2026-10-04T03:24:45.3617630Z 	 Executed 4 tests, with 0 failures (0 unexpected) in 0.004 (0.004) seconds
Build, sign, notarize, and verify	Run repository regression gate	2026-10-04T03:24:45.3625910Z 	 Executed 7 tests, with 0 failures (0 unexpected) in 1.339 (1.340) seconds
Build, sign, notarize, and verify	Run repository regression gate	2026-10-04T03:24:45.3642730Z 	 Executed 14 tests, with 0 failures (0 unexpected) in 2.166 (2.168) seconds
Build, sign, notarize, and verify	Run repository regression gate	2026-10-04T03:24:45.3654670Z 	 Executed 11 tests, with 0 failures (0 unexpected) in 1.034 (1.035) seconds
Build, sign, notarize, and verify	Run repository regression gate	2026-10-04T03:24:45.3662050Z 	 Executed 7 tests, with 0 failures (0 unexpected) in 0.497 (0.498) seconds
Build, sign, notarize, and verify	Run repository regression gate	2026-10-04T03:24:45.3666160Z 	 Executed 3 tests, with 0 failures (0 unexpected) in 0.207 (0.207) seconds
Build, sign, notarize, and verify	Run repository regression gate	2026-10-04T03:24:45.8958310Z 	 Executed 15 tests, with 0 failures (0 unexpected) in 0.007 (0.008) seconds
Build, sign, notarize, and verify	Run repository regression gate	2026-10-04T03:24:45.8965950Z <release-source-root>/Tests/HostwrightRegistryTests/RegistryAuthenticationTests.swift:254: -[HostwrightRegistryTests.RegistryAuthenticationTests testLiveDockerHubBearerScopeWhenExplicitlyEnabled] : Test skipped - Set HOSTWRIGHT_LIVE_REGISTRY=1 for the explicit TLS/token-service cell.
Build, sign, notarize, and verify	Run repository regression gate	2026-10-04T03:24:45.8966890Z Test Case '-[HostwrightRegistryTests.RegistryAuthenticationTests testLiveDockerHubBearerScopeWhenExplicitlyEnabled]' skipped (0.001 seconds).
Build, sign, notarize, and verify	Run repository regression gate	2026-10-04T03:24:45.8968600Z 	 Executed 8 tests, with 1 test skipped and 0 failures (0 unexpected) in 0.002 (0.003) seconds
Build, sign, notarize, and verify	Run repository regression gate	2026-10-04T03:24:45.8973850Z 	 Executed 4 tests, with 0 failures (0 unexpected) in 0.001 (0.001) seconds
Build, sign, notarize, and verify	Run repository regression gate	2026-10-04T03:24:45.8985650Z 	 Executed 12 tests, with 0 failures (0 unexpected) in 0.172 (0.172) seconds
Build, sign, notarize, and verify	Run repository regression gate	2026-10-04T03:24:45.8989520Z 	 Executed 3 tests, with 0 failures (0 unexpected) in 0.002 (0.002) seconds
Build, sign, notarize, and verify	Run repository regression gate	2026-10-04T03:24:45.9001880Z 	 Executed 11 tests, with 0 failures (0 unexpected) in 0.003 (0.003) seconds
Build, sign, notarize, and verify	Run repository regression gate	2026-10-04T03:24:45.9005840Z 	 Executed 3 tests, with 0 failures (0 unexpected) in 0.345 (0.345) seconds
Build, sign, notarize, and verify	Run repository regression gate	2026-10-04T03:24:59.8109210Z 	 Executed 4 tests, with 0 failures (0 unexpected) in 0.350 (0.351) seconds
Build, sign, notarize, and verify	Run repository regression gate	2026-10-04T03:24:59.8114950Z 	 Executed 5 tests, with 0 failures (0 unexpected) in 0.739 (0.739) seconds
Build, sign, notarize, and verify	Run repository regression gate	2026-10-04T03:24:59.8126070Z 	 Executed 11 tests, with 0 failures (0 unexpected) in 0.002 (0.002) seconds
Build, sign, notarize, and verify	Run repository regression gate	2026-10-04T03:24:59.8132000Z 	 Executed 1 test, with 0 failures (0 unexpected) in 0.115 (0.115) seconds
Build, sign, notarize, and verify	Run repository regression gate	2026-10-04T03:24:59.8139260Z 	 Executed 6 tests, with 0 failures (0 unexpected) in 1.037 (1.037) seconds
Build, sign, notarize, and verify	Run repository regression gate	2026-10-04T03:24:59.8158540Z 	 Executed 15 tests, with 0 failures (0 unexpected) in 11.625 (11.627) seconds
Build, sign, notarize, and verify	Run repository regression gate	2026-10-04T03:24:59.8166690Z 	 Executed 6 tests, with 0 failures (0 unexpected) in 0.007 (0.008) seconds
Build, sign, notarize, and verify	Run repository regression gate	2026-10-04T03:25:09.7645530Z 	 Executed 6 tests, with 0 failures (0 unexpected) in 0.037 (0.037) seconds
Build, sign, notarize, and verify	Run repository regression gate	2026-10-04T03:25:09.7654400Z 	 Executed 4 tests, with 0 failures (0 unexpected) in 0.131 (0.131) seconds
Build, sign, notarize, and verify	Run repository regression gate	2026-10-04T03:25:09.7666610Z 	 Executed 6 tests, with 0 failures (0 unexpected) in 0.010 (0.010) seconds
Build, sign, notarize, and verify	Run repository regression gate	2026-10-04T03:25:09.7677500Z 	 Executed 8 tests, with 0 failures (0 unexpected) in 0.004 (0.004) seconds
Build, sign, notarize, and verify	Run repository regression gate	2026-10-04T03:25:13.9254610Z 	 Executed 35 tests, with 0 failures (0 unexpected) in 11.095 (11.099) seconds
Build, sign, notarize, and verify	Run repository regression gate	2026-10-04T03:25:13.9259980Z 	 Executed 5 tests, with 0 failures (0 unexpected) in 0.001 (0.001) seconds
Build, sign, notarize, and verify	Run repository regression gate	2026-10-04T03:25:13.9264620Z 	 Executed 4 tests, with 0 failures (0 unexpected) in 0.006 (0.006) seconds
Build, sign, notarize, and verify	Run repository regression gate	2026-10-04T03:25:13.9271830Z 	 Executed 5 tests, with 0 failures (0 unexpected) in 2.847 (2.847) seconds
Build, sign, notarize, and verify	Run repository regression gate	2026-10-04T03:25:13.9282170Z 	 Executed 9 tests, with 0 failures (0 unexpected) in 0.005 (0.005) seconds
Build, sign, notarize, and verify	Run repository regression gate	2026-10-04T03:25:13.9293610Z 	 Executed 8 tests, with 0 failures (0 unexpected) in 0.002 (0.002) seconds
Build, sign, notarize, and verify	Run repository regression gate	2026-10-04T03:25:15.8659680Z 	 Executed 19 tests, with 0 failures (0 unexpected) in 0.007 (0.008) seconds
Build, sign, notarize, and verify	Run repository regression gate	2026-10-04T03:25:15.8686440Z 	 Executed 24 tests, with 0 failures (0 unexpected) in 1.496 (1.498) seconds
Build, sign, notarize, and verify	Run repository regression gate	2026-10-04T03:25:15.8700690Z 	 Executed 14 tests, with 0 failures (0 unexpected) in 0.434 (0.436) seconds
Build, sign, notarize, and verify	Run repository regression gate	2026-10-04T03:25:15.8710330Z 	 Executed 8 tests, with 0 failures (0 unexpected) in 0.004 (0.005) seconds
Build, sign, notarize, and verify	Run repository regression gate	2026-10-04T03:25:17.2587470Z 	 Executed 5 tests, with 0 failures (0 unexpected) in 0.001 (0.001) seconds
Build, sign, notarize, and verify	Run repository regression gate	2026-10-04T03:25:17.2610620Z 	 Executed 9 tests, with 0 failures (0 unexpected) in 0.005 (0.006) seconds
Build, sign, notarize, and verify	Run repository regression gate	2026-10-04T03:25:17.2634380Z 	 Executed 10 tests, with 0 failures (0 unexpected) in 0.009 (0.009) seconds
Build, sign, notarize, and verify	Run repository regression gate	2026-10-04T03:25:17.2663030Z 	 Executed 14 tests, with 0 failures (0 unexpected) in 0.005 (0.006) seconds
Build, sign, notarize, and verify	Run repository regression gate	2026-10-04T03:25:17.2671120Z 	 Executed 3 tests, with 0 failures (0 unexpected) in 0.176 (0.176) seconds
Build, sign, notarize, and verify	Run repository regression gate	2026-10-04T03:25:17.2681150Z 	 Executed 4 tests, with 0 failures (0 unexpected) in 0.001 (0.001) seconds
Build, sign, notarize, and verify	Run repository regression gate	2026-10-04T03:25:17.2686830Z 	 Executed 2 tests, with 0 failures (0 unexpected) in 0.374 (0.374) seconds
Build, sign, notarize, and verify	Run repository regression gate	2026-10-04T03:25:17.2692270Z 	 Executed 2 tests, with 0 failures (0 unexpected) in 0.127 (0.127) seconds
Build, sign, notarize, and verify	Run repository regression gate	2026-10-04T03:25:17.9669310Z 	 Executed 14 tests, with 0 failures (0 unexpected) in 0.949 (0.951) seconds
Build, sign, notarize, and verify	Run repository regression gate	2026-10-04T03:25:17.9674100Z 	 Executed 4 tests, with 0 failures (0 unexpected) in 0.007 (0.007) seconds
Build, sign, notarize, and verify	Run repository regression gate	2026-10-04T03:25:17.9683470Z 	 Executed 7 tests, with 0 failures (0 unexpected) in 0.419 (0.420) seconds
Build, sign, notarize, and verify	Run repository regression gate	2026-10-04T03:25:17.9701190Z 	 Executed 11 tests, with 0 failures (0 unexpected) in 0.004 (0.005) seconds
Build, sign, notarize, and verify	Run repository regression gate	2026-10-04T03:25:17.9708690Z 	 Executed 6 tests, with 0 failures (0 unexpected) in 0.002 (0.003) seconds
Build, sign, notarize, and verify	Run repository regression gate	2026-10-04T03:25:17.9717740Z 	 Executed 8 tests, with 0 failures (0 unexpected) in 0.011 (0.012) seconds
Build, sign, notarize, and verify	Run repository regression gate	2026-10-04T03:25:20.3687840Z 	 Executed 8 tests, with 0 failures (0 unexpected) in 0.005 (0.006) seconds
Build, sign, notarize, and verify	Run repository regression gate	2026-10-04T03:25:20.3695400Z 	 Executed 3 tests, with 0 failures (0 unexpected) in 0.002 (0.002) seconds
Build, sign, notarize, and verify	Run repository regression gate	2026-10-04T03:25:20.3703060Z 	 Executed 5 tests, with 0 failures (0 unexpected) in 0.123 (0.124) seconds
Build, sign, notarize, and verify	Run repository regression gate	2026-10-04T03:25:20.3708050Z 	 Executed 3 tests, with 0 failures (0 unexpected) in 0.002 (0.002) seconds
Build, sign, notarize, and verify	Run repository regression gate	2026-10-04T03:25:20.3714020Z 	 Executed 4 tests, with 0 failures (0 unexpected) in 0.500 (0.501) seconds
Build, sign, notarize, and verify	Run repository regression gate	2026-10-04T03:25:20.3729790Z 	 Executed 11 tests, with 0 failures (0 unexpected) in 1.766 (1.767) seconds
Build, sign, notarize, and verify	Run repository regression gate	2026-10-04T03:25:20.3738640Z 	 Executed 6 tests, with 0 failures (0 unexpected) in 0.002 (0.002) seconds
Build, sign, notarize, and verify	Run repository regression gate	2026-10-04T03:25:20.3744560Z 	 Executed 4 tests, with 0 failures (0 unexpected) in 0.001 (0.001) seconds
Build, sign, notarize, and verify	Run repository regression gate	2026-10-04T03:25:20.3748920Z 	 Executed 3 tests, with 0 failures (0 unexpected) in 0.001 (0.001) seconds
Build, sign, notarize, and verify	Run repository regression gate	2026-10-04T03:25:30.8459750Z 	 Executed 6 tests, with 0 failures (0 unexpected) in 0.006 (0.006) seconds
Build, sign, notarize, and verify	Run repository regression gate	2026-10-04T03:25:30.8470370Z 	 Executed 9 tests, with 0 failures (0 unexpected) in 1.279 (1.280) seconds
Build, sign, notarize, and verify	Run repository regression gate	2026-10-04T03:25:30.8479840Z 	 Executed 7 tests, with 0 failures (0 unexpected) in 0.528 (0.529) seconds
Build, sign, notarize, and verify	Run repository regression gate	2026-10-04T03:25:30.8498950Z 	 Executed 16 tests, with 0 failures (0 unexpected) in 8.651 (8.653) seconds
Build, sign, notarize, and verify	Run repository regression gate	2026-10-04T03:25:30.8500900Z 	 Executed 1 test, with 0 failures (0 unexpected) in 0.001 (0.001) seconds
Build, sign, notarize, and verify	Run repository regression gate	2026-10-04T03:25:30.8504520Z 	 Executed 3 tests, with 0 failures (0 unexpected) in 0.004 (0.004) seconds
Build, sign, notarize, and verify	Run repository regression gate	2026-10-04T03:25:31.5473970Z 	 Executed 9 tests, with 0 failures (0 unexpected) in 0.003 (0.004) seconds
Build, sign, notarize, and verify	Run repository regression gate	2026-10-04T03:25:31.5485100Z 	 Executed 5 tests, with 0 failures (0 unexpected) in 0.001 (0.001) seconds
Build, sign, notarize, and verify	Run repository regression gate	2026-10-04T03:25:31.5489980Z 	 Executed 4 tests, with 0 failures (0 unexpected) in 0.201 (0.202) seconds
Build, sign, notarize, and verify	Run repository regression gate	2026-10-04T03:25:31.5496790Z 	 Executed 6 tests, with 0 failures (0 unexpected) in 0.005 (0.005) seconds
Build, sign, notarize, and verify	Run repository regression gate	2026-10-04T03:25:31.5505550Z 	 Executed 8 tests, with 0 failures (0 unexpected) in 0.004 (0.005) seconds
Build, sign, notarize, and verify	Run repository regression gate	2026-10-04T03:25:31.5510040Z 	 Executed 3 tests, with 0 failures (0 unexpected) in 0.058 (0.058) seconds
Build, sign, notarize, and verify	Run repository regression gate	2026-10-04T03:25:31.5516580Z 	 Executed 5 tests, with 0 failures (0 unexpected) in 0.002 (0.002) seconds
Build, sign, notarize, and verify	Run repository regression gate	2026-10-04T03:25:31.5520780Z 	 Executed 3 tests, with 0 failures (0 unexpected) in 0.001 (0.001) seconds
Build, sign, notarize, and verify	Run repository regression gate	2026-10-04T03:25:31.5530770Z 	 Executed 8 tests, with 0 failures (0 unexpected) in 0.426 (0.427) seconds
Build, sign, notarize, and verify	Run repository regression gate	2026-10-04T03:25:31.5537280Z 	 Executed 5 tests, with 0 failures (0 unexpected) in 0.001 (0.001) seconds
Build, sign, notarize, and verify	Run repository regression gate	2026-10-04T03:25:31.5539150Z 	 Executed 1 test, with 0 failures (0 unexpected) in 0.000 (0.000) seconds
Build, sign, notarize, and verify	Run repository regression gate	2026-10-04T03:25:33.5953860Z 	 Executed 3 tests, with 0 failures (0 unexpected) in 0.022 (0.022) seconds
Build, sign, notarize, and verify	Run repository regression gate	2026-10-04T03:25:33.5959530Z 	 Executed 5 tests, with 0 failures (0 unexpected) in 0.278 (0.278) seconds
Build, sign, notarize, and verify	Run repository regression gate	2026-10-04T03:25:33.5971970Z 	 Executed 8 tests, with 0 failures (0 unexpected) in 0.859 (0.860) seconds
Build, sign, notarize, and verify	Run repository regression gate	2026-10-04T03:25:33.5974870Z 	 Executed 2 tests, with 0 failures (0 unexpected) in 0.000 (0.000) seconds
Build, sign, notarize, and verify	Run repository regression gate	2026-10-04T03:25:33.5986580Z 	 Executed 11 tests, with 0 failures (0 unexpected) in 0.462 (0.463) seconds
Build, sign, notarize, and verify	Run repository regression gate	2026-10-04T03:25:33.5994840Z 	 Executed 8 tests, with 0 failures (0 unexpected) in 0.342 (0.342) seconds
Build, sign, notarize, and verify	Run repository regression gate	2026-10-04T03:25:33.5999760Z 	 Executed 4 tests, with 0 failures (0 unexpected) in 0.002 (0.002) seconds
Build, sign, notarize, and verify	Run repository regression gate	2026-10-04T03:25:33.6012040Z 	 Executed 12 tests, with 0 failures (0 unexpected) in 0.004 (0.005) seconds
Build, sign, notarize, and verify	Run repository regression gate	2026-10-04T03:25:48.3658840Z 	 Executed 9 tests, with 0 failures (0 unexpected) in 0.988 (0.989) seconds
Build, sign, notarize, and verify	Run repository regression gate	2026-10-04T03:25:48.3677140Z 	 Executed 13 tests, with 0 failures (0 unexpected) in 0.849 (0.851) seconds
Build, sign, notarize, and verify	Run repository regression gate	2026-10-04T03:25:48.3687510Z 	 Executed 9 tests, with 0 failures (0 unexpected) in 3.427 (3.429) seconds
Build, sign, notarize, and verify	Run repository regression gate	2026-10-04T03:25:48.3713400Z 	 Executed 27 tests, with 0 failures (0 unexpected) in 9.571 (9.575) seconds
Build, sign, notarize, and verify	Run repository regression gate	2026-10-04T03:26:01.5587850Z 	 Executed 5 tests, with 0 failures (0 unexpected) in 0.001 (0.002) seconds
Build, sign, notarize, and verify	Run repository regression gate	2026-10-04T03:26:01.5593770Z 	 Executed 5 tests, with 0 failures (0 unexpected) in 0.002 (0.002) seconds
Build, sign, notarize, and verify	Run repository regression gate	2026-10-04T03:26:01.5601180Z 	 Executed 5 tests, with 0 failures (0 unexpected) in 2.630 (2.631) seconds
Build, sign, notarize, and verify	Run repository regression gate	2026-10-04T03:26:01.5605810Z 	 Executed 4 tests, with 0 failures (0 unexpected) in 0.001 (0.001) seconds
Build, sign, notarize, and verify	Run repository regression gate	2026-10-04T03:26:01.5617370Z 	 Executed 9 tests, with 0 failures (0 unexpected) in 0.651 (0.652) seconds
Build, sign, notarize, and verify	Run repository regression gate	2026-10-04T03:26:01.5618740Z <release-source-root>/Tests/HostwrightNetworkHelperTests/ServiceTunnelTahoeVMHarnessTests.swift:57: -[HostwrightNetworkHelperTests.ServiceTunnelTahoeVMHarnessTests testExistingTahoeVMEchoesAuthenticatedFrame] : Test skipped - Set HOSTWRIGHT_GATE13_TAHOE_VM=1 only for the attended existing-VM evidence lane.
Build, sign, notarize, and verify	Run repository regression gate	2026-10-04T03:26:01.5619600Z Test Case '-[HostwrightNetworkHelperTests.ServiceTunnelTahoeVMHarnessTests testExistingTahoeVMEchoesAuthenticatedFrame]' skipped (0.000 seconds).
Build, sign, notarize, and verify	Run repository regression gate	2026-10-04T03:26:01.5621010Z <release-source-root>/Tests/HostwrightNetworkHelperTests/ServiceTunnelTahoeVMHarnessTests.swift:21: -[HostwrightNetworkHelperTests.ServiceTunnelTahoeVMHarnessTests testQualificationConfigurationUsesCanonicalHelperFrame] : Test skipped - Set HOSTWRIGHT_GATE13_HELPER_CONFIGURATION for the attended canonical-frame check.
Build, sign, notarize, and verify	Run repository regression gate	2026-10-04T03:26:01.5621940Z Test Case '-[HostwrightNetworkHelperTests.ServiceTunnelTahoeVMHarnessTests testQualificationConfigurationUsesCanonicalHelperFrame]' skipped (0.000 seconds).
Build, sign, notarize, and verify	Run repository regression gate	2026-10-04T03:26:01.5622720Z 	 Executed 2 tests, with 2 tests skipped and 0 failures (0 unexpected) in 0.001 (0.001) seconds
Build, sign, notarize, and verify	Run repository regression gate	2026-10-04T03:26:01.5626480Z 	 Executed 3 tests, with 0 failures (0 unexpected) in 6.876 (6.876) seconds
Build, sign, notarize, and verify	Run repository regression gate	2026-10-04T03:26:01.5632920Z 	 Executed 6 tests, with 0 failures (0 unexpected) in 0.613 (0.614) seconds
Build, sign, notarize, and verify	Run repository regression gate	2026-10-04T03:26:10.6761660Z 	 Executed 32 tests, with 0 failures (0 unexpected) in 5.794 (5.798) seconds
Build, sign, notarize, and verify	Run repository regression gate	2026-10-04T03:26:10.6767820Z 	 Executed 5 tests, with 0 failures (0 unexpected) in 0.770 (0.770) seconds
Build, sign, notarize, and verify	Run repository regression gate	2026-10-04T03:26:10.6773050Z 	 Executed 4 tests, with 0 failures (0 unexpected) in 0.434 (0.435) seconds
Build, sign, notarize, and verify	Run repository regression gate	2026-10-04T03:26:10.6793350Z 	 Executed 15 tests, with 0 failures (0 unexpected) in 2.738 (2.740) seconds
Build, sign, notarize, and verify	Run repository regression gate	2026-10-04T03:26:10.6800870Z 	 Executed 6 tests, with 0 failures (0 unexpected) in 1.593 (1.594) seconds
Build, sign, notarize, and verify	Run repository regression gate	2026-10-04T03:26:10.6805620Z 	 Executed 4 tests, with 0 failures (0 unexpected) in 0.193 (0.193) seconds
Build, sign, notarize, and verify	Run repository regression gate	2026-10-04T03:26:15.6021490Z 	 Executed 32 tests, with 0 failures (0 unexpected) in 4.740 (4.744) seconds
Build, sign, notarize, and verify	Run repository regression gate	2026-10-04T03:26:15.6023510Z 	 Executed 1 test, with 0 failures (0 unexpected) in 0.001 (0.001) seconds
Build, sign, notarize, and verify	Run repository regression gate	2026-10-04T03:26:15.6031520Z 	 Executed 6 tests, with 0 failures (0 unexpected) in 0.003 (0.003) seconds
Build, sign, notarize, and verify	Run repository regression gate	2026-10-04T03:26:15.6045480Z 	 Executed 10 tests, with 0 failures (0 unexpected) in 0.172 (0.173) seconds
Build, sign, notarize, and verify	Run repository regression gate	2026-10-04T03:26:15.6053490Z 	 Executed 7 tests, with 0 failures (0 unexpected) in 0.003 (0.003) seconds
Build, sign, notarize, and verify	Run repository regression gate	2026-10-04T03:26:18.7057610Z 	 Executed 3 tests, with 0 failures (0 unexpected) in 0.001 (0.001) seconds
Build, sign, notarize, and verify	Run repository regression gate	2026-10-04T03:26:18.7072610Z 	 Executed 11 tests, with 0 failures (0 unexpected) in 1.242 (1.243) seconds
Build, sign, notarize, and verify	Run repository regression gate	2026-10-04T03:26:18.7081920Z 	 Executed 6 tests, with 0 failures (0 unexpected) in 1.558 (1.559) seconds
Build, sign, notarize, and verify	Run repository regression gate	2026-10-04T03:26:18.7097420Z 	 Executed 12 tests, with 0 failures (0 unexpected) in 0.004 (0.005) seconds
Build, sign, notarize, and verify	Run repository regression gate	2026-10-04T03:26:18.7106200Z 	 Executed 6 tests, with 0 failures (0 unexpected) in 0.002 (0.003) seconds
Build, sign, notarize, and verify	Run repository regression gate	2026-10-04T03:26:18.7123870Z 	 Executed 12 tests, with 0 failures (0 unexpected) in 0.291 (0.293) seconds
Build, sign, notarize, and verify	Run repository regression gate	2026-10-04T03:26:18.7131280Z 	 Executed 5 tests, with 0 failures (0 unexpected) in 0.001 (0.002) seconds
Build, sign, notarize, and verify	Run repository regression gate	2026-10-04T03:26:22.0481350Z 	 Executed 11 tests, with 0 failures (0 unexpected) in 0.016 (0.017) seconds
Build, sign, notarize, and verify	Run repository regression gate	2026-10-04T03:26:22.0493930Z 	 Executed 10 tests, with 0 failures (0 unexpected) in 0.120 (0.121) seconds
Build, sign, notarize, and verify	Run repository regression gate	2026-10-04T03:26:22.0495990Z 	 Executed 1 test, with 0 failures (0 unexpected) in 0.916 (0.916) seconds
Build, sign, notarize, and verify	Run repository regression gate	2026-10-04T03:26:22.0506840Z 	 Executed 9 tests, with 0 failures (0 unexpected) in 1.957 (1.958) seconds
Build, sign, notarize, and verify	Run repository regression gate	2026-10-04T03:26:22.0517640Z 	 Executed 10 tests, with 0 failures (0 unexpected) in 0.005 (0.006) seconds
Build, sign, notarize, and verify	Run repository regression gate	2026-10-04T03:26:22.0524330Z 	 Executed 6 tests, with 0 failures (0 unexpected) in 0.003 (0.004) seconds
Build, sign, notarize, and verify	Run repository regression gate	2026-10-04T03:26:22.0532290Z 	 Executed 7 tests, with 0 failures (0 unexpected) in 0.055 (0.056) seconds
Build, sign, notarize, and verify	Run repository regression gate	2026-10-04T03:26:28.3696720Z 	 Executed 11 tests, with 0 failures (0 unexpected) in 1.079 (1.080) seconds
Build, sign, notarize, and verify	Run repository regression gate	2026-10-04T03:26:28.3714190Z 	 Executed 12 tests, with 0 failures (0 unexpected) in 2.294 (2.295) seconds
Build, sign, notarize, and verify	Run repository regression gate	2026-10-04T03:26:28.3717850Z 	 Executed 3 tests, with 0 failures (0 unexpected) in 0.000 (0.001) seconds
Build, sign, notarize, and verify	Run repository regression gate	2026-10-04T03:26:28.3729560Z 	 Executed 11 tests, with 0 failures (0 unexpected) in 2.544 (2.545) seconds
Build, sign, notarize, and verify	Run repository regression gate	2026-10-04T03:26:28.3738430Z 	 Executed 9 tests, with 0 failures (0 unexpected) in 0.597 (0.598) seconds
Build, sign, notarize, and verify	Run repository regression gate	2026-10-04T03:26:28.3747220Z 	 Executed 8 tests, with 0 failures (0 unexpected) in 0.002 (0.003) seconds
Build, sign, notarize, and verify	Run repository regression gate	2026-10-04T03:26:32.5701380Z 	 Executed 5 tests, with 0 failures (0 unexpected) in 0.126 (0.127) seconds
Build, sign, notarize, and verify	Run repository regression gate	2026-10-04T03:26:32.5707570Z 	 Executed 5 tests, with 0 failures (0 unexpected) in 0.068 (0.069) seconds
Build, sign, notarize, and verify	Run repository regression gate	2026-10-04T03:26:32.5752920Z 	 Executed 36 tests, with 0 failures (0 unexpected) in 4.065 (4.067) seconds
Build, sign, notarize, and verify	Run repository regression gate	2026-10-04T03:26:35.6257980Z 	 Executed 14 tests, with 0 failures (0 unexpected) in 0.002 (0.003) seconds
Build, sign, notarize, and verify	Run repository regression gate	2026-10-04T03:26:35.6274600Z 	 Executed 16 tests, with 0 failures (0 unexpected) in 0.002 (0.003) seconds
Build, sign, notarize, and verify	Run repository regression gate	2026-10-04T03:26:35.6276480Z 	 Executed 1 test, with 0 failures (0 unexpected) in 0.269 (0.269) seconds
Build, sign, notarize, and verify	Run repository regression gate	2026-10-04T03:26:35.6285210Z 	 Executed 7 tests, with 0 failures (0 unexpected) in 0.935 (0.936) seconds
Build, sign, notarize, and verify	Run repository regression gate	2026-10-04T03:26:35.6291010Z 	 Executed 4 tests, with 0 failures (0 unexpected) in 0.485 (0.485) seconds
Build, sign, notarize, and verify	Run repository regression gate	2026-10-04T03:26:35.6304590Z 	 Executed 11 tests, with 0 failures (0 unexpected) in 0.652 (0.653) seconds
Build, sign, notarize, and verify	Run repository regression gate	2026-10-04T03:26:35.6313630Z 	 Executed 9 tests, with 0 failures (0 unexpected) in 0.705 (0.706) seconds
Build, sign, notarize, and verify	Run repository regression gate	2026-10-04T03:26:35.6318050Z 	 Executed 4 tests, with 0 failures (0 unexpected) in 0.002 (0.002) seconds
Build, sign, notarize, and verify	Run repository regression gate	2026-10-04T03:26:36.0392000Z 	 Executed 3460 tests, with 10 tests skipped and 0 failures (0 unexpected) in 3460.290 (3460.624) seconds
Build, sign, notarize, and verify	Run repository regression gate	2026-10-04T03:26:36.0392760Z 	 Executed 3460 tests, with 10 tests skipped and 0 failures (0 unexpected) in 3460.290 (3460.625) seconds
Build, sign, notarize, and verify	Run repository regression gate	2026-10-04T03:26:36.0466330Z ✔ Test run with 61 tests in 6 suites passed after 0.309 seconds.
Build, sign, notarize, and verify	Run repository regression gate	2026-10-04T03:26:53.9181600Z rmdir: <regression-integration-root>: Directory not empty
