[0/1] Planning build
HostwrightStateTests.AcceleratorSchemaV23MigrationTests/testPreReplayV23DatabaseUpgradesTransactionallyAndAcceptsReplayRecords
HostwrightStateTests.AcceleratorSchemaV23MigrationTests/testPreReplayV23UpgradeRejectsTamperedLegacyTableAndLeavesLedgerUnchanged
HostwrightStateTests.AcceleratorSchemaV23MigrationTests/testScopeSentinelIsRejectedAndGlobalCurrentIsUnique
HostwrightStateTests.AcceleratorSchemaV23MigrationTests/testUnknownSchemaVersionAndTamperedV23ChecksumFailClosed
HostwrightStateTests.AcceleratorSchemaV23MigrationTests/testV22ToV23CreatesDedicatedAcceleratorAuthorityTables
HostwrightStateTests.AcceleratorSchemaV23MigrationTests/testV23MigrationRollsBackDedicatedTablesOnConflict
HostwrightExtensionsTests.ActivePluginProviderRuntimeTests/testActiveDigestSelectsExactWASIPackageAndRevocationStopsInvocation
HostwrightExtensionsTests.ActivePluginProviderRuntimeTests/testRuntimeRevocationCancelsInFlightActiveInvocation
HostwrightPolicyTests.AdmissionAdministrationServiceTests/testExceptionCreationRequiresActiveSubjectAndEnabledPolicy
HostwrightPolicyTests.AdmissionAdministrationServiceTests/testExceptionCreationRequiresApproveAndBindsExactActorAndFutureExpiry
HostwrightPolicyTests.AdmissionAdministrationServiceTests/testExceptionDeletionRequiresDeleteVerb
HostwrightPolicyTests.AdmissionAdministrationServiceTests/testOwnerAndSecurityAdminCanPerformPolicyLifecycleWithPolicyVerbs
HostwrightPolicyTests.AdmissionAdministrationServiceTests/testPolicyCreationRefusesCreatorAndBuiltInSourceSpoofing
HostwrightPolicyTests.AdmissionAdministrationServiceTests/testUnboundSubjectCannotCreateUpdateOrDeletePolicies
HostwrightDaemonTests.AdmissionControlOperationsTests/testAdmissionManagementRequiresPolicyAuthorityAndAllowsSecurityAdmin
HostwrightDaemonTests.AdmissionControlOperationsTests/testEveryAdmissionOperationRejectsUnknownBodyFieldsWithoutStateChange
HostwrightDaemonTests.AdmissionControlOperationsTests/testPolicyCreateRejectsMalformedAndOverbroadPolicyDocumentsWithoutPersistence
HostwrightPolicyTests.AdmissionPolicyEngineTests/testBuiltInRequestBoundsFailClosedBeforePolicyExecution
HostwrightPolicyTests.AdmissionPolicyEngineTests/testConflictingMutationsDenyWithoutChoosingAWriter
HostwrightPolicyTests.AdmissionPolicyEngineTests/testDeclarativeValidationDeniesWithStableReasonCode
HostwrightPolicyTests.AdmissionPolicyEngineTests/testDryRunIsReportedAndDoesNotChangeTheComputedIntentPlan
HostwrightPolicyTests.AdmissionPolicyEngineTests/testExactOperationApplicabilityAndDeterministicMutationOrder
HostwrightPolicyTests.AdmissionPolicyEngineTests/testExceptionRequiresExactPolicySubjectTargetPlanApprovalAndUnexpiredTime
HostwrightPolicyTests.AdmissionPolicyEngineTests/testMalformedPolicyFailsClosedExceptFrozenAdvisoryIgnoreCase
HostwrightPolicyTests.AdmissionPolicyEngineTests/testPlanHashMismatchIsDeniedAndPlanAndDigestAreDeterministic
HostwrightPolicyTests.AdmissionPolicyEngineTests/testPolicyDocumentsCannotMutateApprovalBindingFields
HostwrightStateTests.AdmissionRepositoryTests/testExceptionRejectsDisabledPolicyAndInvalidBinding
HostwrightStateTests.AdmissionRepositoryTests/testExceptionsBindPolicySubjectPlanAndExpiryAndProtectHistory
HostwrightStateTests.AdmissionRepositoryTests/testExtensionEnablementUsesGenerationAndBuiltinPoliciesCannotChange
HostwrightStateTests.AdmissionRepositoryTests/testPoliciesAndExceptionsPersistAcrossReopen
HostwrightStateTests.AdmissionRepositoryTests/testPolicyCreationIsImmutableCanonicalAndDeterministicallyOrdered
HostwrightStateTests.AdmissionRepositoryTests/testStoredNoncanonicalOrMalformedPoliciesFailClosedAndIdentifiersAreNotSQL
HostwrightRuntimeTests.AppleContainerAdapterInventoryTests/testProductionInventoryCollectsStatsForManagedInfrastructure
HostwrightRuntimeTests.AppleContainerAdapterInventoryTests/testProductionObservationAcceptsAdvancedStateFenceForStableRuntimeOwnership
HostwrightRuntimeTests.AppleContainerAdapterInventoryTests/testProductionObservationPropagatesCancellationWithoutPartialObservationOrFurtherCommands
HostwrightRuntimeTests.AppleContainerAdapterInventoryTests/testProductionObservationRejectsManagedLookingNameWithoutMatchingUUIDOwnership
HostwrightRuntimeTests.AppleContainerAdapterInventoryTests/testProductionObservationUsesCompleteInventoryAndExactUUIDStateOwnership
HostwrightRuntimeTests.AppleContainerApplyAdapterDNSTests/testAdapterRejectsCoreDNSFromStaleProjectGenerationBeforeCreate
HostwrightRuntimeTests.AppleContainerApplyAdapterDNSTests/testAdapterRejectsCoreDNSWithoutSharedNetworkBeforeCreate
HostwrightRuntimeTests.AppleContainerApplyAdapterDNSTests/testAdapterResolvesExactCoreDNSAddressesOnSharedNetwork
HostwrightRuntimeTests.AppleContainerCodecTests/testBothVersionCodecsAcceptUnknownNonSemanticFieldsAcrossStructuredReads
HostwrightRuntimeTests.AppleContainerCodecTests/testBothVersionCodecsDecodeSemanticFixtureMatrix
HostwrightRuntimeTests.AppleContainerCodecTests/testBothVersionCodecsRejectUnknownRequiredEnumsBeforeMutationConstruction
HostwrightRuntimeTests.AppleContainerCodecTests/testInfrastructureCodecsAcceptEmptyListsAndRejectAmbiguousOrPartialEvidence
HostwrightRuntimeTests.AppleContainerCodecTests/testInfrastructureCodecsEnforceListStringMetadataAndByteBounds
HostwrightRuntimeTests.AppleContainerCodecTests/testLogsAreOpaqueAndBoundedAndMutationStdoutHasNoSemantics
HostwrightRuntimeTests.AppleContainerCodecTests/testSelectsOnlyExactOnePointZeroAndOnePointOneVersionOutputs
HostwrightRuntimeTests.AppleContainerCodecTests/testSemanticDecodersRejectDuplicatePartialMalformedAndOversizedOutput
HostwrightRuntimeTests.AppleContainerCodecTests/testUnsupportedVersionFailsMutationPreflightBeforeCommandConstruction
HostwrightRuntimeTests.AppleContainerCodecTests/testVersionBoundCommandMatrixUsesJSONOnlyForSemanticReads
HostwrightRuntimeTests.AppleContainerCommandDNSTests/testBothSupportedCodecsRenderTheSameDNSContract
HostwrightRuntimeTests.AppleContainerCommandDNSTests/testCreateRendersSortedDNSArgumentsBeforeImage
HostwrightRuntimeTests.AppleContainerCommandDNSTests/testCreateWithoutResolutionEmitsNoDNSOptions
HostwrightRuntimeTests.AppleContainerImageLifecycleAdapterTests/testDeleteDigestDriftIsRejectedBeforeNativeMutation
HostwrightRuntimeTests.AppleContainerImageLifecycleAdapterTests/testDeleteUsesOnlyExactReferencesAndRequiresPostOperationAbsence
HostwrightRuntimeTests.AppleContainerImageLifecycleAdapterTests/testEmptyPruneIsAConfirmedNoOpWithoutNativeMutation
HostwrightRuntimeTests.AppleContainerImageLifecycleAdapterTests/testEveryRemainingOperationUsesQualifiedShapeAndStructuredObservation
HostwrightRuntimeTests.AppleContainerImageLifecycleAdapterTests/testLoadRejectsAndCompensatesUndeclaredInventoryDelta
HostwrightRuntimeTests.AppleContainerImageLifecycleAdapterTests/testMutationFailureNeverReturnsProviderOutput
HostwrightRuntimeTests.AppleContainerImageLifecycleAdapterTests/testMutationPolicyRejectsBroadNativeAndCredentialArguments
HostwrightRuntimeTests.AppleContainerImageLifecycleAdapterTests/testOfflineNetworkOperationIsRejectedBeforeMutationOrObservation
HostwrightRuntimeTests.AppleContainerImageLifecycleAdapterTests/testTagUsesExactMutationAndVerifiesDigestFromStructuredObservation
HostwrightRuntimeTests.AppleContainerInventoryParserTests/testAcceptsEmptyImageDefaultsWithoutInferringUserOrWorkingDirectory
HostwrightRuntimeTests.AppleContainerInventoryParserTests/testBuildsCompleteDeterministicVersionedInventoryAndRedactsSecrets
HostwrightRuntimeTests.AppleContainerInventoryParserTests/testDerivesStoppedUnavailableAndDegradedMachineStates
HostwrightRuntimeTests.AppleContainerInventoryParserTests/testDistinguishesNeverStartedStoppedFromStructuredStartedExit
HostwrightRuntimeTests.AppleContainerInventoryParserTests/testEmptyRawUserMeansDefaultUserAndMalformedRawUserIsRejected
HostwrightRuntimeTests.AppleContainerInventoryParserTests/testManagedNetworkOwnershipUsesExactUUIDDerivedIdentity
HostwrightRuntimeTests.AppleContainerInventoryParserTests/testObservesPublishedUnixSocketsAndRejectsUnsupportedMode
HostwrightRuntimeTests.AppleContainerInventoryParserTests/testRejectsPartialConflictingNestedAndUnsupportedContainerDetails
HostwrightRuntimeTests.AppleContainerInventoryParserTests/testRejectsPartialOrConflictingOwnershipWithoutNameFallback
HostwrightRuntimeTests.AppleContainerInventoryParserTests/testRejectsUnknownOrConflictingStatsAndOversizedFeeds
HostwrightRuntimeTests.AppleContainerInventoryParserTests/testStoppedContainerAllowsEmptyStatsPayload
HostwrightAuditQualificationToolTests.AuditQualificationTests/testParseAcceptsExactArgumentsWithPrivateCanonicalParent
HostwrightAuditQualificationToolTests.AuditQualificationTests/testParseRejectsUnexpectedArgumentsAndUnsafeInputs
HostwrightAuditQualificationToolTests.AuditQualificationTests/testResultProducesBoundedCanonicalJSON
HostwrightAuditQualificationToolTests.AuditQualificationTests/testResultRejectsIncompleteEvidence
HostwrightStateTests.AuditSchemaV19MigrationTests/testV18UpgradeCreatesExactAuditSchemaAndVerifiedRollbackRestoresV18
HostwrightStateTests.AuditSchemaV19MigrationTests/testV19MigrationChecksumTamperingFailsClosedWithoutFurtherWrites
HostwrightCLITests.BenchmarkCommandTests/testAttendedSleepWakeContractRecordsGapWithoutClaimingHardwarePass
HostwrightCLITests.BenchmarkCommandTests/testCleanupFailureProducesFailedEvidenceAndExactIdentifier
HostwrightCLITests.BenchmarkCommandTests/testContractRunWritesBlockedReportWithThreeRawIterationsAndExactCleanup
HostwrightCLITests.BenchmarkCommandTests/testDirectCommandValidationStopsBeforeRuntimeAndFileAccess
HostwrightCLITests.BenchmarkCommandTests/testExclusiveReportWriteMapsCreationRaceToOverwriteRefusal
HostwrightCLITests.BenchmarkCommandTests/testExistingReportRefusalPreservesRealFile
HostwrightCLITests.BenchmarkCommandTests/testLiveExclusiveWriterCreatesModeSixHundredFileAndRefusesSecondWrite
HostwrightCLITests.BenchmarkCommandTests/testMissingHostIdentityWritesBlockedReportBeforeRuntimeMeasurement
HostwrightCLITests.BenchmarkCommandTests/testMissingLocalImageCapabilityWritesBlockedReportInsteadOfPass
HostwrightCLITests.BenchmarkCommandTests/testParserRejectsMissingConfirmationBadCountsAndInvalidCommit
HostwrightCLITests.BenchmarkCommandTests/testParserRequiresAllExplicitLiveEvidenceInputs
HostwrightCLITests.BenchmarkCommandTests/testRuntimeTimeoutReportOmitsPartialOutputAndUnrelatedIdentifiers
HostwrightRuntimeTests.BenchmarkRuntimeTests/testLocalImageEvidenceParserAcceptsDigestPinnedReferenceForMatchingLocalTag
HostwrightRuntimeTests.BenchmarkRuntimeTests/testLocalImageEvidenceParserAcceptsPinnedPlatformManifestDigest
HostwrightRuntimeTests.BenchmarkRuntimeTests/testLocalImageEvidenceParserBlocksMissingImageAndRejectsBadDigest
HostwrightRuntimeTests.BenchmarkRuntimeTests/testLocalImageEvidenceParserRejectsConflictingDigestPinnedAliases
HostwrightRuntimeTests.BenchmarkRuntimeTests/testLocalImageEvidenceParserRejectsDigestPinnedReferenceForOtherRepository
HostwrightRuntimeTests.BenchmarkRuntimeTests/testLocalImageEvidenceParserUsesExactReferenceDigestAndArm64Variant
HostwrightRuntimeTests.BenchmarkRuntimeTests/testReadOnlyAdapterReadsVersionAndExactStatsThroughRunner
HostwrightRuntimeTests.BenchmarkRuntimeTests/testStatsCommandIsExactReadOnlyAndNonStreaming
HostwrightRuntimeTests.BenchmarkRuntimeTests/testStatsParserRejectsWrongIdentityAndMultipleRows
HostwrightRuntimeTests.BenchmarkRuntimeTests/testStatsParserUsesRealAppleContainerOnePointZeroShape
HostwrightRuntimeTests.BenchmarkRuntimeTests/testVersionParserRequiresExactSemanticVersionToken
HostwrightCommandTransportTests.BootstrapControlAPITests/testBootstrapEntryPointsRejectEachOthersCommands
HostwrightCommandTransportTests.BootstrapControlAPITests/testBootstrapRepairAndUninstallPreserveDirectCLIResults
HostwrightCommandTransportTests.BootstrapControlAPITests/testDockerEnvelopeCannotSmuggleCommandsThroughBootstrapTransport
HostwrightCommandTransportTests.BootstrapControlAPITests/testEmptyRequestIsRejectedAndMalformedRequestMapsToSafeInternalFailure
HostwrightCommandTransportTests.BootstrapControlAPITests/testOfflineRestorePreservesConfirmationAndRefusesLiveDaemonOrStaleState
HostwrightCommandTransportTests.BootstrapControlAPITests/testPersistentRouteIsRejectedBeforeAnyCommandExecution
HostwrightCommandTransportTests.BootstrapControlClientTests/testAdHocSourceIdentifiersAcceptOnlyExactBaseOrSwiftPMSuffix
HostwrightCommandTransportTests.BootstrapControlClientTests/testBoundedSubprocessRequestUsesPinnedIdentityAndReturnsValidatedResponse
HostwrightCommandTransportTests.BootstrapControlClientTests/testCompanionPreflightRejectsRelativeNonCanonicalAndMissingPaths
HostwrightCommandTransportTests.BootstrapControlClientTests/testCompanionPreflightRejectsSymlinkBeforeCodeIdentityValidation
HostwrightCommandTransportTests.BootstrapControlClientTests/testDefaultCompanionPathIsAbsoluteAndUsesTheFixedCompanionName
HostwrightCommandTransportTests.BootstrapControlClientTests/testNonzeroExitStandardErrorAndMismatchedRequestIDFailClosed
HostwrightCommandTransportTests.BootstrapControlClientTests/testSpawnedProcessValidationBindsTheActualRunningCodeIdentity
HostwrightCommandTransportTests.BootstrapControlClientTests/testTimeoutOverflowAndPinnedExecutableChangeHaveStableFailures
HostwrightCLITests.CLIAsyncCancellationTests/testAlreadyCancelledTaskDoesNotStartWork
HostwrightCLITests.CLIAsyncCancellationTests/testConnectionCancellationReachesAsyncWorkAndWaitsForCleanup
HostwrightCLITests.CLIAsyncCancellationTests/testPreCancelledConnectionDoesNotStartWork
HostwrightCLITests.CLIControlAuthorizationScopeTests/testAmbiguousManifestServiceOwnershipIsRejectedRatherThanChoosingOneResource
HostwrightCLITests.CLIControlAuthorizationScopeTests/testApplyAuthorizationScopeWaitsForStateAccessFenceContention
HostwrightCLITests.CLIControlAuthorizationScopeTests/testComposeAuthorizationUsesBoundedLiveReaderAndFailsClosedForUnsafeInputs
HostwrightCLITests.CLIControlAuthorizationScopeTests/testDeclaredScopeMismatchIsRejectedAgainstTheAuthoritativeManifestAndState
HostwrightCLITests.CLIControlAuthorizationScopeTests/testManifestBackedSingleServiceResolvesAuthoritativeProjectAndResourceUUID
HostwrightCLITests.CLIControlAuthorizationScopeTests/testMultipleRequestedServicesRetainProjectScopeWithoutInventingAResourceScope
HostwrightCLITests.CLIControlAuthorizationScopeTests/testMutatingExecutionAuthorizationBlocksConcurrentSerializedOwnershipMutation
HostwrightCLITests.CLIControlAuthorizationScopeTests/testMutatingExecutionAuthorizationStillSerializesBehindLifecycleMutationFence
HostwrightCLITests.CLIControlAuthorizationScopeTests/testReadOnlyExecutionAuthorizationDoesNotWaitBehindLifecycleMutationFence
HostwrightCLITests.CLIControlAuthorizationScopeTests/testReadOnlyExecutionAuthorizationFailsClosedWhenOwnershipChangesDuringBody
HostwrightCommandTransportTests.CLIControlCommandExecutorTests/testComposeControlRequiresExactManifestBackedProjectScope
HostwrightCommandTransportTests.CLIControlCommandExecutorTests/testComposeControlUsesBoundedSnapshotReaderAndRetainsExactBoundaryAndFailures
HostwrightCommandTransportTests.CLIControlCommandExecutorTests/testComposeExportAndUpdatePlanUnaryControlSnapshotEachInputOnce
HostwrightCommandTransportTests.CLIControlCommandExecutorTests/testComposePersistentControlRejectsInvalidManifestAuthorityWithoutDelegatedCLI
HostwrightCommandTransportTests.CLIControlCommandExecutorTests/testComposeUpdateAuthorizationRejectsMissingAmbiguousAndMismatchedProjectsBeforeExecution
HostwrightCommandTransportTests.CLIControlCommandExecutorTests/testComposeUpdateControlReadsSameAndDotAliasIdentityOnce
HostwrightCommandTransportTests.CLIControlCommandExecutorTests/testDeclaredAuthorizationScopeMismatchRejectsBeforeCLIExecution
HostwrightCommandTransportTests.CLIControlCommandExecutorTests/testDockerReadEnvelopeCannotExecuteMutatingCLIArguments
HostwrightCommandTransportTests.CLIControlCommandExecutorTests/testImportStackSnapshotsComposeInputWithoutTreatingItAsAHostwrightManifest
HostwrightCommandTransportTests.CLIControlCommandExecutorTests/testImportStackUnaryControlMapsCapacityWithoutWritesOrRuntime
HostwrightCommandTransportTests.CLIControlCommandExecutorTests/testPreparedCommandExecutesTheExactAuthorizedManifestSnapshot
HostwrightCommandTransportTests.CLIControlCommandExecutorTests/testRejectedComposeUpdateControlReturnsExactLossAndNoChanges
HostwrightCommandTransportTests.CLIControlCommandExecutorTests/testRelativeManifestIsResolvedAgainstAuthenticatedClientContext
HostwrightCommandTransportTests.CLIControlCommandExecutorTests/testStreamRouteIsRejectedForUnaryExecutor
HostwrightCommandTransportTests.CLIControlCommandExecutorTests/testUnaryNonzeroPreservesTypedResultAndErrorEnvelope
HostwrightCommandTransportTests.CLIControlCommandExecutorTests/testUnarySuccessPreservesExactTypedCLIResult
HostwrightCommandTransportTests.CLIControlCommandExecutorTests/testUnrelatedRequestReturnsNil
HostwrightCommandTransportTests.CLIControlProductionRoutingTests/testPackageRoutesExecutableAndDaemonThroughSingleTransportModule
HostwrightCommandTransportTests.CLIControlResultContractTests/testRejectsInvalidEnvelopeSchemaExitRangeAndBoundedOutputOverflow
HostwrightCommandTransportTests.CLIControlResultContractTests/testRoundTripPreservesStandardOutputStandardErrorAndExitCode
HostwrightCommandTransportTests.CLIControlRouteTests/testBoundedSDKLogsPreservesAuthenticatedControlStreamRouteAndProviderFlag
HostwrightCommandTransportTests.CLIControlRouteTests/testComposeExportAndUpdatePlanRoutesArePersistentUnaryAndReadOnly
HostwrightCommandTransportTests.CLIControlRouteTests/testDeterministicParseFailuresPreserveExitAndReasonAcrossTextAndJSON
HostwrightCommandTransportTests.CLIControlRouteTests/testEveryNestedParsedActionHasExactTextAndJSONRouteParity
HostwrightCommandTransportTests.CLIControlRouteTests/testFrozenParityInventoryRoutesEveryTopLevelCommand
HostwrightCommandTransportTests.CLIControlRouteTests/testIdentityBootstrapUsesOnlyTheLocalBootstrapTransport
HostwrightCommandTransportTests.CLIControlRouteTests/testLocalBootstrapPersistentAndStreamRoutesAreDisjoint
HostwrightCommandTransportTests.CLIControlRouteTests/testReadAndMutationClassificationUsesParsedCommandSemantics
HostwrightCommandTransportTests.CLIControlRouteTests/testRequestValidationRejectsMetadataMismatchesAndArgumentBounds
HostwrightCommandTransportTests.CLIControlRouteTests/testStreamPreparationRejectsUnaryRoutesAndAcceptsClassifiedStream
HostwrightCommandTransportTests.CLIControlStreamClientParityTests/testCommandRunnerExecUsesTheRealStreamClientAndPreservesOutputExitAndHalfClose
HostwrightCommandTransportTests.CLIControlStreamClientParityTests/testEventRetentionGapReturnsRawCursorsAcceptedByTheCLIContract
HostwrightCommandTransportTests.CLIControlStreamPayloadTests/testEventAndLogPayloadsRejectUnknownAndNoncanonicalFields
HostwrightCommandTransportTests.CLIControlStreamPayloadTests/testPreparationResponseStrictlyRejectsUnknownFields
HostwrightCommandTransportTests.CLIControlStreamPayloadTests/testRuntimeEnvelopeUsesTheStrictBoundedRuntimeContract
HostwrightCLITests.CLIFileErrorAndRecoveryTests/testApplyActiveLeaseExplainsOwnerExpiryAndDoesNotMutate
HostwrightCLITests.CLIFileErrorAndRecoveryTests/testApplyCanRetryAfterPreRuntimePersistenceFailureWithRecordedIntent
HostwrightCLITests.CLIFileErrorAndRecoveryTests/testApplyRecordedIntentActiveLeaseRequiresManualInspection
HostwrightCLITests.CLIFileErrorAndRecoveryTests/testConfirmedRecoveryRejectsWrongPlanHashBeforeRuntimeMutation
HostwrightCLITests.CLIFileErrorAndRecoveryTests/testImportReadAndInitWriteFailuresUseLocalFileClassification
HostwrightCLITests.CLIFileErrorAndRecoveryTests/testManifestFileFailuresUseStableClassificationAcrossCommands
HostwrightCLITests.CLIFileErrorAndRecoveryTests/testManifestReadFailureDetailsAreRedacted
HostwrightCLITests.CLIFileErrorAndRecoveryTests/testRecoveryJSONAliasSupportsInspectionAndConfirmedActions
HostwrightCLITests.CLIFileErrorAndRecoveryTests/testRecoveryTextAndJSONExposeRedactedActiveLeaseFields
HostwrightNetworkHelperTests.CertificateIdentityStoreTests/testDNSNamesAreCanonicalizedAndSortedForExactComparison
HostwrightNetworkHelperTests.CertificateIdentityStoreTests/testFingerprintsMustAlreadyBeLowercaseCanonicalSHA256
HostwrightNetworkHelperTests.CertificateIdentityStoreTests/testImportedAndManagedResolutionRejectUppercaseBeforeKeychainAccess
HostwrightNetworkHelperTests.CertificateIdentityStoreTests/testImportedIdentityResolvesExactFingerprintWithoutTakingOwnership
HostwrightNetworkHelperTests.CertificateIdentityStoreTests/testInvalidGenerationInputsDoNotReachKeychain
HostwrightNetworkHelperTests.CertificateIdentityStoreTests/testKeychainStatusesMapToDistinctSafeErrors
HostwrightNetworkHelperTests.CertificateIdentityStoreTests/testManagedCleanupRetriesAfterLeafCertificateWasDeleted
HostwrightNetworkHelperTests.CertificateIdentityStoreTests/testManagedCleanupRetriesAfterLeafKeyWasDeletedAndFailsClosed
HostwrightNetworkHelperTests.CertificateIdentityStoreTests/testManagedEvidenceLookupForAbsentExactScopeIsNoninteractive
HostwrightNetworkHelperTests.CertificateIdentityStoreTests/testManagedIdentityGenerateResolveAndExactCleanup
HostwrightNetworkHelperTests.CertificateIdentityStoreTests/testManagedMetadataCarriesIssuerFingerprintEvidence
HostwrightNetworkHelperTests.CertificateIdentityStoreTests/testMetadataDoesNotInventRevocationStatus
HostwrightNetworkHelperTests.CertificateIdentityStoreTests/testPersistentRefRestart
HostwrightNetworkHelperTests.CertificateIdentityStoreTests/testScopeRequiresCanonicalUUIDsAndPositiveGeneration
HostwrightNetworkHelperTests.CertificateIdentityStoreTests/testSecureSerialNumbersAreNonzeroTwentyByteValues
HostwrightNetworkHelperTests.CertificateIdentityStoreTests/testSecureSerialNumberUsesCanonicalByteBackedEncoding
HostwrightNetworkHelperTests.CertificateIdentityStoreTests/testValidityAllowsManifestMaximumAndRejectsOutsideBounds
HostwrightStateTests.CertificateStateRepositoryTests/testCanonicalJSONBoundsAndIntegrityDoNotExposeKeyMaterial
HostwrightStateTests.CertificateStateRepositoryTests/testImportedIdentityStateCanBeReleasedWithoutOwningKeychainIdentity
HostwrightStateTests.CertificateStateRepositoryTests/testLifecycleCASAndManagedExactPurge
HostwrightStateTests.CertificateStateRepositoryTests/testRejectsStaleFenceAndIllegalTransition
HostwrightStateTests.CertificateStateRepositoryTests/testV15ToV16AddsCertificateTableAndIndexes
HostwrightDistributionTests.ContainerizationAssetPreparationScriptTests/testDryRunPrintsDirectManifestContractWithoutMaterializing
HostwrightDistributionTests.ContainerizationAssetPreparationScriptTests/testRejectsRelativeAndSymlinkTraversingOutputBeforeDryRun
HostwrightContainerizationHelperTests.ContainerizationFrameworkBackendTests/testAllocationPersistsAndObservesDistinctLimitsIncludingStoppedRecovery
HostwrightContainerizationHelperTests.ContainerizationFrameworkBackendTests/testAutomaticIPv4NetworkCreateIsRejected
HostwrightContainerizationHelperTests.ContainerizationFrameworkBackendTests/testAvailableNetworkPolicyPersistsEvidenceAndRepairsRuleLoss
HostwrightContainerizationHelperTests.ContainerizationFrameworkBackendTests/testCancelledReservedCreateDoesNotPublishAfterResolution
HostwrightContainerizationHelperTests.ContainerizationFrameworkBackendTests/testCapabilitySnapshotAdvertisesExactImplementedFeatureSet
HostwrightContainerizationHelperTests.ContainerizationFrameworkBackendTests/testConfigurationRejectsTamperedKernelAndUnsafeConfigurationMode
HostwrightContainerizationHelperTests.ContainerizationFrameworkBackendTests/testCreateRejectsLabelsThatDoNotMatchFenceBeforeDriverMutation
HostwrightContainerizationHelperTests.ContainerizationFrameworkBackendTests/testCreateReservationRejectsReentrantDuplicateAndTransferBeforeProcessResolution
HostwrightContainerizationHelperTests.ContainerizationFrameworkBackendTests/testCreateTimeNetworkAttachmentIsObservedAndBlocksNetworkDelete
HostwrightContainerizationHelperTests.ContainerizationFrameworkBackendTests/testDisabledIPv6NetworkCreateProducesVerifiedIPv4OnlyNetwork
HostwrightContainerizationHelperTests.ContainerizationFrameworkBackendTests/testExplicitNetworkPolicyIsRejectedBeforeRuntimeMutationWhenDriverCannotEnforce
HostwrightContainerizationHelperTests.ContainerizationFrameworkBackendTests/testFailedStartAndRestartReadbackDiscardPriorVerifiedAllocation
HostwrightContainerizationHelperTests.ContainerizationFrameworkBackendTests/testFenceTransferCancellationAndConcurrentClaimPreserveAdoptedAuthority
HostwrightContainerizationHelperTests.ContainerizationFrameworkBackendTests/testFenceTransferRejectsMissingForgedAndReplayedPriorProofBeforeEffects
HostwrightContainerizationHelperTests.ContainerizationFrameworkBackendTests/testFreshFencedLifecycleTransfersExactPriorOwnershipAndRetainsSamePlanContext
HostwrightContainerizationHelperTests.ContainerizationFrameworkBackendTests/testInitfsCacheIdentityIsBoundToPinnedFrameworkAndVariant
HostwrightContainerizationHelperTests.ContainerizationFrameworkBackendTests/testInvalidAllocationRejectsBeforeDriverOrPersistenceMutation
HostwrightContainerizationHelperTests.ContainerizationFrameworkBackendTests/testIPv6OnlyNetworkCreateIsRejectedBeforeDriverMutation
HostwrightContainerizationHelperTests.ContainerizationFrameworkBackendTests/testLegacyRecordKeepsCleanupWithoutInventingAllocationOrStarting
HostwrightContainerizationHelperTests.ContainerizationFrameworkBackendTests/testLifecyclePersistsOwnershipAndVerifiesEveryEffect
HostwrightContainerizationHelperTests.ContainerizationFrameworkBackendTests/testLogSnapshotsAndCursorsPreserveCompleteAndEmptyLines
HostwrightContainerizationHelperTests.ContainerizationFrameworkBackendTests/testManagedRestartReplacesOnlyTheRuntimeInstanceIdentity
HostwrightContainerizationHelperTests.ContainerizationFrameworkBackendTests/testMissingLocalImageIsRejectedWithoutMutation
HostwrightContainerizationHelperTests.ContainerizationFrameworkBackendTests/testNativeDriverIdleUnknownAndPendingNetworkCreationFailClosed
HostwrightContainerizationHelperTests.ContainerizationFrameworkBackendTests/testNativeIdleShutdownRequiresNoRetainedRecordsAndLatchesCreateAdmission
HostwrightContainerizationHelperTests.ContainerizationFrameworkBackendTests/testNetworkContractAdvertisesExactContainerizationOperations
HostwrightContainerizationHelperTests.ContainerizationFrameworkBackendTests/testNetworkDeleteAcceptsExactPriorOwnershipWithFreshOperationFenceAndRejectsMismatch
HostwrightContainerizationHelperTests.ContainerizationFrameworkBackendTests/testOwnedNetworkCreateInspectAndDeleteVerifyFence
HostwrightContainerizationHelperTests.ContainerizationFrameworkBackendTests/testPersistedFenceHistoryRejectsInvalidDuplicateAndExhaustedHistory
HostwrightContainerizationHelperTests.ContainerizationFrameworkBackendTests/testPersistenceRejectsMalformedAllocationRatherThanApplyingSDKDefaults
HostwrightContainerizationHelperTests.ContainerizationFrameworkBackendTests/testPolicyReconcileCancellationAfterStartStopsResourceWithoutFalseSuccess
HostwrightContainerizationHelperTests.ContainerizationFrameworkBackendTests/testPolicyReconcileFailureAfterStartStopsResourceWithoutFalseSuccess
HostwrightContainerizationHelperTests.ContainerizationFrameworkBackendTests/testPostRenameFenceFailureQuarantinesAllAuthorityUntilVerifiedReconstruction
HostwrightContainerizationHelperTests.ContainerizationFrameworkBackendTests/testPreparedDeleteFinishesThroughObservation
HostwrightContainerizationHelperTests.ContainerizationFrameworkBackendTests/testPreRenameValidationFailurePreservesDiskAndDoesNotConsumeRenameFault
HostwrightContainerizationHelperTests.ContainerizationFrameworkBackendTests/testRestartRecoveryReportsStoppedUntilExplicitStart
HostwrightContainerizationHelperTests.ContainerizationFrameworkBackendTests/testSDKAllocationMismatchFailsCreateWithoutVerifiedEvidence
HostwrightContainerizationHelperTests.ContainerizationFrameworkBackendTests/testSDKConfigurationUsesExplicitAllocationAndRejectsMissingOrInvalidLimits
HostwrightContainerizationHelperTests.ContainerizationFrameworkBackendTests/testStopRejectsAStaleFenceBeforeDriverMutation
HostwrightRuntimeTests.ContainerizationGuestNetworkPolicyCompilerTests/testAbsentPolicyAllowsOnlyExactSameProjectPeerAddresses
HostwrightRuntimeTests.ContainerizationGuestNetworkPolicyCompilerTests/testCompilerIsDeterministicAcrossInputOrderingAndDuplicates
HostwrightRuntimeTests.ContainerizationGuestNetworkPolicyCompilerTests/testDNSResolutionChangeProducesNewPolicyDigest
HostwrightRuntimeTests.ContainerizationGuestNetworkPolicyCompilerTests/testDNSResolutionIsExactAndIntersectsAddressSelector
HostwrightRuntimeTests.ContainerizationGuestNetworkPolicyCompilerTests/testExpansionBeyondGuestDocumentLimitFailsClosed
HostwrightRuntimeTests.ContainerizationGuestNetworkPolicyCompilerTests/testExplicitSelectorsResolveAndIntersectWithoutWidening
HostwrightRuntimeTests.ContainerizationGuestNetworkPolicyCompilerTests/testGatewayAnyPortExistsOnlyWhenSourceRuleHasNoPort
HostwrightRuntimeTests.ContainerizationGuestNetworkPolicyCompilerTests/testInputBoundsAndCanonicalAddressValidation
HostwrightRuntimeTests.ContainerizationGuestNetworkPolicyCompilerTests/testTrustedIngressGatewayIsNeverAddedToAbsentOrEgressPolicy
HostwrightRuntimeTests.ContainerizationGuestNetworkPolicyCompilerTests/testTrustedIngressGatewayPreservesProtocolAndPort
HostwrightRuntimeTests.ContainerizationGuestNetworkPolicyCompilerTests/testUnknownDNSFailsWhileEmptyAndDisjointDNSCompileNoAllow
HostwrightRuntimeTests.ContainerizationGuestNetworkPolicyCompilerTests/testUnknownIdentityFailsAndKnownUnaddressedPeerCompilesNoAllow
HostwrightRuntimeTests.ContainerizationGuestNetworkPolicyDocumentTests/testApplyWireDocumentCarriesBoundIdentityDefaultsAndBootstrapSettings
HostwrightRuntimeTests.ContainerizationGuestNetworkPolicyDocumentTests/testDecodeRejectsDigestTampering
HostwrightRuntimeTests.ContainerizationGuestNetworkPolicyDocumentTests/testDigestMatchesLanguageNeutralCanonicalContract
HostwrightRuntimeTests.ContainerizationGuestNetworkPolicyDocumentTests/testVerifyWireDocumentCarriesDigestInputsWithoutBootstrapSettings
HostwrightContainerizationHelperTests.ContainerizationGuestPolicyStoreTests/testPrepareUpdateAndExactRemovalUsePrivateOwnedFiles
HostwrightContainerizationHelperTests.ContainerizationGuestPolicyStoreTests/testRemovalRefusesUnexpectedFiles
HostwrightContainerizationHelperTests.ContainerizationGuestPolicyStoreTests/testRepeatedUpdatePreservesRequestFileInode
HostwrightContainerizationHelperTests.ContainerizationGuestPolicyStoreTests/testSameGenerationDifferentDigestIsRejectedWithoutChangingFile
HostwrightContainerizationHelperTests.ContainerizationGuestPolicyStoreTests/testUpdateRefusesReplacedRequestPath
HostwrightRuntimeTests.ContainerizationHelperBootstrapTests/testConcurrentPrepareUsesOneExclusiveDurableConfiguration
HostwrightRuntimeTests.ContainerizationHelperBootstrapTests/testNonInstalledHelperLayoutFailsBeforeCreatingSupportState
HostwrightRuntimeTests.ContainerizationHelperBootstrapTests/testPreparePersistsExactPrivateConfigurationAndIsIdempotent
HostwrightRuntimeTests.ContainerizationHelperBootstrapTests/testPrepareRefusesMismatchedExistingConfigurationWithoutOverwrite
HostwrightRuntimeTests.ContainerizationHelperBootstrapTests/testPrepareRefusesSymlinkTraversalAndUnsafePrivateDirectory
HostwrightRuntimeTests.ContainerizationHelperBootstrapTests/testPrepareRejectsImportedRootAsPackagedManifestBeforePersistence
HostwrightRuntimeTests.ContainerizationHelperBootstrapTests/testPrepareRejectsInvalidGuestPolicyLoaderBeforePersistence
HostwrightRuntimeTests.ContainerizationHelperBootstrapTests/testPrepareRejectsModifiedGuestLoaderWithValidELFHeader
HostwrightRuntimeTests.ContainerizationHelperBootstrapTests/testPrepareTreatsMissingOrReplacedAssetsAsUnavailableWithoutPersistence
HostwrightRuntimeTests.ContainerizationHelperBootstrapTests/testPrivateSupportRefusesExistingForeignDocumentAndRuntimeSymlink
HostwrightRuntimeTests.ContainerizationHelperBootstrapTests/testPrivateSupportRejectsForeignConfigurationAndRuntimeBeforePersistence
HostwrightRuntimeTests.ContainerizationHelperBootstrapTests/testPrivateSupportRejectsSymlinkAndUnsafeRootBeforeConfiguration
HostwrightRuntimeTests.ContainerizationHelperBootstrapTests/testPrivateSupportUsesResolvedConfigurationDataAndRuntimeWithoutDefaultState
HostwrightRuntimeTests.ContainerizationHelperClientTests/testActivationAuthorityExpiresDuringHelperImageAndNegotiationPreparation
HostwrightRuntimeTests.ContainerizationHelperClientTests/testCancellationSendsTypedCancelAndLeavesNoRunningClientTask
HostwrightRuntimeTests.ContainerizationHelperClientTests/testClientLaunchesHelperWithoutShellAndNegotiatesCanonicalProtocol
HostwrightRuntimeTests.ContainerizationHelperClientTests/testClientRejectsMismatchedTruncatedAndOversizedResponses
HostwrightRuntimeTests.ContainerizationHelperClientTests/testClientRetriesPeerAuthenticationFailureDuringFreshLaunch
HostwrightRuntimeTests.ContainerizationHelperClientTests/testClientRoutesExactTypedReadAndMutationSubset
HostwrightRuntimeTests.ContainerizationHelperClientTests/testClientValidatesCursorBasedBoundedLogResponse
HostwrightRuntimeTests.ContainerizationHelperClientTests/testConfigurationRejectsSymlinkAndBroadPermissions
HostwrightRuntimeTests.ContainerizationHelperClientTests/testDeadHelperReconnectsOnceAndNeverDeletesAReplacementSocket
HostwrightRuntimeTests.ContainerizationHelperClientTests/testHelperCodeRequirementSourceIsCanonicalAndParseable
HostwrightRuntimeTests.ContainerizationHelperClientTests/testHelperSignedCodeIdentityMatchesOnlyQualifiedIdentifierAndTeam
HostwrightRuntimeTests.ContainerizationHelperClientTests/testInstalledHelperConfigurationPreservesDefaultPrivatePaths
HostwrightRuntimeTests.ContainerizationHelperClientTests/testInstalledHelperConfigurationRejectsInvalidPrivatePathOverride
HostwrightRuntimeTests.ContainerizationHelperClientTests/testInstalledHelperConfigurationUsesResolvedPrivatePathOverrides
HostwrightRuntimeTests.ContainerizationHelperClientTests/testLiveCodeValidationUsesSecurityFrameworkSupportedFlags
HostwrightRuntimeTests.ContainerizationHelperClientTests/testPOSIXLauncherCleansDescendantBeforeReapingNaturallyExitedLeader
HostwrightRuntimeTests.ContainerizationHelperClientTests/testPOSIXLauncherConcurrentTerminationIsIdempotentAcrossLeaderReap
HostwrightRuntimeTests.ContainerizationHelperClientTests/testPOSIXLauncherTerminationKillsProcessGroupAndReapsLeader
HostwrightRuntimeTests.ContainerizationHelperClientTests/testPOSIXLauncherUsesExactArgumentsEnvironmentAndWorkingDirectory
HostwrightRuntimeTests.ContainerizationHelperClientTests/testProbeLeaseReleasePreservesExistingHelperWithoutShutdown
HostwrightRuntimeTests.ContainerizationHelperClientTests/testProbeLeaseReleaseRemovesOwnedSocketAndRejectsReplacement
HostwrightRuntimeTests.ContainerizationHelperClientTests/testProbeLeaseReleaseRequiresVerifiedProcessTermination
HostwrightRuntimeTests.ContainerizationHelperClientTests/testRemoteErrorsAreTypedRedactedAndInvalidateStaleSnapshot
HostwrightRuntimeTests.ContainerizationHelperClientTests/testRuntimeAdapterBindsHelperCreateToExactDigestLock
HostwrightRuntimeTests.ContainerizationHelperClientTests/testRuntimeAdapterBuildsExactOwnedCreateRequestAndSupportsManagedStop
HostwrightRuntimeTests.ContainerizationHelperClientTests/testRuntimeAdapterPreservesNormalizedStaleAndFencingFailures
HostwrightRuntimeTests.ContainerizationHelperClientTests/testRuntimeAdapterRejectsHelperDigestLockDriftBeforeCreate
HostwrightRuntimeTests.ContainerizationHelperClientTests/testRuntimeAdapterRejectsMissingOrInvalidAllocationBeforeCreateRequest
HostwrightRuntimeTests.ContainerizationHelperClientTests/testRuntimeAdapterRejectsMountsBeforeAnyHelperCreateInvocation
HostwrightRuntimeTests.ContainerizationHelperClientTests/testSDKObservationRejectsForgedNameOrOwnershipInsteadOfReportingAbsence
HostwrightRuntimeTests.ContainerizationHelperClientTests/testSDKObservationRetainsActualAllocationAndDoesNotFillUnavailableEvidenceFromDesiredLimits
HostwrightRuntimeTests.ContainerizationHelperClientTests/testShutdownRemovesOnlyTheOwnedSocketBeforeRelaunch
HostwrightRuntimeTests.ContainerizationHelperClientTests/testUnixTransportReadsBufferedFrameWhenPeerClosesAfterWrite
HostwrightRuntimeTests.ContainerizationHelperInteractiveExecutorTests/testInspectAndStatsEmitCanonicalNormalizedRedactedFrames
HostwrightRuntimeTests.ContainerizationHelperInteractiveExecutorTests/testLogFollowUsesMonotonicCursorAndRecoversOneHelperRestart
HostwrightRuntimeTests.ContainerizationHelperInteractiveExecutorTests/testQualifiedSubsetRejectsUnsupportedOperationsBeforeRequesterInvocation
HostwrightRuntimeTests.ContainerizationHelperInteractiveExecutorTests/testStaleCapabilityFailsBeforeObservation
HostwrightRuntimeTests.ContainerizationHelperProtocolTests/testCanonicalDecoderRejectsProtocolMismatch
HostwrightRuntimeTests.ContainerizationHelperProtocolTests/testCanonicalDecoderRejectsWhitespaceUnknownAndDuplicateFields
HostwrightRuntimeTests.ContainerizationHelperProtocolTests/testFrameBoundIsExactlyEightMiB
HostwrightRuntimeTests.ContainerizationHelperProtocolTests/testFrameDecoderRejectsZeroOverflowTruncationAndTrailingBytes
HostwrightRuntimeTests.ContainerizationHelperProtocolTests/testFrameUsesFourByteBigEndianLength
HostwrightRuntimeTests.ContainerizationHelperProtocolTests/testIncrementalDecoderAcceptsSplitHeaderAndPayload
HostwrightRuntimeTests.ContainerizationHelperProtocolTests/testMutationPriorOwnershipProofRoundTripsAndRemainsPayloadBounded
HostwrightRuntimeTests.ContainerizationHelperProtocolTests/testOperationContractIsExact
HostwrightRuntimeTests.ContainerizationHelperProtocolTests/testPeerIdentityPolicyRequiresSameUIDPositivePIDExactTeamAndRequirement
HostwrightRuntimeTests.ContainerizationHelperProtocolTests/testRequestRoundTripsAsCanonicalJSONWithTypedPayloadAndMutationContext
HostwrightRuntimeTests.ContainerizationHelperProtocolTests/testRequestValidatorRejectsReplayExpiredAndInvalidBindings
HostwrightRuntimeTests.ContainerizationHelperProtocolTests/testResultAndErrorEnvelopesAreVersionedTypedAndRedacted
HostwrightRuntimeTests.ContainerizationHelperServiceTests/testCancellationStopsAnActiveBackendTaskAndReturnsTypedResults
HostwrightRuntimeTests.ContainerizationHelperServiceTests/testCreateAllocationRoundTripsAndDispatcherRejectsMissingOrInvalidLimits
HostwrightRuntimeTests.ContainerizationHelperServiceTests/testCreateRequiresMatchingLocalImageEvidenceBeforeMutation
HostwrightRuntimeTests.ContainerizationHelperServiceTests/testDisconnectedUnixClientDoesNotShutDownRetainedBackend
HostwrightRuntimeTests.ContainerizationHelperServiceTests/testDispatcherRoutesTheExactTypedOperationSubset
HostwrightRuntimeTests.ContainerizationHelperServiceTests/testIdleDecisionFencesDispatchUntilBackendRefuses
HostwrightRuntimeTests.ContainerizationHelperServiceTests/testIdlePolicyAndServerStopOnlyWithoutActiveConnections
HostwrightRuntimeTests.ContainerizationHelperServiceTests/testMutationContextMustBindTheContainerizationProviderAndRequestDigest
HostwrightRuntimeTests.ContainerizationHelperServiceTests/testNegotiationCanRefreshAStaleDigestButOtherOperationsCannot
HostwrightRuntimeTests.ContainerizationHelperServiceTests/testRuntimeDirectoryAndSocketUseExactPrivateModesAndCleanup
HostwrightRuntimeTests.ContainerizationHelperServiceTests/testRuntimeDirectoryRejectsUnsafeModeAndSymlink
HostwrightRuntimeTests.ContainerizationHelperServiceTests/testSocketCleanupRefusesToDeleteAReplacementPath
HostwrightContainerizationHelperTests.ContainerizationInitImageContractTests/testPinnedConfigurationMatchesSDKImportedIndexAndManifestVariant
HostwrightContainerizationHelperTests.ContainerizationInitImageContractTests/testSDKDirectManifestImportProducesAuthenticatedIndirectIndex
HostwrightStateTests.ContentCacheRepositoryTests/testContentAccountingIsBoundedDeterministicAndMonotonic
HostwrightStateTests.ContentCacheRepositoryTests/testExclusiveLeaseAllowsOwnedReferenceCleanupThenExactContentRemoval
HostwrightStateTests.ContentCacheRepositoryTests/testExclusiveLeaseCannotAuthorizeAnUnrelatedOwnedReference
HostwrightStateTests.ContentCacheRepositoryTests/testOwnedReferenceRequiresExactProofAndRemovalIdentity
HostwrightStateTests.ContentCacheRepositoryTests/testPinsBlockExclusiveLeaseUntilExplicitlyCleared
HostwrightStateTests.ContentCacheRepositoryTests/testRejectsInvalidBoundaryInputs
HostwrightStateTests.ContentCacheRepositoryTests/testSeparateStoreConnectionCannotRaceExclusiveLease
HostwrightStateTests.ContentCacheRepositoryTests/testSharedReadersCoexistAndExclusiveLeaseConflictsByDigest
HostwrightStateTests.ContentCacheRepositoryTests/testStaleLeaseDoesNotBlockExclusiveDeletionLease
HostwrightCoreTests.ContractVersionsTests/testCapabilityCatalogIsDeterministicUniqueAndCoversEveryRoadmapPhase
HostwrightCoreTests.ContractVersionsTests/testCheckedInV002VersionGoldenMatchesProductionAuthority
HostwrightCoreTests.ContractVersionsTests/testReleaseAndBreakingContractVersionsHaveOneAuthority
HostwrightCoreTests.ContractVersionsTests/testReleaseGateUsesTheAcceptedSingleMacEvidenceScope
HostwrightCoreTests.ContractVersionsTests/testVerificationConstitutionIncludesEveryV002EvidenceClass
HostwrightControlTransportTests.ControlFrameCodecTests/testAcceptsBufferedReadWhenPeerHalfCloses
HostwrightControlTransportTests.ControlFrameCodecTests/testDelayedUnixPeerReadCompletesMaximumFrameOnNonblockingWriter
HostwrightControlTransportTests.ControlFrameCodecTests/testNonReadingUnixPeerExpiresMaximumFrameWriteAtDeadline
HostwrightControlTransportTests.ControlFrameCodecTests/testReadDeadlineExpiresWithoutPeerData
HostwrightControlTransportTests.ControlFrameCodecTests/testReadsFragmentedPrefixAndBody
HostwrightControlTransportTests.ControlFrameCodecTests/testRejectsOversizeDeclaredLengthBeforePayloadAllocation
HostwrightControlTransportTests.ControlFrameCodecTests/testRoundTripUsesBigEndianLengthPrefix
HostwrightControlTransportTests.ControlFrameCodecTests/testWriteRejectsPeerCloseWithoutSignal
HostwrightCLITests.ControlIdentityBootstrapTests/testBootstrapAPIPairAcceptsExactSwiftPMAdHocIdentifierShapes
HostwrightCLITests.ControlIdentityBootstrapTests/testBootstrapAPIPairDeclaresInstallerAsOwnerAndPinsCompanionSeparately
HostwrightCLITests.ControlIdentityBootstrapTests/testBootstrapAPIPairRejectsWrongCompanionIdentifierOrTrustDomain
HostwrightCLITests.ControlIdentityBootstrapTests/testBootstrapDeclaresDesktopAsOperatorAndRotatesInstalledIdentity
HostwrightCLITests.ControlIdentityBootstrapTests/testBootstrapDeclaresFirstIdentityAndAcceptsInstalledRequirementRotation
HostwrightCLITests.ControlIdentityBootstrapTests/testBootstrapRefusesUndeclaredAdHocReplacement
HostwrightCLITests.ControlIdentityBootstrapTests/testBootstrapRejectsDesktopOutsideInstallerTrustDomain
HostwrightCLITests.ControlIdentityBootstrapTests/testManagedBootstrapAcceptsOverridesThatResolveToManagedPaths
HostwrightCLITests.ControlIdentityBootstrapTests/testManagedBootstrapRejectsIsolatedPathsBeforeCreatingState
HostwrightStateTests.ControlIdentityBootstrapTransactionTests/testAllRotationsAndDesktopBindingCommitTogether
HostwrightStateTests.ControlIdentityBootstrapTransactionTests/testChangedExpectedSnapshotRefusesBeforeRotations
HostwrightStateTests.ControlIdentityBootstrapTransactionTests/testFailureAfterInstallerRotationPreservesHashesSessionsAndRBAC
HostwrightStateTests.ControlIdentityRepositoryTests/testBootstrapIsExplicitOneTimeAndDeclareRequiresActiveActor
HostwrightStateTests.ControlIdentityRepositoryTests/testCredentialRotationRequiresCurrentGenerationAndInvalidatesOldSession
HostwrightStateTests.ControlIdentityRepositoryTests/testDeclaresInstalledAndPinnedAdHocIdentities
HostwrightStateTests.ControlIdentityRepositoryTests/testExpiryAndAllRevocationTargetsTakeEffectImmediately
HostwrightStateTests.ControlIdentityRepositoryTests/testInstalledHashRotationFailsClosedOnPreexistingGlobalRetirement
HostwrightStateTests.ControlIdentityRepositoryTests/testInstalledHashRotationIsAtomicRetiresOldHashAndPreservesSubjectRBAC
HostwrightStateTests.ControlIdentityRepositoryTests/testInstalledHashRotationRetiresSharedHashOnlyAfterLastActiveIdentityMoves
HostwrightStateTests.ControlIdentityRepositoryTests/testPersistsOnlyExactActiveIdentitySessionMatchAndRejectsGenerationChange
HostwrightStateTests.ControlIdentityRepositoryTests/testRecordsPersistAfterReopenAndV18SchemaInventoryIsStrict
HostwrightStateTests.ControlIdentityRepositoryTests/testRejectsInvalidIdentityAndCredentialBoundaries
HostwrightStateTests.ControlIdentityRepositoryTests/testV17MigratesContiguouslyToV20
HostwrightStateTests.ControlIdentitySchemaV22MigrationTests/testV21AmbiguousInstalledBucketFailsMigrationWithoutPartialVersionAdvance
HostwrightStateTests.ControlIdentitySchemaV22MigrationTests/testV21UpgradeAddsOneActiveInstalledIdentityBucketConstraint
HostwrightStateTests.ControlIdentitySecurityAdapterTests/testInstalledRequirementAllowsCDHashRotationButRejectsDuplicateIdentity
HostwrightStateTests.ControlIdentitySecurityAdapterTests/testInstalledRequirementRequiresAtomicCDHashRotationAndRejectsOldHash
HostwrightStateTests.ControlIdentitySecurityAdapterTests/testRefusesUnboundedSessionLifetimeAndUnsignedIntegerOverflow
HostwrightStateTests.ControlIdentitySecurityAdapterTests/testResolvesExactNativeCDHashAndPersistsBoundSession
HostwrightStateTests.ControlIdentitySecurityAdapterTests/testRevocationAndGenerationChangeInvalidateSessionImmediately
HostwrightStateTests.ControlIdentitySecurityAdapterTests/testSessionPersistenceWaitsForTransientWriterFenceContention
HostwrightStateTests.ControlIdentitySecurityAdapterTests/testSessionValidationWaitsForTransientExclusiveContention
HostwrightControlTests.ControlImageParityTests/testEveryImageOperationMapsToTheStrictCLIGrammar
HostwrightControlTests.ControlImageParityTests/testImageControlRejectsUnsafeOrCrossOperationFields
HostwrightControlTests.ControlImageParityTests/testOneShotControlCreatesFreshImageStateThroughSharedCLIPath
HostwrightControlTests.ControlImageParityTests/testOneShotControlExecutesImageInspectThroughSharedProviderContract
HostwrightControlSecurityTests.ControlPeerAuthenticatorTests/testAcceptsCredentialProofBoundToCompleteChallenge
HostwrightControlSecurityTests.ControlPeerAuthenticatorTests/testInvalidWireResponseConsumesAttemptWithoutPersistingSession
HostwrightControlSecurityTests.ControlPeerAuthenticatorTests/testProductionCodeValidatorBindsLiveCodeToAuditToken
HostwrightControlSecurityTests.ControlPeerAuthenticatorTests/testProductionSocketPeerReaderCrossChecksCurrentProcess
HostwrightControlSecurityTests.ControlPeerAuthenticatorTests/testRejectsCredentialProofForDifferentNonce
HostwrightControlSecurityTests.ControlPeerAuthenticatorTests/testRejectsInstalledIdentityWithWrongIdentifier
HostwrightControlSecurityTests.ControlPeerAuthenticatorTests/testRejectsInstalledIdentityWithWrongTeam
HostwrightControlSecurityTests.ControlPeerAuthenticatorTests/testRejectsMalformedAuditTokenBeforeCodeValidation
HostwrightControlSecurityTests.ControlPeerAuthenticatorTests/testRejectsOversizedServerNonce
HostwrightControlSecurityTests.ControlPeerAuthenticatorTests/testRejectsPIDReuseCrossCheckBeforeCodeValidation
HostwrightControlSecurityTests.ControlPeerAuthenticatorTests/testRejectsReplayWhenDaemonGenerationChanges
HostwrightControlSecurityTests.ControlPeerAuthenticatorTests/testRejectsSpoofedGroup
HostwrightControlSecurityTests.ControlPeerAuthenticatorTests/testRejectsTokenUIDMismatchBeforeCodeValidation
HostwrightControlSecurityTests.ControlPeerAuthenticatorTests/testRejectsUnexpectedCredentialProofForUnboundSubject
HostwrightControlSecurityTests.ControlPeerAuthenticatorTests/testRejectsUnpinnedAdHocIdentity
HostwrightControlSecurityTests.ControlPeerAuthenticatorTests/testRejectsWrongCredentialID
HostwrightControlSecurityTests.ControlPeerAuthenticatorTests/testRequiresCredentialForCredentialBoundSubject
HostwrightControlSecurityTests.ControlPeerAuthenticatorTests/testSessionValidationRechecksImmediateRevocationAndGeneration
HostwrightControlSecurityTests.ControlPeerAuthenticatorTests/testTrustPolicyAcceptsSignedDesktopIdentifier
HostwrightControlSecurityTests.ControlPeerAuthenticatorTests/testTrustPolicyCannotReplaceFrozenTeamOrInstalledIdentifiers
HostwrightControlSecurityTests.ControlPeerAuthenticatorTests/testWireChallengePersistsNoSessionUntilOneShotResponseCompletes
HostwrightControlPlaneTests.ControlPlaneContractTests/testAdditiveRevisionCompatibilityKeepsAuthenticationFrozen
HostwrightControlPlaneTests.ControlPlaneContractTests/testAuditAndMigrationContracts
HostwrightControlPlaneTests.ControlPlaneContractTests/testAuthenticationHandshakeIsCanonicalStrictAndProofBound
HostwrightControlPlaneTests.ControlPlaneContractTests/testAuthenticationWireCanonicalRoundTrips
HostwrightControlPlaneTests.ControlPlaneContractTests/testAuthenticationWireProofRequirementIsSymmetricAndRejectsPartialProof
HostwrightControlPlaneTests.ControlPlaneContractTests/testAuthenticationWireRejectsUnknownDuplicateAndMissingFields
HostwrightControlPlaneTests.ControlPlaneContractTests/testAuthenticationWireRejectsWrongVersionKindNonceHashAndBounds
HostwrightControlPlaneTests.ControlPlaneContractTests/testClientEnvelopeHasNoIdentityAndLegacyRevisionCompatibility
HostwrightControlPlaneTests.ControlPlaneContractTests/testEveryGoldenStrictlyDecodesAndRejectsUnknownFields
HostwrightControlPlaneTests.ControlPlaneContractTests/testFrozenCLIParityInventory
HostwrightControlPlaneTests.ControlPlaneContractTests/testFrozenVersionsAndLimits
HostwrightControlPlaneTests.ControlPlaneContractTests/testIdentityAndSessionBindingCrossChecksUID
HostwrightControlPlaneTests.ControlPlaneContractTests/testPluginSourceRequiresLexicalCanonicalityWithoutChangingHTTPS
HostwrightControlPlaneTests.ControlPlaneContractTests/testRBACScopesRolesAndAdmissionRules
HostwrightControlPlaneTests.ControlPlaneContractTests/testResponseAndStreamConsistency
HostwrightControlPlaneTests.ControlPlaneContractTests/testSchedulerWireBodyRequiresBoundedProjectScope
HostwrightControlPlaneTests.ControlPlaneContractTests/testTypedProfileAndPluginContracts
HostwrightControlPlaneTests.ControlPlaneContractTests/testXPCProtocolAndExactEntitlement
HostwrightControlTests.ControlRegistryProvenanceParityTests/testEveryProvenanceOperationMapsToExactOneShotCLI
HostwrightControlTests.ControlRegistryProvenanceParityTests/testProvenanceAcceptsSupportedTypedSecretReferences
HostwrightControlTests.ControlRegistryProvenanceParityTests/testProvenanceRejectsMalformedAndAmbiguousRequests
HostwrightControlTests.ControlRegistryProvenanceParityTests/testUnknownCredentialValueIsRejectedWithoutEcho
HostwrightControlTests.ControlRegistryReferrerParityTests/testEveryReferrerOperationHasOneShotMapping
HostwrightControlTests.ControlRegistryReferrerParityTests/testFetchRequestMapsToVersionedCLIWithoutCredentials
HostwrightControlTests.ControlRegistryReferrerParityTests/testParserRejectsCrossOperationAndCredentialFields
HostwrightControlTests.ControlRegistryReferrerParityTests/testPrunePreviewAndConfirmedRequestsHaveCLIParity
HostwrightControlTests.ControlRegistrySBOMParityTests/testEverySBOMOperationMapsToExactOneShotCLI
HostwrightControlTests.ControlRegistrySBOMParityTests/testSBOMRequestsRejectUnsafeAndCrossOperationFields
HostwrightControlTests.ControlRegistryTrustParityTests/testEveryTrustOperationMapsToExactOneShotCLI
HostwrightControlTests.ControlRegistryTrustParityTests/testTrustRequestsRejectCrossOperationAndUnsafeFields
HostwrightControlTests.ControlRegistryVulnerabilityParityTests/testEveryVulnerabilityOperationMapsToExactOneShotCLI
HostwrightControlTests.ControlRegistryVulnerabilityParityTests/testVulnerabilityRequestsRejectUnsafeAndCrossOperationFields
HostwrightStateTests.ControlRequestRepositoryTests/testExactReplayReturnsPriorRecordAndDigestConflictIsRejected
HostwrightStateTests.ControlRequestRepositoryTests/testExpiredStreamIdempotencyIsAStableConflict
HostwrightStateTests.ControlRequestRepositoryTests/testIdempotencyKeysAreSubjectIsolated
HostwrightStateTests.ControlRequestRepositoryTests/testInvalidInputsAndExpiredIdempotencyAreRejectedWithoutDeletion
HostwrightStateTests.ControlRequestRepositoryTests/testOnlyAcceptedRequestsMayTransitionOnceToTerminalStatus
HostwrightStateTests.ControlRequestRepositoryTests/testOperationEventPayloadEscapesHostilePrintableReference
HostwrightStateTests.ControlRequestRepositoryTests/testOperationWatchReceivesPlannedStartedCancelAndTerminalLifecycleInOrder
HostwrightStateTests.ControlRequestRepositoryTests/testPlannedStreamCancellationIsAtomicAndNeverMarksStarted
HostwrightStateTests.ControlRequestRepositoryTests/testRecordsAtomicallyAndPersistsAfterReopen
HostwrightStateTests.ControlRequestRepositoryTests/testRestartRecoveryTerminatesOnlyInterruptedUnaryRequests
HostwrightStateTests.ControlRequestRepositoryTests/testStartedStreamReplayIsAmbiguousAndNeverStartsAgain
HostwrightStateTests.ControlRequestRepositoryTests/testStreamOperationCreatesRequestAndPlannedLedgerAtomicallyThenRetriesBeforeStart
HostwrightStateTests.ControlRequestRepositoryTests/testStreamOperationPersistsSuccessAndFailureTerminalStates
HostwrightStateTests.ControlRequestRepositoryTests/testStreamOperationRejectsCompetingRequestDigestAndOperationIdentity
HostwrightStateTests.ControlRequestRepositoryTests/testTerminalResponsePersistsExactlyAcrossReopenAndRejectsMismatchedEnvelope
HostwrightControlTests.ControlRequestTests/testCommandArgumentsKeepPathsInLaunchConfiguration
HostwrightControlTests.ControlRequestTests/testControlJSONValueRoundTripsNestedCLIShape
HostwrightControlTests.ControlRequestTests/testControlToolParserAcceptsOnlyAbsolutePersistentSocketPath
HostwrightControlTests.ControlRequestTests/testInputReaderReadsOneRealPipeToEOF
HostwrightControlTests.ControlRequestTests/testInputReaderRejectsOversizedRealPipe
HostwrightControlTests.ControlRequestTests/testInputReaderTimesOutWhenRealPipeRemainsOpenWithoutInput
HostwrightControlTests.ControlRequestTests/testInvalidLifecycleRequestsReturnTheSharedBoundedErrorEnvelope
HostwrightControlTests.ControlRequestTests/testLifecycleCommandArgumentsMatchCLIGrammar
HostwrightControlTests.ControlRequestTests/testParserAcceptsEveryLifecycleOperationWithStrictMutationIntent
HostwrightControlTests.ControlRequestTests/testParserAcceptsVersionedBoundedEventRequest
HostwrightControlTests.ControlRequestTests/testParserRejectsInvalidLifecycleFieldCombinationsAndCrossOperationLeakage
HostwrightControlTests.ControlRequestTests/testParserRejectsUnknownDuplicateMissingMutatingAndOversizedRequests
HostwrightControlTests.ControlRequestTests/testParserRejectsUnsupportedVersionIdentifierAndFilterCombinations
HostwrightControlTests.ControlRequestTests/testProgrammaticLifecycleRequestCannotBypassStrictValidation
HostwrightControlTests.ControlRequestTests/testStateOperationsUseCLIApplicationSupportDefaultWhenNoOverrideIsConfigured
HostwrightControlTests.ControlRequestTests/testToolParserRequiresExplicitAbsoluteLaunchPaths
HostwrightControlSecurityQualificationToolTests.ControlSecurityQualificationTests/testClientAcceptsOnlyOneAbsoluteSocketPath
HostwrightControlSecurityQualificationToolTests.ControlSecurityQualificationTests/testClientHandshakeBindingRejectsSocketPidAndCodeHashSubstitution
HostwrightControlSecurityQualificationToolTests.ControlSecurityQualificationTests/testClientRejectsSymlinkedSocketPathBeforeConnect
HostwrightControlSecurityQualificationToolTests.ControlSecurityQualificationTests/testFrameReadConsumesBufferedPayloadAfterPeerHalfClose
HostwrightControlSecurityQualificationToolTests.ControlSecurityQualificationTests/testHandshakeFramesRejectOversizeDeclaredLengthsBeforeAllocation
HostwrightControlSecurityQualificationToolTests.ControlSecurityQualificationTests/testParsesOnlyCompleteAbsoluteServerArguments
HostwrightControlSecurityQualificationToolTests.ControlSecurityQualificationTests/testResultIsBoundedCanonicalAndDoesNotExposeSocketOrNonceFields
HostwrightControlSecurityQualificationToolTests.ControlSecurityQualificationTests/testServerRejectsStateDatabaseOutsideAnExact0700Parent
HostwrightControlSecurityQualificationToolTests.ControlSecurityQualificationTests/testServerRejectsSymlinkedSocketRootBeforeOpeningState
HostwrightControlTests.ControlStorageParityTests/testEveryVolumeOperationMapsToStrictCLIGrammar
HostwrightControlTests.ControlStorageParityTests/testOneShotControlExecutesVolumeCapacityThroughSharedProvider
HostwrightControlTests.ControlStorageParityTests/testRemoteS3BackupFieldsFailClosed
HostwrightControlTests.ControlStorageParityTests/testRemoteS3BackupOperationsMapToStrictCLIGrammar
HostwrightControlTests.ControlStorageParityTests/testVolumeControlRejectsCrossOperationAndUnsafeFields
HostwrightStateTests.ControlStreamCursorTests/testActiveKeyRotationImmediatelyInvalidatesExistingCursor
HostwrightStateTests.ControlStreamCursorTests/testIssueRejectsOversizedSourceCursor
HostwrightStateTests.ControlStreamCursorTests/testIssueVerifyPreservesBindingAndSourceCursorWithCanonicalToken
HostwrightStateTests.ControlStreamCursorTests/testVerifyDeniesSubjectSourceTargetAndFilterBindingMismatches
HostwrightStateTests.ControlStreamCursorTests/testVerifyRejectsExpiredAndFutureIssuedCursorsAndLifetimeBounds
HostwrightStateTests.ControlStreamCursorTests/testVerifyRejectsPayloadAndSignatureMutation
HostwrightControlPlaneTests.ControlStreamFrameContractTests/testAcceptanceIsStrictlyTypedAndRejectsMalformedRuntimeAndReadVariants
HostwrightControlPlaneTests.ControlStreamFrameContractTests/testCreditSequenceAndCursorBoundsAreEnforced
HostwrightControlPlaneTests.ControlStreamFrameContractTests/testDecodeRequiresOnlyFrozenTopLevelFieldsAndRejectsUnknownOrDuplicateFields
HostwrightControlPlaneTests.ControlStreamFrameContractTests/testDirectionAndKindLegalityIsStrict
HostwrightControlPlaneTests.ControlStreamFrameContractTests/testFrozenAcceptanceAndInputGoldenFixturesRoundTripStrictly
HostwrightControlPlaneTests.ControlStreamFrameContractTests/testGapPayloadIsStrictlyDecodedAndValidated
HostwrightControlPlaneTests.ControlStreamFrameContractTests/testOpenStrictlyDecodesSourceTargetAndHeartbeat
HostwrightControlPlaneTests.ControlStreamFrameContractTests/testTypedClientInputSchemasAndWireBoundaryAreStrict
HostwrightControlTransportTests.ControlStreamGlobalBudgetTests/testDuplicateAcquireAndDuplicateReleaseDoNotChangeOwnershipCounts
HostwrightControlTransportTests.ControlStreamGlobalBudgetTests/testGlobalBoundaryAcrossSubjectsAndReleasePermitExactlyOneReplacement
HostwrightControlTransportTests.ControlStreamGlobalBudgetTests/testPerSubjectBoundaryAndReleasePermitExactlyOneReplacement
HostwrightControlTransportTests.ControlStreamSessionStateTests/testCancelAllCancelsOnlyNonterminalStreamsInSortedOrder
HostwrightControlTransportTests.ControlStreamSessionStateTests/testCancellationWaitsForServerTerminalAcknowledgement
HostwrightControlTransportTests.ControlStreamSessionStateTests/testCreditExhaustionAcknowledgementReplenishmentAndOverflow
HostwrightControlTransportTests.ControlStreamSessionStateTests/testCurrentStreamRevisionIsEchoedAndCannotBeCrossed
HostwrightControlTransportTests.ControlStreamSessionStateTests/testEndAndGapAreTerminalAndRejectFurtherData
HostwrightControlTransportTests.ControlStreamSessionStateTests/testEnforcesThirtyTwoActiveStreamsAndRejectsDuplicateIDs
HostwrightControlTransportTests.ControlStreamSessionStateTests/testInteractiveInputAcknowledgementsNeverExceedFrozenSixteenCreditWindow
HostwrightControlTransportTests.ControlStreamSessionStateTests/testRejectsInvalidControlSequenceAndCursorAcknowledgementMismatch
HostwrightControlTransportTests.ControlStreamSessionStateTests/testReusedStreamIdentifierReceivesNewIncarnationAndRejectsStaleEmitter
HostwrightControlTransportTests.ControlUnaryDispatcherTests/testDisconnectCancelsDispatchedRequestContext
HostwrightControlTests.ControlV2ContractTests/testCheckedInControlV2GoldensDecodeThroughProductionContracts
HostwrightControlTests.ControlV2ContractTests/testV1ControlRequestsFailClosedAfterTheBreakingContractReset
HostwrightControlTests.ControlV2ContractTests/testV2IsTheDefaultControlContract
HostwrightNetworkingTests.CoreDNSInfrastructureImageTests/testExactLinuxARM64EvidencePasses
HostwrightNetworkingTests.CoreDNSInfrastructureImageTests/testMissingLocalImageOrSupplyChainEvidenceFails
HostwrightNetworkingTests.CoreDNSInfrastructureImageTests/testMutableOrMismatchedImageFailsBeforeUse
HostwrightNetworkingTests.CoreDNSInfrastructureImageTests/testWrongPlatformAndMalformedEvidenceDigestFail
HostwrightNetworkHelperTests.CryptoPublicKeyParsingRegressionTests/testMalformedDERPublicKeyThrowsWithoutDoubleFree
HostwrightNetworkHelperTests.CryptoPublicKeyParsingRegressionTests/testMalformedPEMPublicKeyThrowsWithoutDoubleFree
HostwrightDaemonTests.DaemonConfigurationWatchTests/testConfigurationSetDigestIgnoresAtomicFileIdentityButBindsContentAndKind
HostwrightDaemonTests.DaemonConfigurationWatchTests/testParentMonitorCoalescesAtomicRenameFloodAndCleansUp
HostwrightDaemonTests.DaemonConfigurationWatchTests/testSecureReaderAcceptsPrivateAtomicReplacementAndRejectsStaleIdentity
HostwrightDaemonTests.DaemonConfigurationWatchTests/testSecureReaderRejectsPermissionsLinksEncodingAndOversize
HostwrightDaemonTests.DaemonConfigurationWatchTests/testSystemClockWakesEarlyForConfigurationChange
HostwrightDaemonTests.DaemonControlStreamAuthorizationPipelineTests/testAdmissionMutationEffectiveDenialIsAuditedBeforeFailClosedWithoutPersistence
HostwrightDaemonTests.DaemonControlStreamAuthorizationPipelineTests/testAuditFailureIsDegradedForReadStreamAndFailClosedForInteractiveStream
HostwrightDaemonTests.DaemonControlStreamAuthorizationPipelineTests/testEventAuthorizationResolvesLegacyFilterToAuthoritativeProjectUUID
HostwrightDaemonTests.DaemonControlStreamAuthorizationPipelineTests/testExactReplayConflictAmbiguousStartAndExpiryUseOneProductionPipeline
HostwrightDaemonTests.DaemonControlStreamAuthorizationPipelineTests/testPreparedRuntimeBindingRejectsSameUUIDOwnershipReplacementBeforeStart
HostwrightDaemonTests.DaemonControlStreamSourcesTests/testAttachAndExecRejectUnknownServiceDuringPreparation
HostwrightDaemonTests.DaemonControlStreamSourcesTests/testBlockedInteractivePreparationCancelsDurablyWithoutWaitingOrDoubleTerminal
HostwrightDaemonTests.DaemonControlStreamSourcesTests/testCancelDuringPreparationDropsBufferedInputWithoutAcknowledgingIt
HostwrightDaemonTests.DaemonControlStreamSourcesTests/testCLIStreamPreparationBindsRelativeManifestToClientWorkingDirectory
HostwrightDaemonTests.DaemonControlStreamSourcesTests/testCompactedRawCursorReturnsSignedFrameAndResumableRawRecoveryHints
HostwrightDaemonTests.DaemonControlStreamSourcesTests/testCompletionBeforeExternalExecutionLeavesPlannedOperationRetryableAndAudited
HostwrightDaemonTests.DaemonControlStreamSourcesTests/testEventsDeliverInOrderAndResumeWithSignedSubjectAndFilterBoundCursor
HostwrightDaemonTests.DaemonControlStreamSourcesTests/testFollowingLogsAreReadOnlyAndHonorPreStartReauthorizationAndCancellation
HostwrightDaemonTests.DaemonControlStreamSourcesTests/testLogsValidationDistinguishesFiniteAndFollowingFiltersWithoutMutationIdentity
HostwrightDaemonTests.DaemonControlStreamSourcesTests/testLongLivedEventStreamRecoversFromCreditExhaustionWithHeartbeat
HostwrightDaemonTests.DaemonControlStreamSourcesTests/testMetricsEmitsInitialSnapshotThenStopsOnCancellation
HostwrightDaemonTests.DaemonControlStreamSourcesTests/testRejectsCrossSubjectCursorAndInvalidFilters
HostwrightDaemonTests.DaemonControlStreamSourcesTests/testRevokedPreStartAuthorizationAfterBlockedPreparationCancelsTaskAndPreservesDurableDenial
HostwrightDaemonTests.DaemonControlStreamSourcesTests/testStateTraceAndOperationSourcesApplyTheirRequiredFiltering
HostwrightDaemonTests.DaemonControlStreamSourcesTests/testSuccessfulPreparationRecordsStartedImmediatelyBeforeTaskStartAndCompletesDurably
HostwrightDaemonTests.DaemonControlStreamSourcesTests/testValidateRequestRejectsEveryInvalidSourceTargetFilterCrossProduct
HostwrightCLITests.DaemonLifecycleCLITests/testIdentityBootstrapParsesWithoutManagedServiceInputs
HostwrightCLITests.DaemonLifecycleCLITests/testIdentityOnlyBootstrapDoesNotInspectOrMutateManagedService
HostwrightCLITests.DaemonLifecycleCLITests/testManagedInstallUpgradeAndRepairValidateIdentityPathsWithoutBootstrapping
HostwrightCLITests.DaemonLifecycleCLITests/testOwnershipConflictUsesTheStableConflictDiagnostic
HostwrightCLITests.DaemonLifecycleCLITests/testParserExposesExactDaemonLifecycleSurface
HostwrightCLITests.DaemonLifecycleCLITests/testParserRejectsMissingOrUnexpectedLifecycleInputs
HostwrightCLITests.DaemonLifecycleCLITests/testStatusRendersVersionedTextAndJSON
HostwrightDaemonTests.DaemonLifecycleContractTests/testCancellationLeavesRepairableJournalAndRepairCompletesForward
HostwrightDaemonTests.DaemonLifecycleContractTests/testControllerRejectsDecodedLayoutPathSubstitution
HostwrightDaemonTests.DaemonLifecycleContractTests/testCurrentUserLayoutUsesOneExactPhaseEightLaunchAgent
HostwrightDaemonTests.DaemonLifecycleContractTests/testDaemonParserKeepsForegroundAndAddsManagedServiceMode
HostwrightDaemonTests.DaemonLifecycleContractTests/testDeletedExecutableFallbackParsesOnlyBoundedAbsoluteKernelPath
HostwrightDaemonTests.DaemonLifecycleContractTests/testDisabledStateParserAcceptsCurrentLaunchctlVocabulary
HostwrightDaemonTests.DaemonLifecycleContractTests/testDisablePersistsAndUninstallRemovesOnlyExactLifecycleArtifacts
HostwrightDaemonTests.DaemonLifecycleContractTests/testEveryInstallCheckpointLeavesRepairableDurableIntent
HostwrightDaemonTests.DaemonLifecycleContractTests/testIdentityRefreshFailureRetainsVerifiedJournalForRepair
HostwrightDaemonTests.DaemonLifecycleContractTests/testInstallRecoveryDoesNotAdoptAPreexistingLogFile
HostwrightDaemonTests.DaemonLifecycleContractTests/testInstallRefusesLoadedHomebrewServiceAndUnmanagedDaemon
HostwrightDaemonTests.DaemonLifecycleContractTests/testInstallValidateAndStatusUseDurableExactOwnership
HostwrightDaemonTests.DaemonLifecycleContractTests/testInvalidUpgradeAndPendingJournalNeverInvokeIdentityRefresh
HostwrightDaemonTests.DaemonLifecycleContractTests/testLateHomebrewConflictIsRefusedBeforeOwnedServiceMutation
HostwrightDaemonTests.DaemonLifecycleContractTests/testLaunchAgentPropertyListHasExactMinimalManagedContract
HostwrightDaemonTests.DaemonLifecycleContractTests/testLaunchAgentSpecificationRejectsRelativeOrNonCanonicalPaths
HostwrightDaemonTests.DaemonLifecycleContractTests/testLaunchdFailureNeverInvokesIdentityRefresh
HostwrightDaemonTests.DaemonLifecycleContractTests/testLaunchdPIDMustMatchTheSingleManagedProcess
HostwrightDaemonTests.DaemonLifecycleContractTests/testLaunchInputsAreRevalidatedImmediatelyBeforeBootstrap
HostwrightDaemonTests.DaemonLifecycleContractTests/testLifecycleRecordsRejectNoncanonicalUUIDIdentitiesBeforeMutation
HostwrightDaemonTests.DaemonLifecycleContractTests/testLoadedServiceIdentityRaceIsRefusedBeforeBootout
HostwrightDaemonTests.DaemonLifecycleContractTests/testMutationRefusesACompetingLifecycleControllerLock
HostwrightDaemonTests.DaemonLifecycleContractTests/testProcessInventoryUsesPOSIXCanonicalPathForExistingExecutable
HostwrightDaemonTests.DaemonLifecycleContractTests/testSecureInputsAndChangedManagedPlistFailBeforeUnsafeMutation
HostwrightDaemonTests.DaemonLifecycleContractTests/testStartStopBootstrapAndKickstartPreserveOwnedGeneration
HostwrightDaemonTests.DaemonLifecycleContractTests/testStatusRejectsLaunchAgentsParentSymlinkReplacement
HostwrightDaemonTests.DaemonLifecycleContractTests/testStopWaitsForAsynchronousLaunchdBootoutConvergence
HostwrightDaemonTests.DaemonLifecycleContractTests/testUninstallRefusesSymlinkAndHardLinkLogSubstitution
HostwrightDaemonTests.DaemonLifecycleContractTests/testUpgradeAndRollbackRestoreExactPriorGeneration
HostwrightDaemonTests.DaemonLifecycleContractTests/testValidateRechecksExecutableAndConfigurationSecurityWithoutMutation
HostwrightDaemonTests.DaemonLifecycleContractTests/testValidateRequiresInstallationAndRepairRebuildsMissingOwnedPlist
HostwrightDaemonTests.DaemonLifecycleContractTests/testVerifiedTransitionHookRunsWithExactTargetAndOwnedJournal
HostwrightDaemonTests.DaemonLifecycleContractTests/testVersionedLifecycleRecordsRejectUnknownFieldsBeforeMutation
HostwrightDaemonTests.DaemonLocalLifecycleAuthorityTests/testAuthorityStreamsMoreThan4096HistoricalGroupsAndRejectsLaterCorruption
HostwrightDaemonTests.DaemonLocalLifecycleAuthorityTests/testDaemonPolicyCallbackAcceptsCurrentOwnerWithUnchangedRequest
HostwrightDaemonTests.DaemonLocalLifecycleAuthorityTests/testDaemonPolicyCallbackRejectsCurrentAdmissionDenial
HostwrightDaemonTests.DaemonLocalLifecycleAuthorityTests/testDaemonPolicyCallbackRejectsRemovedRoleGrant
HostwrightDaemonTests.DaemonLocalLifecycleAuthorityTests/testDaemonPolicyCallbackRejectsRevokedAndExpiredSubjects
HostwrightDaemonTests.DaemonLocalLifecycleAuthorityTests/testExplicitDownStopRemoveAndInteractiveRunSuppressRecovery
HostwrightDaemonTests.DaemonLocalLifecycleAuthorityTests/testGenerationMismatchCannotReuseOlderAdmission
HostwrightDaemonTests.DaemonLocalLifecycleAuthorityTests/testLaterDownWinsWhenWallClockMovesBackwards
HostwrightDaemonTests.DaemonLocalLifecycleAuthorityTests/testMalformedOrStaleGroupFailsClosed
HostwrightDaemonTests.DaemonLocalLifecycleAuthorityTests/testMissingAdmissionGroupCannotPromoteAReleasedArtifactToRunAuthority
HostwrightDaemonTests.DaemonLocalLifecycleAuthorityTests/testNoLocalHistoryIsDistinctFromAnExplicitlyPausedProject
HostwrightDaemonTests.DaemonLocalLifecycleAuthorityTests/testPolicyBearingManifestKeepsSourceAndEffectiveDigestsDistinct
HostwrightDaemonTests.DaemonLocalLifecycleAuthorityTests/testReleasedReservationIsHistoricalIntentWithoutReacquiringCapacity
HostwrightDaemonTests.DaemonLocalLifecycleAuthorityTests/testRestartIntentCanRetainTheEarlierAdmissionArtifact
HostwrightDaemonTests.DaemonLocalLifecycleAuthorityTests/testRevokedSubjectCannotSupplyContinuedRunAuthority
HostwrightDaemonTests.DaemonLocalLifecycleAuthorityTests/testSuccessfulRunIntentBindsExactHistoryAndRevalidates
HostwrightDaemonTests.DaemonLocalLifecycleAuthorityTests/testUnresolvedOrFailedLatestIntentHoldsInsteadOfResurrectingEarlierRun
HostwrightDaemonTests.DaemonQualificationScriptTests/testAttendedQualificationContractIsResumableAndOwnedOnly
HostwrightDaemonTests.DaemonQualificationScriptTests/testPrepareRefusesNonPrivateQualificationRootBeforeMutation
HostwrightDaemonTests.DaemonQualificationScriptTests/testPrepareRefusesVolatileQualificationRootBeforeMutation
HostwrightCoreTests.DarwinProcessIdentityTests/testLengthPrefixedArgumentIdentityRejectsConcatenationCollisions
HostwrightCoreTests.DarwinProcessIdentityTests/testLiveIdentityBindsKernelPathArgumentsAndStartTime
HostwrightCoreTests.DarwinProcessIdentityTests/testSyntheticProcArgumentsPreserveExactArgcSpacesAndNewlines
HostwrightCoreTests.DarwinProcessIdentityTests/testSyntheticProcArgumentsRejectTruncationMalformedUTF8AndWrongArgc
HostwrightDesktopUITests.DesktopAccessibilityContractTests/testConnectionStatesHaveStableSpokenLabels
HostwrightDesktopUITests.DesktopAccessibilityContractTests/testDynamicServiceLogIdentifiersAndCatalogBackedControlGatesRemainStable
HostwrightDesktopUITests.DesktopAccessibilityContractTests/testEmptyCollectionsUseAnExplicitEmptyStateContract
HostwrightDesktopUITests.DesktopAccessibilityContractTests/testSceneRestorationKeysAndOfflineControlsRemainStable
HostwrightDesktopUITests.DesktopAccessibilityContractTests/testSemanticServiceStatesCarryAIconCueAlongsideText
HostwrightDesktopModelTests.DesktopActionCatalogTests/testAmbiguousInventoryCommandsRequireReviewAndDynamicLogElementsRemainKnown
HostwrightDesktopModelTests.DesktopActionCatalogTests/testCatalogMatchesTheFrozenPhase09InventoryAndCheckedInContract
HostwrightDesktopModelTests.DesktopActionCatalogTests/testCatalogUsesTheCurrentAccessibilitySurfaceAndMapsOnlyKnownCommands
HostwrightDesktopModelTests.DesktopActionCatalogTests/testContractEncoderAndDecoderRejectSourceValueDrift
HostwrightDesktopModelTests.DesktopActionCatalogTests/testFailureContractRedactsMessagesCodesAndUnknownActionIdentifiers
HostwrightDesktopModelTests.DesktopActionCatalogTests/testStrictContractRejectsMalformedAndStructuralDrift
HostwrightDesktopModelTests.DesktopActionCatalogTests/testUnexposedAndMutatingInventoryActionsFailClosedWithReviewBoundaries
HostwrightDesktopUITests.DesktopOffscreenSnapshotTests/testRendersRealUnavailableSurfacesWithoutActivatingAnAppWindow
HostwrightDesktopModelTests.DesktopOperationsModelTests/testActionAvailabilityTracksConnectionStreamsAndObservedLogResources
HostwrightDesktopModelTests.DesktopOperationsModelTests/testAPIMapsDaemonHealthAndProjectServicesFromRealResponseShapes
HostwrightDesktopModelTests.DesktopOperationsModelTests/testAPIRejectsManifestSymlinkDirectoryAndInvalidUTF8
HostwrightDesktopModelTests.DesktopOperationsModelTests/testAPIRejectsRelativeSelectedManifestPath
HostwrightDesktopModelTests.DesktopOperationsModelTests/testAPIRejectsSelectedManifestResponseForAnotherPath
HostwrightDesktopModelTests.DesktopOperationsModelTests/testAPIUsesSelectedManifestThroughAuthenticatedCLIControlRoute
HostwrightDesktopModelTests.DesktopOperationsModelTests/testCancellingAnActiveEventStreamCancelsTheControlStream
HostwrightDesktopModelTests.DesktopOperationsModelTests/testCancellingExecutingLifecycleClosesRequestAndFencesFailure
HostwrightDesktopModelTests.DesktopOperationsModelTests/testCancellingReviewedPlanSendsNoExecutionRequest
HostwrightDesktopModelTests.DesktopOperationsModelTests/testCLIErrorDetailsAreValidatedRedactedAndBounded
HostwrightDesktopModelTests.DesktopOperationsModelTests/testConnectAndReconnectFenceLatePreexistingRefreshError
HostwrightDesktopModelTests.DesktopOperationsModelTests/testConnectAndReconnectFenceLatePreexistingRefreshSuccess
HostwrightDesktopModelTests.DesktopOperationsModelTests/testControlErrorsStayRedactedAtTheDesktopBoundary
HostwrightDesktopModelTests.DesktopOperationsModelTests/testDisconnectFencesLateDaemonHealthSuccessAndFailure
HostwrightDesktopModelTests.DesktopOperationsModelTests/testDisconnectFencesLateProjectStatusSuccessAndFailure
HostwrightDesktopModelTests.DesktopOperationsModelTests/testDisconnectPreventsLateStatusRefreshFromApplyingAnError
HostwrightDesktopModelTests.DesktopOperationsModelTests/testDisconnectPreventsLateStatusRefreshFromApplyingAProject
HostwrightDesktopModelTests.DesktopOperationsModelTests/testEndpointDiscoveryUsesTheSecureLocalPathLayout
HostwrightDesktopModelTests.DesktopOperationsModelTests/testEventAndLogStreamsOpenWithCreditsAcknowledgePayloadsAndFinish
HostwrightDesktopModelTests.DesktopOperationsModelTests/testEventCancellationLeavesConcurrentLogStreamRunning
HostwrightDesktopModelTests.DesktopOperationsModelTests/testEventFilterBuildsTheProtocolFilterAndRejectsUnboundedValues
HostwrightDesktopModelTests.DesktopOperationsModelTests/testLatePreviewCannotPresentReviewForReplacedProject
HostwrightDesktopModelTests.DesktopOperationsModelTests/testLifecycleAPIUsesManifestBoundPreviewAndExactConfirmationRoutes
HostwrightDesktopModelTests.DesktopOperationsModelTests/testLifecycleCancellationAndDisconnectCloseTheActiveControlRequest
HostwrightDesktopModelTests.DesktopOperationsModelTests/testLifecycleModelRejectsDuplicateAndStaleConfirmationThenExecutesExactPlan
HostwrightDesktopModelTests.DesktopOperationsModelTests/testLogCancellationLeavesConcurrentEventStreamRunning
HostwrightDesktopModelTests.DesktopOperationsModelTests/testModelConnectsThroughTheClientAndKeepsStatusFailureVisible
HostwrightDesktopModelTests.DesktopOperationsModelTests/testModelConnectsToForegroundDaemonWhenManagedServiceStatusIsUnavailable
HostwrightDesktopModelTests.DesktopOperationsModelTests/testNewStatusRefreshPreventsSupersededErrorFromOverwritingState
HostwrightDesktopModelTests.DesktopOperationsModelTests/testNewStatusRefreshPreventsSupersededSuccessFromOverwritingProject
HostwrightDesktopModelTests.DesktopOperationsModelTests/testReconnectCancelsBothStreamsAndFencesLateSnapshots
HostwrightDesktopModelTests.DesktopOperationsModelTests/testReconnectExposesBackoffAndDisconnectCancelsTheRetryLoop
HostwrightDesktopModelTests.DesktopOperationsModelTests/testReplacementConnectFencesLateDaemonHealthSuccessAndFailure
HostwrightDesktopModelTests.DesktopOperationsModelTests/testReplacementConnectFencesLateProjectStatusSuccessAndFailure
HostwrightDesktopModelTests.DesktopOperationsModelTests/testSelectingManifestClearsOldProjectAuthorityWhenReplacementStatusFails
HostwrightDesktopModelTests.DesktopOperationsModelTests/testStatusRefreshKeepsDistinctActionHashButInvalidatesChangedStatusHash
HostwrightDesktopModelTests.DesktopOperationsModelTests/testStructuredCLIErrorShowsRecoveryWithoutJSONOrUnredactedSecrets
HostwrightDesktopModelTests.DesktopOperationsModelTests/testSupersededConnectCannotClearReplacementTaskOwnership
HostwrightDesktopModelTests.DesktopTopologyProjectionTests/testAccessibilitySummariesNameStateAndSeverityWithoutDependingOnColor
HostwrightDesktopModelTests.DesktopTopologyProjectionTests/testComponentEncodedIdentifiersDoNotConflateSeparatorPlacements
HostwrightDesktopModelTests.DesktopTopologyProjectionTests/testDuplicateAndConflictingIdentifiersFailClosed
HostwrightDesktopModelTests.DesktopTopologyProjectionTests/testEventsAssociateOnlyThroughExactReportedProjectAndServiceIdentifiers
HostwrightDesktopModelTests.DesktopTopologyProjectionTests/testLabelsAndDiagnosticsAreBoundedRedactedAndControlFree
HostwrightDesktopModelTests.DesktopTopologyProjectionTests/testProjectionHasStableOrderingAndOnlyExplicitRelationships
HostwrightDesktopModelTests.DesktopTopologyProjectionTests/testUnknownReportedStateStaysUnknownWithoutImplicitReachabilityOrHealth
HostwrightDesktopModelTests.DesktopTopologyProjectionTests/testWireContractRejectsOversizedAndDeeplyNestedPayloads
HostwrightDesktopModelTests.DesktopTopologyProjectionTests/testWireContractRejectsWrongSchemaUnknownNestedKeysDuplicateNestedKeysUnsortedNodesAndDanglingEdges
HostwrightDistributionTests.DistributionContainerizationAssetSecurityTests/testLoadRejectsModifiedGuestLoaderEvenWhenELFShapeIsValid
HostwrightDistributionTests.DistributionContainerizationAssetSecurityTests/testLoadRejectsNonPrivateRootAndIntermediateDirectory
HostwrightDistributionTests.DistributionContainerizationAssetSecurityTests/testLoadRejectsSymlinkedIntermediateDirectory
HostwrightDistributionTests.DistributionContainerizationAssetSecurityTests/testLoadRejectsWritableAssetFile
HostwrightDistributionTests.DistributionContainerizationAssetSecurityTests/testValidatedCopyRejectsInPlaceMutation
HostwrightDistributionTests.DistributionContainerizationAssetSecurityTests/testValidatedCopyRejectsParentDirectoryDrift
HostwrightDistributionTests.DistributionContainerizationAssetSecurityTests/testValidatedCopyRejectsPathReplacement
HostwrightDistributionTests.DistributionContainerizationAssetSecurityTests/testValidatedCopyStreamsTheBoundFileWithExactMode
HostwrightDistributionTests.DistributionDurableLifecycleTests/testCancellationAtInstallUpgradeRepairAndUninstallCheckpointsRecoversExactly
HostwrightDistributionTests.DistributionDurableLifecycleTests/testCommittedRepairRecoveryCompletesAfterTransactionCleanupInterruption
HostwrightDistributionTests.DistributionDurableLifecycleTests/testCommittedUninstallRecoversAfterRollbackTransactionsAreRemoved
HostwrightDistributionTests.DistributionDurableLifecycleTests/testCompensationCanResumeAfterPartialPayloadRestore
HostwrightDistributionTests.DistributionDurableLifecycleTests/testCompensationPublishedRecoveryFinalizesAfterTransactionRemoval
HostwrightDistributionTests.DistributionDurableLifecycleTests/testCompensationReceiptRecoveryAfterPriorReceiptPublication
HostwrightDistributionTests.DistributionDurableLifecycleTests/testCompensationReceiptRecoveryRejectsChangedCurrentState
HostwrightDistributionTests.DistributionDurableLifecycleTests/testCompensationReceiptRecoveryRejectsChangedPublicChallenge
HostwrightDistributionTests.DistributionDurableLifecycleTests/testCompensationReceiptRecoveryRejectsForgedReceiptFields
HostwrightDistributionTests.DistributionDurableLifecycleTests/testCompensationReceiptRecoveryRequiresExactCommittedOwnerJournal
HostwrightDistributionTests.DistributionDurableLifecycleTests/testEveryDurableUpgradeCheckpointRecoversOrFinalizesOneConsistentGeneration
HostwrightDistributionTests.DistributionDurableLifecycleTests/testEveryUninstallRemovalCheckpointRestoresManagedPayloadAndState
HostwrightDistributionTests.DistributionDurableLifecycleTests/testExactExistingLaunchdServiceIsStoppedReplacedRestoredAndRecovered
HostwrightDistributionTests.DistributionDurableLifecycleTests/testIntentAndCanonicalStageFailuresLeaveNoOrphanTransaction
HostwrightDistributionTests.DistributionDurableLifecycleTests/testInterruptedInitialStatusPublicationRemovesLifecycleFoundationOnRecovery
HostwrightDistributionTests.DistributionDurableLifecycleTests/testInterruptedUpgradeRecoversThenUpgradeAndVerifiedRollbackRestoreBinaryAndState
HostwrightDistributionTests.DistributionDurableLifecycleTests/testLegacyManifestAdoptionIsExplicitVerifiedAndRepairMigratesOwnershipSchema
HostwrightDistributionTests.DistributionDurableLifecycleTests/testLifecycleEvidenceUsesStrictUpgradeAndVerifiedRollback
HostwrightDistributionTests.DistributionDurableLifecycleTests/testManagedServiceSymlinkExecutableIsRejectedBeforeLifecycleMutation
HostwrightDistributionTests.DistributionDurableLifecycleTests/testOwnerPreparationChallengeBindsActualConfigurationWithoutPrivateJournalAccess
HostwrightDistributionTests.DistributionDurableLifecycleTests/testOwnerSessionFramesAreBoundedAndRootChildRejectsUnprivilegedEntry
HostwrightDistributionTests.DistributionDurableLifecycleTests/testOwnerSessionReadRemainsBoundedAndCancellableDuringKeychainApproval
HostwrightDistributionTests.DistributionDurableLifecycleTests/testPackageLifecycleUsesExistingRepairUpgradeRollbackAndDowngradeRules
HostwrightDistributionTests.DistributionDurableLifecycleTests/testPackageUninstallPersistsReceiptCleanupAndRecoverRetriesExactly
HostwrightDistributionTests.DistributionDurableLifecycleTests/testPreCancelledLifecycleMutationsCreateNoEffectsAndPreserveInstallation
HostwrightDistributionTests.DistributionDurableLifecycleTests/testPreparedExactStateBindingRequiredBeforeUpgrade
HostwrightDistributionTests.DistributionDurableLifecycleTests/testPreservePlanDoesNotMutateBoundSQLiteFiles
HostwrightDistributionTests.DistributionDurableLifecycleTests/testRecoveryRestoresPriorGenerationWhenStatusWriteOutrunsJournalCheckpoint
HostwrightDistributionTests.DistributionDurableLifecycleTests/testRejectedInitialInstallRemovesNewLifecycleFoundation
HostwrightDistributionTests.DistributionDurableLifecycleTests/testRemoveDataRefusesInstallationWithoutBoundStatePath
HostwrightDistributionTests.DistributionDurableLifecycleTests/testRemoveDataRequiresCurrentPlanAndInterruptedRemovalRestoresPayloadAndState
HostwrightDistributionTests.DistributionDurableLifecycleTests/testRemovePlanBindsStateRevisionAndRejectsStaleStateContent
HostwrightDistributionTests.DistributionDurableLifecycleTests/testRepairRestoresMissingOwnedFileAndInterruptedRepairRestoresExactMissingState
HostwrightDistributionTests.DistributionDurableLifecycleTests/testRequiredOperationRejectsLockedStateMismatchWithoutMutation
HostwrightDistributionTests.DistributionDurableLifecycleTests/testRollbackRefusesStatePresenceMismatch
HostwrightDistributionTests.DistributionDurableLifecycleTests/testSchemaTwoInstallationUpgradesRollsBackAndUninstallsExactly
HostwrightDistributionTests.DistributionDurableLifecycleTests/testStatusCanonicalStageRecoversExactPriorGeneration
HostwrightDistributionTests.DistributionDurableLifecycleTests/testTerminalCleanupAcceptsLegacyPriorOwnerStatePathFromPairedAdoption
HostwrightDistributionTests.DistributionDurableLifecycleTests/testTerminalCleanupPreservesExistingOwnerStateAndExactCompensation
HostwrightDistributionTests.DistributionDurableLifecycleTests/testTerminalCleanupProofBindsCompletedGenerationAndExactDispositions
HostwrightDistributionTests.DistributionDurableLifecycleTests/testTerminalCleanupRejectsMismatchedAdoptedOwnerReceipt
HostwrightDistributionTests.DistributionDurableLifecycleTests/testTerminalCleanupRejectsUnexpectedAndUnpairedOwnerStatePaths
HostwrightDistributionTests.DistributionDurableLifecycleTests/testUnavailableRootGUIDomainIsAbsentOnlyWithoutOwnershipRecord
HostwrightDistributionTests.DistributionDurableLifecycleTests/testUninstallResultOmitsCreatedDirectoryPreservedForUnmanagedContent
HostwrightDistributionTests.DistributionIntegrationTests/testActualHostwrightBinariesArchiveVerifyAndLifecyclePreserveUnrelatedFile
HostwrightDistributionTests.DistributionIntegrationTests/testArchiveTableRejectsRegularFileModeThatDiffersFromManifest
HostwrightDistributionTests.DistributionIntegrationTests/testAssemblerRejectsWrongNetworkHelperContractVersions
HostwrightDistributionTests.DistributionIntegrationTests/testAtomicUpgradeFailureRestoresVerifiedBaseline
HostwrightDistributionTests.DistributionIntegrationTests/testBuiltDistributionToolRunsBlockedArtifactAndLifecycleEvidence
HostwrightDistributionTests.DistributionIntegrationTests/testCleanBuilderLeaseRejectsConcurrentStructCopyWithoutDeletingActiveScratch
HostwrightDistributionTests.DistributionIntegrationTests/testCleanBuilderProducesIdenticalPayloadManifestFromIsolatedReleaseBuilds
HostwrightDistributionTests.DistributionIntegrationTests/testCleanBuilderRejectsRealDirtyGitRepositoryBeforeBuild
HostwrightDistributionTests.DistributionIntegrationTests/testDistributionToolSignalCancelsBuildWithoutPublishingOutput
HostwrightDistributionTests.DistributionIntegrationTests/testInstallRejectsSymlinkPayloadParentWithoutWritingOutsidePrefix
HostwrightDistributionTests.DistributionIntegrationTests/testPackageRemoveCLIRefusesBeforeInspectingOrMutatingPrefix
HostwrightDistributionTests.DistributionIntegrationTests/testUninstallFailureRestoresVerifiedInstalledPayload
HostwrightDistributionTests.DistributionIntegrationTests/testUninstallRefusesModifiedOwnedFile
HostwrightDistributionTests.DistributionIntegrationTests/testVerifierAcceptsExactArchiveUnderRestrictiveUmask
HostwrightDistributionTests.DistributionIntegrationTests/testVerifierRejectsTamperedSidecarAndSymlinkArchive
HostwrightDistributionTests.DistributionLifecycleModelsTests/testLifecycleContractsAllowBoundManagedServiceStatesAndRejectUnboundCheckpoints
HostwrightDistributionTests.DistributionLifecycleModelsTests/testLifecycleJournalAndStatusArePathBoundCanonicalContracts
HostwrightDistributionTests.DistributionLifecycleModelsTests/testLifecycleJournalRejectsInvalidOperationShapeAndUnverifiedRollback
HostwrightDistributionTests.DistributionModelsTests/testArtifactSchemaOnePreservesPublishedPhaseTwoLayout
HostwrightDistributionTests.DistributionModelsTests/testArtifactSchemaTwoPreservesPreDesktopReleaseLayout
HostwrightDistributionTests.DistributionModelsTests/testDistributionJSONRejectsUnknownAndNoncanonicalFields
HostwrightDistributionTests.DistributionModelsTests/testGeneratedVersionPairsPreserveStrictTransitionProperties
HostwrightDistributionTests.DistributionModelsTests/testInstallationStatusAcceptsPublishedDev12NestedSchemaTwoManifest
HostwrightDistributionTests.DistributionModelsTests/testInstallManifestAcceptsActualPublishedDev12SchemaTwo
HostwrightDistributionTests.DistributionModelsTests/testInstallManifestPreservesPriorShippedLayoutAndEmitsCurrentLayout
HostwrightDistributionTests.DistributionModelsTests/testManifestRequiresExactSafePayloadLayout
HostwrightDistributionTests.DistributionModelsTests/testPathPolicyRejectsAbsoluteTraversalControlAndNestedFileNames
HostwrightDistributionTests.DistributionModelsTests/testPostCommitCleanupReportsPendingWithoutTurningCommittedMutationIntoFailure
HostwrightDistributionTests.DistributionModelsTests/testPublishedDev12InstallManifestRejectsModifiedLayoutsAndMetadata
HostwrightDistributionTests.DistributionModelsTests/testSemanticVersionOrderingAndLifecycleTransitionPolicyFailClosed
HostwrightDistributionTests.DistributionModelsTests/testSPDXAndProvenanceMustBindExactArchiveAndSource
HostwrightDistributionTests.DistributionModelsTests/testSupportedPackageExcludesDeferredServiceExecutables
HostwrightDistributionTests.DistributionPackageLifecycleTests/testDesktopBuildVersionsUseThreeComponentsAndPreserveChannelOrder
HostwrightDistributionTests.DistributionPackageLifecycleTests/testPackageOriginIsAdditiveAndBindsCurrentPayloadToNewestReceipt
HostwrightDistributionTests.DistributionPackageLifecycleTests/testPackageOriginRejectsInstalledPayloadVersionMismatch
HostwrightDistributionTests.DistributionPackageLifecycleTests/testPackageReceiptParserRequiresExactIdentifierVersionAndRootLocation
HostwrightDistributionTests.DistributionPackageLifecycleTests/testPostinstallEntrypointUsesOnlyLockedPackageLifecycleArguments
HostwrightDistributionTests.DistributionPackageLifecycleTests/testPreinstallEntrypointUsesArchivedCompanionAndLockedReadOnlyArguments
HostwrightDistributionTests.DistributionPackageLifecycleTests/testQualificationVersionsMapMonotonicallyToApplePackageVersions
HostwrightDistributionTests.DistributionPackageLifecycleTests/testReleaseCandidateAndStablePackageVersionsFollowPublishedDevelopmentReceipts
HostwrightDistributionTests.DistributionPackageLifecycleTests/testReleasePackageChannelsRejectAmbiguousOrOutOfRangeIdentifiers
HostwrightDistributionTests.DistributionThirdPartyNoticesTests/testAllResolvedHostPinsAndNestedAttributionTextsArePreserved
HostwrightDistributionTests.DistributionThirdPartyNoticesTests/testMissingOrAlteredNoticeTextAndNoncanonicalInventoryAreRefused
HostwrightDistributionTests.DistributionThirdPartyNoticesTests/testRuntimeCorrespondingSourceQualificationUsesTheCommittedEvidenceState
HostwrightDistributionTests.DistributionThirdPartyNoticesTests/testSchemaThreeRequiresNoticesAndHistoricalSchemaTwoLayoutRemainsVerifiable
HostwrightDistributionTests.DistributionThirdPartyNoticesTests/testShippedRuntimeInventoryBindsEveryActualAssetAndRefusesChangedPins
HostwrightHealthTests.DoctorSystemProbeTests/testLiveProbeUsesPublicReadOnlyHostBoundaries
HostwrightHealthTests.DoctorSystemProbeTests/testSigningProbeRejectsFailedNotarizationRequirementWithoutDiscardingSignatureState
HostwrightHealthTests.DoctorSystemProbeTests/testSigningProbeUsesCodesignNotarizationRequirementForStandaloneExecutable
HostwrightStateTests.EventLedgerOSLogMirrorTests/testCommittedEventIsMirroredWithCorrelationWithoutMessageOrPayload
HostwrightStateTests.EventLedgerOSLogMirrorTests/testFailedLedgerTransactionCannotEmitMirroredSuccess
HostwrightStateTests.EventLedgerOSLogMirrorTests/testTraceSpansRemainDurableWithoutRecursiveOSLogMirroring
HostwrightStateTests.EventStreamTests/testAppendOrderedPagesResumeWithoutDuplicates
HostwrightStateTests.EventStreamTests/testConcurrentProducersRemainUniquelyAppendOrdered
HostwrightStateTests.EventStreamTests/testCursorDetectsMutationOfRetainedEvent
HostwrightStateTests.EventStreamTests/testCursorRoundTripsCanonicalShapeAndRejectsTampering
HostwrightStateTests.EventStreamTests/testDeletedCursorReturnsExplicitRetentionGapAndEarliestPage
HostwrightStateTests.EventStreamTests/testDuplicateEventIdentityCannotCreateDuplicateSemanticRow
HostwrightStateTests.EventStreamTests/testEventClassContractCoversEveryIssueRequiredFamily
HostwrightStateTests.EventStreamTests/testFilteredCursorAdvancesAcrossNonMatchingRows
HostwrightStateTests.EventStreamTests/testMalformedLegacyPayloadDoesNotBreakSafeProjectFiltering
HostwrightStateTests.EventStreamTests/testMaximumPageAppliesBackpressureWithoutDroppingTheRemainder
HostwrightStateTests.EventStreamTests/testPageAndFilterLimitsFailClosed
HostwrightStateTests.EventStreamTests/testRetainedCursorSurvivesVacuumRowIdentityChange
HostwrightStateTests.EventStreamTests/testSchemaV16EventProjectsIntoV1CursorAfterV20Upgrade
HostwrightStateTests.EventStreamTests/testStreamPublishesImmutableOperationAndAuditReferences
HostwrightCLITests.EventWatchCLIIntegrationTests/testCursorPagesResumeInAppendOrderWithoutDuplicates
HostwrightCLITests.EventWatchCLIIntegrationTests/testDeletedCursorReturnsGapPageWithoutFailureOrStateMutation
HostwrightCLITests.EventWatchCLIIntegrationTests/testParserLocksCursorWatchAndBounds
HostwrightCLITests.EventWatchCLIIntegrationTests/testSnapshotDefaultIsBoundedAndPreservesTimestampOrdering
HostwrightCLITests.EventWatchCLIIntegrationTests/testWatchTimeoutAndCancellationAreExplicitAndNonMutating
HostwrightCLITests.EventWatchCLIIntegrationTests/testWatchWaitsForOneBoundedPageThenReturnsCursor
HostwrightCoreTests.EvidenceModelsTests/testBlockedAndFailedEvidenceCannotMasqueradeAsPassing
HostwrightCoreTests.EvidenceModelsTests/testEvidenceRejectsInvalidCommitAndInconsistentRawCounts
HostwrightCoreTests.EvidenceModelsTests/testPassingHardwareEvidenceRequiresCommandsCountsAndExactCleanup
HostwrightExtensionsTests.ExecutableExtensionDocumentTests/testParserAcceptsExactReviewedLocalReadOnlyDeclaration
HostwrightExtensionsTests.ExecutableExtensionDocumentTests/testParserRejectsDuplicateTopLevelFields
HostwrightExtensionsTests.ExecutableExtensionDocumentTests/testParserRejectsInvalidIdentityPurposeDigestAndBoundaries
HostwrightExtensionsTests.ExecutableExtensionDocumentTests/testParserRejectsMutableOrMismatchedCapabilities
HostwrightExtensionsTests.ExecutableExtensionDocumentTests/testParserRejectsOversizedDocument
HostwrightExtensionsTests.ExecutableExtensionDocumentTests/testParserRejectsUnknownAndMissingFieldsWithoutEchoingUnknownValues
HostwrightExtensionsTests.ExecutableExtensionDocumentTests/testParserRejectsUnsupportedVersionsAndTrust
HostwrightRuntimeTests.Gate03MigrationEvidenceTests/testConfirmedMigrationRefusesCapabilityDriftBeforeRuntimeMutation
HostwrightRuntimeTests.Gate03MigrationEvidenceTests/testConfirmedMigrationRefusesObservationDriftBeforeRuntimeMutation
HostwrightRuntimeTests.Gate03RecoveryEvidenceTests/testActorSpecificRestartsHaveDeterministicCheckpointRecovery
HostwrightRuntimeTests.Gate03RecoveryEvidenceTests/testH1RecoveryAdvancesOnlyAfterMatchingFreshH2Observation
HostwrightRuntimeTests.Gate03RecoveryEvidenceTests/testLegacyAdapterBindingMapsToStableProviderWithoutChangingGeneration
HostwrightRuntimeTests.Gate03RecoveryEvidenceTests/testStaleH1HelperRefusesAfterH2MetadataAdvance
HostwrightCLITests.Gate03RecoveryStateEvidenceTests/testLegacyAdapterIdentityMigratesToStableProviderWithoutChangingUUIDs
HostwrightStorageTests.GuardedMountSecurityTests/testDetectsParentSymlinkSwapOnRevalidate
HostwrightStorageTests.GuardedMountSecurityTests/testOpensRegularFileAndRevalidatesStableIdentity
HostwrightStorageTests.GuardedMountSecurityTests/testRejectsDeviceNodes
HostwrightStorageTests.GuardedMountSecurityTests/testRejectsHostRootTraversalSymlinkAndWorldWritablePaths
HostwrightStorageTests.GuardedMountSecurityTests/testRejectsReplacementDuringOpenAndDetectsIdentityChangeOnRevalidate
HostwrightExtensionsTests.HTTPSPluginPackageSourceTests/testCancellationAndTransportFailureAreSanitizedAndLeaveNoMaterialization
HostwrightExtensionsTests.HTTPSPluginPackageSourceTests/testCleanupRefusesUnownedArtifactsUntilExactTreeIsRestored
HostwrightExtensionsTests.HTTPSPluginPackageSourceTests/testMaterializesOnlyConfiguredManifestAndDeclaredFilesIntoPrivateDirectory
HostwrightExtensionsTests.HTTPSPluginPackageSourceTests/testRefusesImplicitNonHTTPSOrQueryConfiguredSourcesBeforeNetworkAccess
HostwrightSchedulerTests.HardPlacementFiltersTests/testAllHardFiltersProduceStableBlockingReasons
HostwrightSchedulerTests.HardPlacementFiltersTests/testHealthMaintenanceAndAcceleratorFiltersRemainIndependent
HostwrightSchedulerTests.HardPlacementFiltersTests/testMatchingNodePassesEveryHardFilter
HostwrightSchedulerTests.HardPlacementFiltersTests/testNodesAreReturnedInStableUUIDOrderRegardlessOfInputOrder
HostwrightHealthTests.HostPressurePolicyTests/testBlockedRecoveryRequiresConsecutiveNonblockingSamplesBeforeDeweighting
HostwrightHealthTests.HostPressurePolicyTests/testBlockedRecoveryRequiresTheSameExplicitClearObservationCount
HostwrightHealthTests.HostPressurePolicyTests/testCriticalDiskPressureBlocksAdmissionConservatively
HostwrightHealthTests.HostPressurePolicyTests/testCriticalThermalMemorySleepMaintenanceOrUnavailableBlocksAdmission
HostwrightHealthTests.HostPressurePolicyTests/testDecisionDecoderRejectsInconsistentPostureAndReasons
HostwrightHealthTests.HostPressurePolicyTests/testDeweightedRecoveryDecisionRoundTripsBeforeDurableProjection
HostwrightHealthTests.HostPressurePolicyTests/testInconsistentPowerSourceShapesFailClosed
HostwrightHealthTests.HostPressurePolicyTests/testInvalidPolicyConfigurationIsRejectedOnConstructionAndDecode
HostwrightHealthTests.HostPressurePolicyTests/testLowPowerBatteryAndDiskPressureDeweightAdmission
HostwrightHealthTests.HostPressurePolicyTests/testNoBatteryEvidenceIsAllowedButPowerSourceQueryFailureBlocks
HostwrightHealthTests.HostPressurePolicyTests/testPolicyAndHysteresisVersionsAreCarriedThroughReplayDecision
HostwrightHealthTests.HostPressurePolicyTests/testPriorHysteresisVersionMismatchFailsClosed
HostwrightHealthTests.HostPressurePolicyTests/testRecoveryHysteresisIsExplicitAndDeterministic
HostwrightHealthTests.HostPressurePolicyTests/testSampleRoundTripsAsCodableAndPreservesCallerObservationTime
HostwrightHealthTests.HostPressurePolicyTests/testUnknownPressureSignalFailsClosedAsUnavailable
HostwrightHealthTests.HostPressurePolicyTests/testWarningFairAndSeriousSignalsDeweightAdmission
HostwrightHealthTests.HostPressureProbeTests/testDiskThresholdConfigurationRejectsInvalidValues
HostwrightHealthTests.HostPressureProbeTests/testDispatchMemoryPressureEventsMapToStableSampleLevels
HostwrightHealthTests.HostPressureProbeTests/testInjectedPowerSourceQueryFailureIsRepresentedAsUnavailable
HostwrightHealthTests.HostPressureProbeTests/testInjectedPublicReadersProduceDeterministicPressureFacts
HostwrightHealthTests.HostPressureProbeTests/testMacOSProbeReadsPublicHostFactsWithoutOwningObservationTime
HostwrightCLITests.HostwrightCLITests/testApplyBlocksBeforeCapabilityRevalidationWithoutCommittedSchedulerAuthority
HostwrightCLITests.HostwrightCLITests/testApplyBlocksLegacyOwnedServiceWithoutCommittedSchedulerAuthority
HostwrightCLITests.HostwrightCLITests/testApplyBlocksManagedStartWhenCrashLoopStateIsPersisted
HostwrightCLITests.HostwrightCLITests/testApplyBlocksStoppedServiceWithoutCommittedSchedulerAuthority
HostwrightCLITests.HostwrightCLITests/testApplyDoesNotResolveSecretWithoutCommittedSchedulerAuthority
HostwrightCLITests.HostwrightCLITests/testApplyFailedManagedRestartWritesRecoveryHintAndBackoff
HostwrightCLITests.HostwrightCLITests/testApplyFailsClosedWhenSecretReferenceBackendIsUnavailable
HostwrightCLITests.HostwrightCLITests/testApplyIgnoresStalePersistedHealthResultForManagedRestart
HostwrightCLITests.HostwrightCLITests/testApplyObservationFailureIsRuntimeFailure
HostwrightCLITests.HostwrightCLITests/testApplyRefusesManagedRestartWithoutConfiguredHealthCheck
HostwrightCLITests.HostwrightCLITests/testApplyRefusesManagedRestartWithoutFreshPersistedHealthEvenWhenRuntimeUnhealthy
HostwrightCLITests.HostwrightCLITests/testApplyRefusesWrongPlanHashBeforeMutation
HostwrightCLITests.HostwrightCLITests/testApplyRejectsLegacyRuntimeProviderAPIBeforeMutation
HostwrightCLITests.HostwrightCLITests/testApplyRejectsManagedRestartWithoutOwnershipRecord
HostwrightCLITests.HostwrightCLITests/testApplyRejectsMissingRuntimeAdapterMetadataBeforeMutation
HostwrightCLITests.HostwrightCLITests/testApplyRepeatedPlanRemainsBlockedWithoutCommittedSchedulerAuthority
HostwrightCLITests.HostwrightCLITests/testApplyRepeatedSecretPlanIsBlockedBeforeSecretResolutionWithoutSchedulerAuthority
HostwrightCLITests.HostwrightCLITests/testApplyRestartsUnhealthyRunningOwnedServiceAndWritesRecoveryRecord
HostwrightCLITests.HostwrightCLITests/testApplyRetryRemainsBlockedWithoutCommittedSchedulerAuthority
HostwrightCLITests.HostwrightCLITests/testApplyUsesSecureDefaultStateWithoutStateFlag
HostwrightCLITests.HostwrightCLITests/testApplyWithFreshHealthStillRequiresCommittedSchedulerAuthority
HostwrightCLITests.HostwrightCLITests/testApplyWithoutCommittedSchedulerAuthorityPersistsNoIntent
HostwrightCLITests.HostwrightCLITests/testApplyWithoutSchedulerAuthorityCreatesNoFailureOperationGroup
HostwrightCLITests.HostwrightCLITests/testApplyWithoutSchedulerAuthorityDoesNotPersistRuntimeFailure
HostwrightCLITests.HostwrightCLITests/testApplyWithoutSchedulerAuthorityDoesNotReachPreRuntimePersistence
HostwrightCLITests.HostwrightCLITests/testApplyWithoutSchedulerAuthorityDoesNotReachRuntimeFailurePersistence
HostwrightCLITests.HostwrightCLITests/testApplyWithoutSchedulerAuthorityDoesNotReachSuccessPersistence
HostwrightCLITests.HostwrightCLITests/testBlockedManagedStartPreservesCleanupEligibility
HostwrightCLITests.HostwrightCLITests/testBoundedLogsRejectsSelectedProviderObservationMismatchBeforeLogRead
HostwrightCLITests.HostwrightCLITests/testBoundedLogsSelectsSDKProviderAndItsExactOwnershipHints
HostwrightCLITests.HostwrightCLITests/testCleanupAmbiguousReobservationRetainsOperationFenceAndFailure
HostwrightCLITests.HostwrightCLITests/testCleanupDeleteSuccessStatePersistenceFailureIsReportedAsStateUnavailable
HostwrightCLITests.HostwrightCLITests/testCleanupDryRunAndConfirmedDeleteOnlyEligibleStoppedOwnedContainers
HostwrightCLITests.HostwrightCLITests/testCleanupDryRunClassifiesBlockedResourcesAndDeletesOnlyEligibleExactIDs
HostwrightCLITests.HostwrightCLITests/testCleanupMigratesLegacyOwnershipRuntimeAdapterBeforeClassification
HostwrightCLITests.HostwrightCLITests/testCleanupPartialFailureReportsSuccessAndFailureAndPreservesOwnership
HostwrightCLITests.HostwrightCLITests/testCleanupProviderErrorWithVerifiedAbsenceFinalizesDeletion
HostwrightCLITests.HostwrightCLITests/testCleanupUsesPersistedAdapterAndBlocksAdapterMismatch
HostwrightCLITests.HostwrightCLITests/testCommandParserRecognizesSupportedCommands
HostwrightCLITests.HostwrightCLITests/testComposeBoundedReaderAcceptsExactLimitAndRejectsOversizedAndInvalidUTF8
HostwrightCLITests.HostwrightCLITests/testComposeJSONParseFailuresRetainTypedEnvelopes
HostwrightCLITests.HostwrightCLITests/testContentSHA256MatchesKnownVector
HostwrightCLITests.HostwrightCLITests/testDiagnosticsClassifiesLocalFileFailuresWithoutBlamingState
HostwrightCLITests.HostwrightCLITests/testDiagnosticsDoesNotCreateOrMigrateMissingStateDatabase
HostwrightCLITests.HostwrightCLITests/testDiagnosticsLiveWriterCreatesModeSixHundredAndRefusesOverwrite
HostwrightCLITests.HostwrightCLITests/testDiagnosticsWritesLocalRedactedBundleWithoutRuntimeObservation
HostwrightCLITests.HostwrightCLITests/testDoctorBoundsAndRedactsRuntimeProbeFailure
HostwrightCLITests.HostwrightCLITests/testDoctorCompatibilityFailureUsesValidationExitCode
HostwrightCLITests.HostwrightCLITests/testDoctorInspectsExistingStateWithoutChangingItsFileSet
HostwrightCLITests.HostwrightCLITests/testDoctorJSONOutputIncludesChecks
HostwrightCLITests.HostwrightCLITests/testDoctorJSONOutputUsesReadinessWithoutRuntimeInventoryObservation
HostwrightCLITests.HostwrightCLITests/testDoctorMapsStoppedRuntimeToExternalConstraint
HostwrightCLITests.HostwrightCLITests/testDoctorReportsActiveStateWriteAsRetryableInspectionFailure
HostwrightCLITests.HostwrightCLITests/testDoctorReportsMissingAppleContainerAsExternalConstraint
HostwrightCLITests.HostwrightCLITests/testEventsCommandDoesNotCreateOrMigrateMissingStateDatabase
HostwrightCLITests.HostwrightCLITests/testEventsCommandReadsStateLedgerDeterministically
HostwrightCLITests.HostwrightCLITests/testEventsFiltersSortsAndLimitsResults
HostwrightCLITests.HostwrightCLITests/testEventsJSONOutputIsOrderedAndRedacted
HostwrightCLITests.HostwrightCLITests/testExportStackRejectsUnrepresentableManifestWithExactComposeLoss
HostwrightCLITests.HostwrightCLITests/testExportStackTextAndJSONAreDeterministicAndReadOnly
HostwrightCLITests.HostwrightCLITests/testExtensionCheckJSONErrorUsesStableCodeAndDoesNotCreateState
HostwrightCLITests.HostwrightCLITests/testHelpDocumentsOutputModesAndExamples
HostwrightCLITests.HostwrightCLITests/testImportStackFailsClosedForMissingV3ResourcesWithoutWritingFiles
HostwrightCLITests.HostwrightCLITests/testImportStackJSONErrorsUseVersionedComposeLossEnvelopeAndFailClosed
HostwrightCLITests.HostwrightCLITests/testImportStackJSONMapsComposeCapacityDeterministicallyWithoutWritingFiles
HostwrightCLITests.HostwrightCLITests/testInitCreatesStarterManifestWithoutOverwriting
HostwrightCLITests.HostwrightCLITests/testJSONErrorsUseStableExitCodesAndEnvelope
HostwrightCLITests.HostwrightCLITests/testLogsStateDatabaseFailureUsesStateExitCode
HostwrightCLITests.HostwrightCLITests/testLogsUseRuntimeAdapterAndRedactOutput
HostwrightCLITests.HostwrightCLITests/testLogsUsesStateBackedLegacyExactResourceIdentifier
HostwrightCLITests.HostwrightCLITests/testMigratePreviewConvertsLegacyFlatResourcesToV3WithoutWritingSource
HostwrightCLITests.HostwrightCLITests/testPathResolutionErrorsUseStableStateFailure
HostwrightCLITests.HostwrightCLITests/testPathsAndDoctorReportUnsafeExistingDefaultState
HostwrightCLITests.HostwrightCLITests/testPathsJSONReportsDefaultLayoutWithoutCreatingIt
HostwrightCLITests.HostwrightCLITests/testPathsReportsPendingPostRenameJournalAsMigrationRequired
HostwrightCLITests.HostwrightCLITests/testPhase08RestartBudgetStatusAndExactReleaseAreNonMutatingUntilConfirmed
HostwrightCLITests.HostwrightCLITests/testPlanJSONOutputIncludesStableShapeAndRedactsSecrets
HostwrightCLITests.HostwrightCLITests/testPlanningHealthOverlayPreservesExactResourceIdentifierAndNetworks
HostwrightCLITests.HostwrightCLITests/testPlanOutputRedactsSecretLikeEnvironmentValues
HostwrightCLITests.HostwrightCLITests/testPlanStackUpdateReadsSameAndDotAliasInputIdentityOnlyOnce
HostwrightCLITests.HostwrightCLITests/testPlanStackUpdateTextJSONAndRejectedPlanRemainReadOnly
HostwrightCLITests.HostwrightCLITests/testRecoveryCommandDoesNotCreateOrMigrateMissingStateDatabase
HostwrightCLITests.HostwrightCLITests/testRecoveryJSONOutputDistinguishesManualAndUnsupportedRecovery
HostwrightCLITests.HostwrightCLITests/testRecoveryJSONOutputIncludesLegacyRestartRecoveryWhenNoOperationGroupExists
HostwrightCLITests.HostwrightCLITests/testRecoveryOutputIncludesVersionedLifecycleCheckpointContract
HostwrightCLITests.HostwrightCLITests/testStatusJSONOutputSupportsDefaultAndExplicitStatePaths
HostwrightCLITests.HostwrightCLITests/testStatusPlanHashMatchesApplyForPersistedHealthManagedRestart
HostwrightCLITests.HostwrightCLITests/testStatusPlanHashMatchesApplyForRestartPolicyBlockedManagedRestart
HostwrightCLITests.HostwrightCLITests/testStatusRejectsChangedObservedCapabilityBeforeRecordingState
HostwrightCLITests.HostwrightCLITests/testStatusReportsMultipleReplicasWithoutDuplicateKeyFailure
HostwrightCLITests.HostwrightCLITests/testStatusStateDatabaseFailureUsesStateExitCodeAndJSONEnvelope
HostwrightCLITests.HostwrightCLITests/testStatusUnavailableProviderExplainsRecoveryInTextAndJSON
HostwrightCLITests.HostwrightCLITests/testStatusWithStateDatabaseObservesAndRecordsEvent
HostwrightCLITests.HostwrightCLITests/testValidateAndPlanRemainNonMutatingWhileStatusUsesSecureDefaultState
HostwrightCLITests.HostwrightCLITests/testVersionOutput
HostwrightCommandTransportTests.HostwrightCommandRunnerTests/testComposeScopeResolutionRejectsBeforePersistentTransportDispatch
HostwrightCommandTransportTests.HostwrightCommandRunnerTests/testFailureReasonCodesMapToCliDiagnosticCategories
HostwrightCommandTransportTests.HostwrightCommandRunnerTests/testInvalidGeneratedRequestIDRejectsBeforeTransportDispatch
HostwrightCommandTransportTests.HostwrightCommandRunnerTests/testManagedServiceRecoveryDoesNotRequireAnAvailableDaemonSocket
HostwrightCommandTransportTests.HostwrightCommandRunnerTests/testPersistentBootstrapAndStreamDispatchUseOnlyTheirInjectedClosures
HostwrightCommandTransportTests.HostwrightCommandRunnerTests/testPersistentExecutorPreservesDirectResultsForSuccessDryRunAndConfirmationFailure
HostwrightCommandTransportTests.HostwrightCommandRunnerTests/testTransportFailuresMapSafelyAndNeverFallBackToDirectExecution
HostwrightCoreTests.HostwrightCoreTests/testCompatibilityGateRejectsUnsupportedPlatform
HostwrightCoreTests.HostwrightCoreTests/testEvidenceContractSeparatesDeterministicAndRealProof
HostwrightDaemonTests.HostwrightDaemonControlServiceTests/testAuthenticatedClientCanReconnectAfterServiceRestart
HostwrightDaemonTests.HostwrightDaemonControlServiceTests/testAuthenticatedConnectionStartsWhenRuntimeExecutableIsUnavailable
HostwrightDaemonTests.HostwrightDaemonControlServiceTests/testAuthenticatedPersistentCapabilitiesWaitsForStateAccessFenceDuringSessionAndUnaryProcessing
HostwrightDaemonTests.HostwrightDaemonControlServiceTests/testExplicitStateAuthoritiesUseDistinctPrivateLedgersWithoutDefaultMetadata
HostwrightDaemonTests.HostwrightDaemonControlServiceTests/testInterruptedUnaryRecoveryRetriesAuditBeforeTerminalState
HostwrightDaemonTests.HostwrightDaemonControlServiceTests/testLifecycleIdentitySeparatesRequestsAndPreservesAuthenticatedRetries
HostwrightDaemonTests.HostwrightDaemonControlServiceTests/testPersistentPluginReadTraversesAuthenticationRBACAndAuditPipeline
HostwrightDaemonTests.HostwrightDaemonControlServiceTests/testPersistentPluginUninstallPersistsTerminalStateAndReplaysIdempotently
HostwrightDaemonTests.HostwrightDaemonControlServiceTests/testSanitizedLocalControlFailureFallsBackForInvalidCodeAndBoundsMessage
HostwrightDaemonTests.HostwrightDaemonControlServiceTests/testSanitizedLocalControlFailurePreservesValidStateCodeAndMessage
HostwrightDaemonTests.HostwrightDaemonControlServiceTests/testServiceCanRestartAfterOwnedSocketCleanup
HostwrightDaemonTests.HostwrightDaemonControlServiceTests/testStartCreatesPrivateSocketAndStopRemovesIt
HostwrightDaemonTests.HostwrightDaemonControlServiceTests/testStopIsSafeWhenRepeated
HostwrightDaemonTests.HostwrightDaemonControlServiceTests/testStopPreservesSocketThatReplacedTheOwnedInode
HostwrightDaemonTests.HostwrightDaemonControlServiceTests/testStreamPreparationDispatchesBeforeUnaryCLIParsing
HostwrightDaemonTests.HostwrightDaemonCoreTests/testCommandParserRequiresForegroundAndConfigButDefaultsStatePath
HostwrightDaemonTests.HostwrightDaemonCoreTests/testConfigReadFailuresAreClassifiedAndRedacted
HostwrightDaemonTests.HostwrightDaemonCoreTests/testDaemonStartupWaitsForStateAccessFenceContention
HostwrightDaemonTests.HostwrightDaemonCoreTests/testDefaultPathDaemonRunCreatesPrivateLayoutAndUsesRealLock
HostwrightDaemonTests.HostwrightDaemonCoreTests/testDefaultReadOnlyLocalAdapterIsNonMutating
HostwrightDaemonTests.HostwrightDaemonCoreTests/testDriverFailurePreservesUncertainMutationEvidenceAndUsesBoundedBackoff
HostwrightDaemonTests.HostwrightDaemonCoreTests/testEachDaemonIterationPersistsOneCompleteBoundedCorrelatedTrace
HostwrightDaemonTests.HostwrightDaemonCoreTests/testFileDaemonInstanceLockContendsOnRealFile
HostwrightDaemonTests.HostwrightDaemonCoreTests/testFileDaemonInstanceLockRejectsSymlinkUnsafeParentAndUnsafeMode
HostwrightDaemonTests.HostwrightDaemonCoreTests/testForegroundLoopHonorsCrashLoopRestartStateWithoutMutation
HostwrightDaemonTests.HostwrightDaemonCoreTests/testForegroundLoopHonorsPersistedHealthInterval
HostwrightDaemonTests.HostwrightDaemonCoreTests/testForegroundLoopPersistsRedactedHealthResultAndRestartState
HostwrightDaemonTests.HostwrightDaemonCoreTests/testForegroundLoopRecordsLevelTriggeredConvergence
HostwrightDaemonTests.HostwrightDaemonCoreTests/testHealthyLevelTriggerRechecksWithoutAnEventEdgeWithinFiveSeconds
HostwrightDaemonTests.HostwrightDaemonCoreTests/testInvalidReloadIsRejectedOnceAndRetainsLastGoodDesiredState
HostwrightDaemonTests.HostwrightDaemonCoreTests/testLaterSchedulerAuthorityLookupUsesBoundedWaitBeforeObservation
HostwrightDaemonTests.HostwrightDaemonCoreTests/testLevelTriggeredLoopInvokesSharedMutationDriverAndPersistsVerifiedResult
HostwrightDaemonTests.HostwrightDaemonCoreTests/testLevelTriggeredLoopRejectsManifestOnlyMutationBeforeDriver
HostwrightDaemonTests.HostwrightDaemonCoreTests/testLevelTriggeredLoopRejectsStaleProjectManifestAuthorityBeforeObservation
HostwrightDaemonTests.HostwrightDaemonCoreTests/testLevelTriggeredLoopRejectsStaleSchedulerManifestBindingBeforeObservation
HostwrightDaemonTests.HostwrightDaemonCoreTests/testLevelTriggeredLoopUsesCommittedSchedulerAuthorityForRecordedOwner
HostwrightDaemonTests.HostwrightDaemonCoreTests/testMaintenanceActiveWindowPassesExactAdmissionToLifecycleDriver
HostwrightDaemonTests.HostwrightDaemonCoreTests/testMaintenanceAdmissionBindingIsVersionedAndStrict
HostwrightDaemonTests.HostwrightDaemonCoreTests/testMaintenanceClassifiesEveryUnattendedUpdateDriftBeforeLifecycleAdmission
HostwrightDaemonTests.HostwrightDaemonCoreTests/testMaintenanceOutsideWindowPersistsDeferralWithoutCallingLifecycleDriver
HostwrightDaemonTests.HostwrightDaemonCoreTests/testManifestFailuresAreClassifiedWithoutRuntimeCode
HostwrightDaemonTests.HostwrightDaemonCoreTests/testPhase08AdmittedDaemonRestartConsumesOneDurableAttempt
HostwrightDaemonTests.HostwrightDaemonCoreTests/testPhase08FreshDaemonRestartAttemptsAdvanceExecutionIdentityAndFence
HostwrightDaemonTests.HostwrightDaemonCoreTests/testPhase08HeldWorkloadDoesNotStarveIndependentProjectMutation
HostwrightDaemonTests.HostwrightDaemonCoreTests/testPhase08OnlyExactStartedRestartServiceConsumesBudget
HostwrightDaemonTests.HostwrightDaemonCoreTests/testPhase08PostAdmissionInterruptionConsumesFailedUnknownAttempt
HostwrightDaemonTests.HostwrightDaemonCoreTests/testPhase08StableRunResetSurvivesFreshDaemonProcessesAndRecordsHistory
HostwrightDaemonTests.HostwrightDaemonCoreTests/testRuntimeFailuresBackOffWithJitterAndPersistFailureRecords
HostwrightDaemonTests.HostwrightDaemonCoreTests/testSafeHoldIsNotReportedAsConvergenceAndBacksOff
HostwrightDaemonTests.HostwrightDaemonCoreTests/testSchedulerAuthorityWaitsForStateAccessBeforeObservation
HostwrightDaemonTests.HostwrightDaemonCoreTests/testShutdownTokenStopsLoopAfterSleep
HostwrightDaemonTests.HostwrightDaemonCoreTests/testSingleInstanceLockPreventsLoopStart
HostwrightDaemonTests.HostwrightDaemonCoreTests/testSleepWakeResumeEventIsPersisted
HostwrightDaemonTests.HostwrightDaemonCoreTests/testTransientStateAccessContentionBacksOffAndResumesWithoutExiting
HostwrightDaemonTests.HostwrightDaemonCoreTests/testUnattendedReconciliationContractIsVersionedAndBounded
HostwrightHealthTests.HostwrightHealthTests/testArchitectureWarningsRequireEvidenceAndArm64Host
HostwrightHealthTests.HostwrightHealthTests/testBenchmarkHostProbeReadsRealLocalHostFacts
HostwrightHealthTests.HostwrightHealthTests/testBenchmarkLabDryRunReportRecordsEnvironmentAndNoMutationPolicy
HostwrightHealthTests.HostwrightHealthTests/testBenchmarkLabParserLoadsFixtureAndRejectsUnsafePolicies
HostwrightHealthTests.HostwrightHealthTests/testCompatibilityChecksReportUnsupportedPlatform
HostwrightHealthTests.HostwrightHealthTests/testCurrentResourceSnapshotUsesLocalProcessInfoWithoutContainerVersionExecution
HostwrightHealthTests.HostwrightHealthTests/testDoctorDoesNotRequireOptionalDeveloperToolchainForRuntimeReadiness
HostwrightHealthTests.HostwrightHealthTests/testDoctorReadinessStatesHaveStableValuesAndStrictPrecedence
HostwrightHealthTests.HostwrightHealthTests/testDoctorReportsMissingAppleContainerAsExternalConstraint
HostwrightHealthTests.HostwrightHealthTests/testDoctorResourceIntelligenceWarnsOnSeriousThermalState
HostwrightHealthTests.HostwrightHealthTests/testResourceReportCapturesMeasurementMethodHardwareLimitsAndUnknowns
HostwrightHealthTests.HostwrightHealthTests/testResourceReportParserLoadsFixtureShape
HostwrightImportTests.HostwrightImportTests/testComposeCapacityContractRejectsPartialUnsupportedAndAmbiguousValues
HostwrightImportTests.HostwrightImportTests/testComposeCapacityContractRoundTripsCanonicalSubset
HostwrightImportTests.HostwrightImportTests/testComposeCapacityMalformedQuotedScalarsKeepCanonicalLeafPaths
HostwrightImportTests.HostwrightImportTests/testComposeCapacityMemoryUnitsMapExactly
HostwrightImportTests.HostwrightImportTests/testComposeCapacityMultiServiceRoundTripCanonicalizesManifestOrder
HostwrightImportTests.HostwrightImportTests/testComposeContractJSONIsStableAndVersioned
HostwrightImportTests.HostwrightImportTests/testComposeExportAndUpdateRejectEveryPartialCapacityShape
HostwrightImportTests.HostwrightImportTests/testComposeExportFailsClosedWithDeterministicLosses
HostwrightImportTests.HostwrightImportTests/testComposeExportRejectsResourcesOutsideExactCapacitySubset
HostwrightImportTests.HostwrightImportTests/testComposeImportReportsStablePathsAndRejectsUnknownSemantics
HostwrightImportTests.HostwrightImportTests/testComposeImportReportsV3ResourceAdmissionAtTheServicePath
HostwrightImportTests.HostwrightImportTests/testComposeMalformedInputUsesInvalidInputContractCode
HostwrightImportTests.HostwrightImportTests/testComposeUpdatePlanIncludesResourceChangesWithoutMutation
HostwrightImportTests.HostwrightImportTests/testComposeUpdatePlanRejectsProjectMismatchBeforePlanningChanges
HostwrightImportTests.HostwrightImportTests/testConvertedManifestValidationStillFailsClosed
HostwrightImportTests.HostwrightImportTests/testImportDiagnosticsAreDeterministic
HostwrightImportTests.HostwrightImportTests/testInlineArraysWithoutExplicitResourcesFailClosed
HostwrightImportTests.HostwrightImportTests/testManifestEmitterPreservesStructuredPublishedPorts
HostwrightImportTests.HostwrightImportTests/testNamedVolumesAndShellHealthchecksAreRejected
HostwrightImportTests.HostwrightImportTests/testQuotedEnvironmentScalarsCannotBypassResourceAdmission
HostwrightImportTests.HostwrightImportTests/testStackSubsetWithoutExplicitResourcesFailsClosed
HostwrightImportTests.HostwrightImportTests/testUnsupportedNetworkingAndSecretFieldsFailClosedWithPolicyReasons
HostwrightManifestTests.HostwrightManifestTests/testEnvironmentKeysAndUnsafeVolumesFailValidation
HostwrightManifestTests.HostwrightManifestTests/testExamplesAndSchemaStayAlignedWithSupportedManifestSubset
HostwrightManifestTests.HostwrightManifestTests/testExplicitOlderAndNewerManifestVersionsFailClosed
HostwrightManifestTests.HostwrightManifestTests/testFlagLikeImagesFailWhileCommandArgumentsRemainExecutable
HostwrightManifestTests.HostwrightManifestTests/testImageDigestSyntaxFailsClosedWithoutRegistryLookup
HostwrightManifestTests.HostwrightManifestTests/testImagePolicyRequiresDigestPinnedImagesWhenConfigured
HostwrightManifestTests.HostwrightManifestTests/testImageProvenanceAcceptsExactBoundaryValues
HostwrightManifestTests.HostwrightManifestTests/testImageProvenanceFailsClosedForGatesBoundsAndSignerRules
HostwrightManifestTests.HostwrightManifestTests/testImageProvenanceParserRejectsMissingUnknownDuplicateAndAmbiguousFields
HostwrightManifestTests.HostwrightManifestTests/testImageProvenanceParsesValidatesAndRoundTripsCanonically
HostwrightManifestTests.HostwrightManifestTests/testImageSBOMParserRejectsDuplicateUnknownAndInvalidEnums
HostwrightManifestTests.HostwrightManifestTests/testImageSBOMParsesValidatesAndRoundTripsCanonically
HostwrightManifestTests.HostwrightManifestTests/testImageSBOMValidationFailsClosedForDigestVersionAndFormats
HostwrightManifestTests.HostwrightManifestTests/testImageTrustParserRejectsDuplicateAndUnknownTopLevelFields
HostwrightManifestTests.HostwrightManifestTests/testImageTrustParsesValidatesAndRoundTripsCanonically
HostwrightManifestTests.HostwrightManifestTests/testImageTrustValidationFailsClosedForCrossFieldAndAuthorityRules
HostwrightManifestTests.HostwrightManifestTests/testImageTrustValidationRejectsTypeSpecificFieldsPathsAndDates
HostwrightManifestTests.HostwrightManifestTests/testImageVulnerabilityAcceptsExactBoundaryValues
HostwrightManifestTests.HostwrightManifestTests/testImageVulnerabilityFailsClosedForRequiredContractsAndBounds
HostwrightManifestTests.HostwrightManifestTests/testImageVulnerabilityParsesValidatesAndRoundTripsCanonically
HostwrightManifestTests.HostwrightManifestTests/testImageVulnerabilityRejectsInvalidEnumsUnknownFieldsAndDuplicateEntries
HostwrightManifestTests.HostwrightManifestTests/testInvalidManifestVersionShapeFailsValidation
HostwrightManifestTests.HostwrightManifestTests/testLegacyPortsCanonicalizeToStructuredMappings
HostwrightManifestTests.HostwrightManifestTests/testMalformedPortFailsValidation
HostwrightManifestTests.HostwrightManifestTests/testMissingImageFailsValidation
HostwrightManifestTests.HostwrightManifestTests/testMissingProjectFailsValidation
HostwrightManifestTests.HostwrightManifestTests/testPhase08RestartBudgetDefaultsPreserveLegacyCanonicalManifest
HostwrightManifestTests.HostwrightManifestTests/testPhase08RestartBudgetsParseValidateAndRoundTripCanonically
HostwrightManifestTests.HostwrightManifestTests/testPhase08RestartBudgetsRejectUnsafeAndUnknownValues
HostwrightManifestTests.HostwrightManifestTests/testPhase08RolloutStableObservationParsesValidatesAndRoundTrips
HostwrightManifestTests.HostwrightManifestTests/testQuotedScalarsAndInlineArraysPreserveCommasAndEscapes
HostwrightManifestTests.HostwrightManifestTests/testSecretEnvironmentReferenceFailuresAreRedactedAndListSupportedShapes
HostwrightManifestTests.HostwrightManifestTests/testSecretEnvironmentReferencesParseAndValidate
HostwrightManifestTests.HostwrightManifestTests/testStructuredPortsParseAndValidate
HostwrightManifestTests.HostwrightManifestTests/testSupportedSecretReferencesCannotBePlacedInLiteralEnvironment
HostwrightManifestTests.HostwrightManifestTests/testUnsupportedFieldsFailClosedWithContext
HostwrightManifestTests.HostwrightManifestTests/testUnsupportedKubernetesStyleYamlFailsClosed
HostwrightManifestTests.HostwrightManifestTests/testUnsupportedNetworkingAndDiscoveryFieldsFailClosed
HostwrightManifestTests.HostwrightManifestTests/testValidManifestParsesAndValidates
HostwrightManifestTests.HostwrightManifestTests/testVersionlessManifestIsRecognizedAsLegacyButRequiresMigration
HostwrightNetworkingTests.HostwrightNetworkingTests/testBindAddressPolicyNormalizesLocalhostAndBroadExposure
HostwrightNetworkingTests.HostwrightNetworkingTests/testHostPortConflictTreatsBroadBindAsConflictingWithLocalhost
HostwrightNetworkingTests.HostwrightNetworkingTests/testLocalhostExposureWithValidPortsPasses
HostwrightNetworkingTests.HostwrightNetworkingTests/testManifestNetworkNamesUseBoundedLowercaseDNSLabels
HostwrightNetworkingTests.HostwrightNetworkingTests/testNetworkAddressRequestCodableUsesStableStringContract
HostwrightNetworkingTests.HostwrightNetworkingTests/testNetworkAddressRequestsRoundTripManifestValues
HostwrightNetworkingTests.HostwrightNetworkingTests/testNetworkDefinitionDefaultsAreStable
HostwrightNetworkingTests.HostwrightNetworkingTests/testNonLocalExposureScopesAreRejectedForFirstRelease
HostwrightNetworkingTests.HostwrightNetworkingTests/testRuntimeNetworkIdentityIsUUIDBackedAndDeterministic
HostwrightObservabilityTests.HostwrightObservabilityTests/testAdversarialInputAndSecretListsAreBoundedBeforeRedaction
HostwrightObservabilityTests.HostwrightObservabilityTests/testConcurrentWritersRemainBoundedAndIsolated
HostwrightObservabilityTests.HostwrightObservabilityTests/testConstructionTimeRedactionCoversCredentialsPIIAndPaths
HostwrightObservabilityTests.HostwrightObservabilityTests/testContextIsExactlyRestoredAfterCancellationStyleThrow
HostwrightObservabilityTests.HostwrightObservabilityTests/testContextPropagatesCorrelationAndSinkWithoutGlobalState
HostwrightObservabilityTests.HostwrightObservabilityTests/testDisabledSinkHasExplicitNonSuccessStatus
HostwrightObservabilityTests.HostwrightObservabilityTests/testFieldPrivacyDefaultsToConstructionTimePrivateRedaction
HostwrightObservabilityTests.HostwrightObservabilityTests/testFieldRemovesLogInjectionAndBoundsUnicodeByBytes
HostwrightObservabilityTests.HostwrightObservabilityTests/testProductionSinkCollectionControlsStopBeforeOSLogEmission
HostwrightObservabilityTests.HostwrightObservabilityTests/testReasonOutcomeContractRejectsMisleadingSuccess
HostwrightObservabilityTests.HostwrightObservabilityTests/testRecordRejectsInvalidIdentifiersDuplicateAndUnboundedFields
HostwrightObservabilityTests.HostwrightObservabilityTests/testSecretRedactorPreservesExistingExactAndKeychainContract
HostwrightObservabilityTests.HostwrightObservabilityTests/testStructuredRecordUsesFixedVersionSubsystemAndSortedFields
HostwrightPolicyTests.HostwrightPolicySmoke/testCleanupPolicyClassifiesExactEligibilityAndBlockedStates
HostwrightPolicyTests.HostwrightPolicySmoke/testDeclaredLANExposureFailsClosedUntilSecureListenerIsQualified
HostwrightPolicyTests.HostwrightPolicySmoke/testExtensionPolicyAllowsReviewedNonMutatingPolicyPackDeclaration
HostwrightPolicyTests.HostwrightPolicySmoke/testExtensionPolicyBlocksMutationAndMissingBoundaries
HostwrightPolicyTests.HostwrightPolicySmoke/testExtensionPolicyBlocksUntrustedTunnelAndSecretCapabilities
HostwrightPolicyTests.HostwrightPolicySmoke/testExtensionPolicyEvaluationIsDeterministic
HostwrightPolicyTests.HostwrightPolicySmoke/testExtensionPolicyFailsClosedForEmptyOrUnsupportedDeclarations
HostwrightPolicyTests.HostwrightPolicySmoke/testImagePolicyExplainsDigestRequirementWithoutRegistryCalls
HostwrightPolicyTests.HostwrightPolicySmoke/testPlanningPolicyDecisionsPreserveCurrentSafetyMessages
HostwrightPolicyTests.HostwrightPolicySmoke/testPolicyEvaluationIsDeterministic
HostwrightPolicyTests.HostwrightPolicySmoke/testSecretReferenceUnavailableFailsClosedWithoutLeakingReferenceLabel
HostwrightPolicyTests.HostwrightPolicySmoke/testUnsupportedLifecycleManifestExposureAndAcceleratorsFailClosed
HostwrightReconcilerTests.HostwrightReconcilerTests/testCapabilityDigestIsBoundIntoTheObservedPlanHash
HostwrightReconcilerTests.HostwrightReconcilerTests/testCrashLoopRestartStateBlocksManagedStart
HostwrightReconcilerTests.HostwrightReconcilerTests/testCrashLoopStateBlocksManagedRestartForUnhealthyRunningService
HostwrightReconcilerTests.HostwrightReconcilerTests/testDeterministicPlanHashAndOrdering
HostwrightReconcilerTests.HostwrightReconcilerTests/testDuplicateObservedIdentitiesProduceBlockerIssue
HostwrightReconcilerTests.HostwrightReconcilerTests/testElapsedRestartBackoffAllowsOneManagedStart
HostwrightReconcilerTests.HostwrightReconcilerTests/testFailedServiceCreatesInvestigationActionWithoutExecution
HostwrightReconcilerTests.HostwrightReconcilerTests/testImageMismatchCreatesReplaceForImageDriftAction
HostwrightReconcilerTests.HostwrightReconcilerTests/testManifestMappingIncludesSupportedSubsetAndPolicyIssues
HostwrightReconcilerTests.HostwrightReconcilerTests/testMissingDesiredServiceCreatesDeterministicCreateAction
HostwrightReconcilerTests.HostwrightReconcilerTests/testMountMismatchCreatesMountDriftAction
HostwrightReconcilerTests.HostwrightReconcilerTests/testObservationUnavailableIsHonestAndNonMutating
HostwrightReconcilerTests.HostwrightReconcilerTests/testOperatorHoldAndManualDisableBlockManagedStart
HostwrightReconcilerTests.HostwrightReconcilerTests/testPhase08ProjectBudgetBlocksOnlyTheExcessCandidate
HostwrightReconcilerTests.HostwrightReconcilerTests/testPhase08ReasonClassesAndAbsoluteBackoffTimeFailClosed
HostwrightReconcilerTests.HostwrightReconcilerTests/testPhase08RestartBudgetBackoffHoldAndStableResetAreDeterministic
HostwrightReconcilerTests.HostwrightReconcilerTests/testPhase08TenThousandFailuresKeepBackoffAndHistoryFieldsBounded
HostwrightReconcilerTests.HostwrightReconcilerTests/testPlanningPolicyBridgesLocalPolicyEvaluatorWithoutChangingIssues
HostwrightReconcilerTests.HostwrightReconcilerTests/testPolicyDetectsDuplicateDesiredHostPorts
HostwrightReconcilerTests.HostwrightReconcilerTests/testPolicyDetectsObservedHostPortConflictBeforeMutation
HostwrightReconcilerTests.HostwrightReconcilerTests/testPolicyDetectsUnsafeExposureAndPrivilegedPort
HostwrightReconcilerTests.HostwrightReconcilerTests/testPolicyDetectsUnsafeVolumeReference
HostwrightReconcilerTests.HostwrightReconcilerTests/testPortMismatchCreatesPortDriftAction
HostwrightReconcilerTests.HostwrightReconcilerTests/testRestartPolicyAllowsManagedStartForStoppedService
HostwrightReconcilerTests.HostwrightReconcilerTests/testRuntimePlanCompatibilityStillCreatesMissingAction
HostwrightReconcilerTests.HostwrightReconcilerTests/testSecretLikeEnvValuesAreRedactedInPlanOutput
HostwrightReconcilerTests.HostwrightReconcilerTests/testStoppedAndExitedServicesCreateStartProposalWithoutExecution
HostwrightReconcilerTests.HostwrightReconcilerTests/testUnhealthyNonRunningServiceDoesNotPlanManagedRestart
HostwrightReconcilerTests.HostwrightReconcilerTests/testUnhealthyRunningServiceCanPlanManagedRestartWhenPolicyAllowsIt
HostwrightReconcilerTests.HostwrightReconcilerTests/testUnhealthyServiceCreatesHealthAction
HostwrightReconcilerTests.HostwrightReconcilerTests/testUnixSocketMismatchCreatesPortDriftAction
HostwrightReconcilerTests.HostwrightReconcilerTests/testUnmanagedObservedServiceCreatesFlagAction
HostwrightReconcilerTests.HostwrightReconcilerTests/testUnsupportedUnknownObservedStateFailsClosed
HostwrightRuntimeTests.HostwrightRuntimeTests/testAppleActivationAuthorityExpiresDuringImageAndCodecPreparation
HostwrightRuntimeTests.HostwrightRuntimeTests/testAppleContainerApplyAdapterCompletionStartAttachesAndRequiresExitedObservation
HostwrightRuntimeTests.HostwrightRuntimeTests/testAppleContainerApplyAdapterCompletionStartRejectsFailedExit
HostwrightRuntimeTests.HostwrightRuntimeTests/testAppleContainerApplyAdapterCreatesFromExactLockedDigest
HostwrightRuntimeTests.HostwrightRuntimeTests/testAppleContainerApplyAdapterCreatesOnlyWhenLocalImageIsAvailable
HostwrightRuntimeTests.HostwrightRuntimeTests/testAppleContainerApplyAdapterDeletesOnlyExplicitDestructiveManagedContainer
HostwrightRuntimeTests.HostwrightRuntimeTests/testAppleContainerApplyAdapterKeepsSensitiveEnvironmentValuesOutOfArgv
HostwrightRuntimeTests.HostwrightRuntimeTests/testAppleContainerApplyAdapterRejectsIdentitylessMutationContextBeforeRuntimeAccess
HostwrightRuntimeTests.HostwrightRuntimeTests/testAppleContainerApplyAdapterRejectsLockedContentDriftBeforeMutation
HostwrightRuntimeTests.HostwrightRuntimeTests/testAppleContainerApplyAdapterRejectsMissingLocalImageBeforeCreate
HostwrightRuntimeTests.HostwrightRuntimeTests/testAppleContainerApplyAdapterRejectsObservedBindMountMismatchAfterCreate
HostwrightRuntimeTests.HostwrightRuntimeTests/testAppleContainerApplyAdapterRejectsUnresolvedSecretReferences
HostwrightRuntimeTests.HostwrightRuntimeTests/testAppleContainerApplyAdapterRejectsUnsafeBindBeforeAnyRuntimeInvocation
HostwrightRuntimeTests.HostwrightRuntimeTests/testAppleContainerApplyAdapterRejectsUnsupportedCreateSubsets
HostwrightRuntimeTests.HostwrightRuntimeTests/testAppleContainerApplyAdapterReportsPartialManagedRestartWhenStartFailsAfterStop
HostwrightRuntimeTests.HostwrightRuntimeTests/testAppleContainerApplyAdapterRestartsManagedServiceWithStopThenStartOnly
HostwrightRuntimeTests.HostwrightRuntimeTests/testAppleContainerApplyAdapterRestartsStoppedAndExitedServicesWithStartOnly
HostwrightRuntimeTests.HostwrightRuntimeTests/testAppleContainerApplyAdapterStartsManagedServiceOnly
HostwrightRuntimeTests.HostwrightRuntimeTests/testAppleContainerApplyAdapterVerifiesExactBindMountAfterCreate
HostwrightRuntimeTests.HostwrightRuntimeTests/testAppleContainerParserFailsClosedForMalformedOutputWithRedaction
HostwrightRuntimeTests.HostwrightRuntimeTests/testAppleContainerParserFailsClosedForMalformedRealNetworkOutput
HostwrightRuntimeTests.HostwrightRuntimeTests/testAppleContainerParserIgnoresRealBuilderContainerFixture
HostwrightRuntimeTests.HostwrightRuntimeTests/testAppleContainerParserIncludesOwnedOrphanAndIgnoresUnrelatedProject
HostwrightRuntimeTests.HostwrightRuntimeTests/testAppleContainerParserObservesExactPublishedUnixSocket
HostwrightRuntimeTests.HostwrightRuntimeTests/testAppleContainerParserParsesEmptyFixture
HostwrightRuntimeTests.HostwrightRuntimeTests/testAppleContainerParserParsesRealCreatedProofContainerFixture
HostwrightRuntimeTests.HostwrightRuntimeTests/testAppleContainerParserParsesRealEmptyJSONFixture
HostwrightRuntimeTests.HostwrightRuntimeTests/testAppleContainerParserParsesRunningFixture
HostwrightRuntimeTests.HostwrightRuntimeTests/testAppleContainerParserRejectsDesiredIdentifierClaimedByAnotherProject
HostwrightRuntimeTests.HostwrightRuntimeTests/testAppleContainerParserRejectsDesiredVersionedContainerWithoutOwnershipLabels
HostwrightRuntimeTests.HostwrightRuntimeTests/testAppleContainerParserRejectsUnlabeledVersionedOwnedOrphan
HostwrightRuntimeTests.HostwrightRuntimeTests/testAppleContainerParserUsesOwnershipVersionForLegacyIDMatchingV2Shape
HostwrightRuntimeTests.HostwrightRuntimeTests/testAppleContainerReadinessRunsVersionAndServiceProbesThroughRuntimeBoundary
HostwrightRuntimeTests.HostwrightRuntimeTests/testAppleContainerReadOnlyAdapterMissingExecutableDegradesHonestly
HostwrightRuntimeTests.HostwrightRuntimeTests/testAppleContainerReadOnlyAdapterReadsTailLogsWithoutFollowAttachOrExec
HostwrightRuntimeTests.HostwrightRuntimeTests/testAppleContainerSystemStatusExitPolicyIsExactAndReadOnly
HostwrightRuntimeTests.HostwrightRuntimeTests/testAppleContainerSystemStatusParserIsBoundedAndStrictAboutReadiness
HostwrightRuntimeTests.HostwrightRuntimeTests/testAppleContainerSystemStatusUsesExactReadOnlyJSONCommand
HostwrightRuntimeTests.HostwrightRuntimeTests/testAppleCreateRendersResolvedTCPAndUDPPublishArguments
HostwrightRuntimeTests.HostwrightRuntimeTests/testAppleRestartAuthorityExpiringAfterStopPreservesPartialEffect
HostwrightRuntimeTests.HostwrightRuntimeTests/testBoundedHealthCheckerMapsTimeoutToUnhealthyAndRedactsPartialOutput
HostwrightRuntimeTests.HostwrightRuntimeTests/testBoundedHealthCheckerRejectsShellExecutableWithoutRunning
HostwrightRuntimeTests.HostwrightRuntimeTests/testBoundedHealthCheckerRejectsUnsafeCurlAndWgetArgumentsWithoutRunning
HostwrightRuntimeTests.HostwrightRuntimeTests/testBoundedHealthCheckerRunsAllowedLoopbackURLAndRedactsOutput
HostwrightRuntimeTests.HostwrightRuntimeTests/testBoundedHealthCheckerTreatsRedirectStatusAsUnhealthy
HostwrightRuntimeTests.HostwrightRuntimeTests/testCLIReconcilerAndHealthDoNotBypassRuntimeBoundary
HostwrightRuntimeTests.HostwrightRuntimeTests/testCreateMissingServiceEncodesBindAndTmpfsMountsByCodec
HostwrightRuntimeTests.HostwrightRuntimeTests/testCreateMissingServiceMutationPolicyAcceptsOnlyResolvedCreateSpecs
HostwrightRuntimeTests.HostwrightRuntimeTests/testCreateMissingServiceMutationPolicyPermitsOnlyBoundedNonreservedUserLabels
HostwrightRuntimeTests.HostwrightRuntimeTests/testCreateMissingServiceMutationPolicyRejectsPreImageFlagsAndAllowsLiteralWorkloadArguments
HostwrightRuntimeTests.HostwrightRuntimeTests/testCreateMissingServiceMutationPolicyRejectsTamperedOwnershipBinding
HostwrightRuntimeTests.HostwrightRuntimeTests/testCreateMissingServiceRejectsMountDelimiterInjection
HostwrightRuntimeTests.HostwrightRuntimeTests/testManagedOwnershipLabelsRoundTripExactUUIDGenerationProviderAndFence
HostwrightRuntimeTests.HostwrightRuntimeTests/testManagedRestartPolicyAcceptsOnlyInternalStopThenStartSteps
HostwrightRuntimeTests.HostwrightRuntimeTests/testManagedStartAndDeletePoliciesAcceptOnlyExactHostwrightContainers
HostwrightRuntimeTests.HostwrightRuntimeTests/testReadOnlyExecutionRejectsUnresolvedExecutable
HostwrightRuntimeTests.HostwrightRuntimeTests/testRedactionHandlesSensitiveEnvironmentArgumentsAndJSON
HostwrightRuntimeTests.HostwrightRuntimeTests/testRuntimeCommandPolicyAcceptsReadOnlyResolvedSpecs
HostwrightRuntimeTests.HostwrightRuntimeTests/testRuntimeCommandPolicyRejectsMutatingForbiddenAndUnknownSpecs
HostwrightRuntimeTests.HostwrightRuntimeTests/testRuntimePlanReportsMutationAndDestructiveFlags
HostwrightRuntimeTests.HostwrightRuntimeTests/testSecureRuntimeProcessRunnerCapturesFailedCommandStderr
HostwrightRuntimeTests.HostwrightRuntimeTests/testSecureRuntimeProcessRunnerCarriesSensitiveValuesOutsideArgvAndRedactsOutput
HostwrightRuntimeTests.HostwrightRuntimeTests/testSecureRuntimeProcessRunnerDrainsLargeStdout
HostwrightRuntimeTests.HostwrightRuntimeTests/testSecureRuntimeProcessRunnerObservesRepeatedRapidProcessTermination
HostwrightRuntimeTests.HostwrightRuntimeTests/testSecureRuntimeProcessRunnerRedactsBoundedStandardInput
HostwrightRuntimeTests.HostwrightRuntimeTests/testSecureRuntimeProcessRunnerRejectsShellExecutables
HostwrightRuntimeTests.HostwrightRuntimeTests/testSecureRuntimeProcessRunnerReportsTimeoutAndCancellationSeparately
HostwrightRuntimeTests.HostwrightRuntimeTests/testSecureRuntimeProcessRunnerReturnsAppleStatusExitOneForTypedParsing
HostwrightRuntimeTests.HostwrightRuntimeTests/testURLSessionHealthFetcherReadsRealLoopbackHTTPResponse
HostwrightRuntimeTests.HostwrightRuntimeTests/testURLSessionHealthFetcherRejectsNonLoopbackURLBeforeNetwork
HostwrightRuntimeTests.HostwrightRuntimeTests/testURLSessionHealthFetcherRejectsRedirects
HostwrightRuntimeTests.HostwrightRuntimeTests/testVersionedRuntimeIdentifiersAvoidLegacyHyphenCollisions
HostwrightSecretsTests.HostwrightSecretsIntegrationTests/testCancellationBeforeMutationLeavesNoKeychainItem
HostwrightSecretsTests.HostwrightSecretsIntegrationTests/testLiveMacOSKeychainStoreCreateRaceHasOneWinnerAndCleansUp
HostwrightSecretsTests.HostwrightSecretsIntegrationTests/testLiveMacOSKeychainStoreCRUDMetadataAndExactCleanup
HostwrightSecretsTests.HostwrightSecretsIntegrationTests/testLiveMacOSKeychainStorePreservesLegacyReadOnlyItems
HostwrightSecretsTests.HostwrightSecretsIntegrationTests/testLiveMacOSKeychainStoreReadsAndExactlyDeletesUniqueItem
HostwrightSecretsTests.HostwrightSecretsIntegrationTests/testLiveMacOSKeychainStoreRejectsNonUTF8DataAndCleansUp
HostwrightSecretsTests.HostwrightSecretsIntegrationTests/testLockedTemporaryKeychainFailsWithoutInteractionAndCleansUp
HostwrightSecretsTests.HostwrightSecretsIntegrationTests/testManagedItemIdentityRejectsStaleUpdateAndDeleteAfterReplacement
HostwrightSecretsTests.HostwrightSecretsTests/testInMemorySecretStoreReturnsConfiguredValuesAndUnavailableStoreFailsClosed
HostwrightSecretsTests.HostwrightSecretsTests/testKeychainStatusErrorsRemainStableAndRedacted
HostwrightSecretsTests.HostwrightSecretsTests/testKeychainStoreRejectsNonKeychainReferencesBeforeBackendAccess
HostwrightSecretsTests.HostwrightSecretsTests/testSecretReferenceParsesEverySupportedProviderShape
HostwrightSecretsTests.HostwrightSecretsTests/testSecretReferenceParsesKeychainURI
HostwrightSecretsTests.HostwrightSecretsTests/testSecretReferenceRejectsUnsupportedShapes
HostwrightSecretsTests.HostwrightSecretsTests/testSecretValueAcceptsUTF8ThroughMaximumSize
HostwrightSecretsTests.HostwrightSecretsTests/testSecretValueRejectsOversizedAndMalformedUTF8
HostwrightStateTests.HostwrightStateIntegrationTests/testColdBackupAndRestoreRoundTripCommittedRows
HostwrightStateTests.HostwrightStateIntegrationTests/testCommittedRowsPersistAcrossConnectionCloseAndReopen
HostwrightStateTests.HostwrightStateIntegrationTests/testConcurrentOperationGroupAcquireAcrossStoresHasOneWinner
HostwrightStateTests.HostwrightStateIntegrationTests/testCorruptDatabaseFailsWithActionableError
HostwrightStateTests.HostwrightStateIntegrationTests/testLockedDatabaseFailsWithActionableError
HostwrightStateTests.HostwrightStateIntegrationTests/testMigrationHistoryGapsFailBeforeReadVersionQueryOrMigration
HostwrightStateTests.HostwrightStateIntegrationTests/testTransactionFailureRollsBackPartialWrites
HostwrightStateTests.HostwrightStateIntegrationTests/testTwoRealConnectionsIsolateUncommittedWritesAndShareCommittedRows
HostwrightStateTests.HostwrightStateTests/testDeclaredPortExposurePersistsInDesiredState
HostwrightStateTests.HostwrightStateTests/testDesiredServicesPersistReloadAndRedactEnvironment
HostwrightStateTests.HostwrightStateTests/testDiagnosticsExportCollectsRedactedStateWithoutCreatingRuntimeArtifacts
HostwrightStateTests.HostwrightStateTests/testEventLedgerAppendsInOrderAndRedactsPayloads
HostwrightStateTests.HostwrightStateTests/testExpiredActiveLeaseReclaimIsExactAndHasOneWinner
HostwrightStateTests.HostwrightStateTests/testExpiredHandoffRejectsKindsWithoutCompatibleRecoveryClaimants
HostwrightStateTests.HostwrightStateTests/testExpiredOperationLeaseHandoffIsExactAndNewOwnerCanRenew
HostwrightStateTests.HostwrightStateTests/testExplicitMigrationRefusesExistingNonHostwrightDatabase
HostwrightStateTests.HostwrightStateTests/testFutureSchemaVersionFailsBeforeMigrationOrRead
HostwrightStateTests.HostwrightStateTests/testHealthCheckResultsAppendInOrderAndRedactOutputs
HostwrightStateTests.HostwrightStateTests/testManifestSnapshotPersistsExplicitProjectResourceUUID
HostwrightStateTests.HostwrightStateTests/testMigrationBackfillsLegacyOwnershipRuntimeAdapter
HostwrightStateTests.HostwrightStateTests/testMigrationChecksumMismatchFailsClosed
HostwrightStateTests.HostwrightStateTests/testObservedSnapshotPersistsConcurrentRevisionsWithOneLogicalIdentity
HostwrightStateTests.HostwrightStateTests/testObservedSnapshotsPersistReloadAndRedactSummary
HostwrightStateTests.HostwrightStateTests/testOpeningDirectoryAsDatabaseFailsSafely
HostwrightStateTests.HostwrightStateTests/testOperationGroupsAcquireReleaseAndRedactRecoveryHints
HostwrightStateTests.HostwrightStateTests/testOperationGroupsExpireStaleActiveLeaseBeforeAcquire
HostwrightStateTests.HostwrightStateTests/testOperationGroupsRejectInvalidSagaPayloadsAndFinishInputs
HostwrightStateTests.HostwrightStateTests/testOperationGroupStepsAppendAndRedactFailureState
HostwrightStateTests.HostwrightStateTests/testOperationLedgerRecordsIntentWithoutExecution
HostwrightStateTests.HostwrightStateTests/testOwnershipHintsPreserveExactPrimaryAndReplicaLifecycleIdentities
HostwrightStateTests.HostwrightStateTests/testOwnershipHintsReturnOnlyCanonicalSupportedContainerRows
HostwrightStateTests.HostwrightStateTests/testOwnershipRecordsPersistWithoutCleanupBehavior
HostwrightStateTests.HostwrightStateTests/testPhase08ConcurrentRestartHoldReleaseHasExactlyOneWinner
HostwrightStateTests.HostwrightStateTests/testPhase08RestartHoldReleaseRequiresExactTokenAndRecordsHistoryAtomically
HostwrightStateTests.HostwrightStateTests/testPhase08StaleRestartTransitionCannotResurrectReleasedHold
HostwrightStateTests.HostwrightStateTests/testPublishedUnixSocketsPersistInDesiredAndObservedState
HostwrightStateTests.HostwrightStateTests/testReadOfUnmigratedDatabaseDoesNotCreateMigrationTable
HostwrightStateTests.HostwrightStateTests/testRepeatedMigrationPreservesExistingStateRows
HostwrightStateTests.HostwrightStateTests/testRepositoryReadsDoNotCreateOrMigrateStateDatabase
HostwrightStateTests.HostwrightStateTests/testRestartPolicyStateUpsertsAndRedactsMetadata
HostwrightStateTests.HostwrightStateTests/testRestartRecoveryRecordsAppendAndRedactHints
HostwrightStateTests.HostwrightStateTests/testSchedulerProjectRegistrationDoesNotPublishDesiredServices
HostwrightStateTests.HostwrightStateTests/testSchedulerProjectRegistrationPreservesPublishedDesiredRevision
HostwrightStateTests.HostwrightStateTests/testSchedulerProjectRegistrationRejectsConflictingIdentityAndProvider
HostwrightStateTests.HostwrightStateTests/testSQLiteMigrationsAreIdempotentAndRecordSchemaVersion
HostwrightStateTests.HostwrightStateTests/testTeamWorkflowAuditEventsPersistAndRedactPayloads
HostwrightStateTests.HostwrightStateTests/testVersionSixBackfillsSurviveTheVersionSevenContractMigration
HostwrightWASIProviderRuntimeTests.HostwrightWASIProviderCompatibilityTests/testPluginABIVersionAndLegacyNetworkProviderRemainFrozen
HostwrightWASIProviderRuntimeTests.HostwrightWASIProviderResilienceTests/testLimitsKeepNormalDeadlineBelowAbsoluteCeiling
HostwrightWASIProviderRuntimeTests.HostwrightWASIProviderRuntimeTests/testExcessiveTableAndGlobalDeclarationsFailBeforeInstantiation
HostwrightWASIProviderRuntimeTests.HostwrightWASIProviderRuntimeTests/testFrozenSandboxHasNoAmbientCapabilities
HostwrightWASIProviderRuntimeTests.HostwrightWASIProviderRuntimeTests/testInvalidAndMemorylessModulesFailBeforeInstantiation
HostwrightWASIProviderRuntimeTests.HostwrightWASIProviderRuntimeTests/testResultBoundaryRequiresCanonicalJSONAndMatchingCapability
HostwrightWASIProviderSDKTests.HostwrightWASIProviderSDKTests/testCommandRunnerRejectsActionsOutsideInvocationCapability
HostwrightWASIProviderSDKTests.HostwrightWASIProviderSDKTests/testCommandRunnerRejectsMalformedAndOversizeInputWithoutCallingHandler
HostwrightWASIProviderSDKTests.HostwrightWASIProviderSDKTests/testCommandRunnerRejectsResultInvocationMismatch
HostwrightWASIProviderSDKTests.HostwrightWASIProviderSDKTests/testCommandRunnerWritesCanonicalSortedResult
HostwrightWASIProviderSDKTests.HostwrightWASIProviderSDKTests/testFrozenInvocationFixtureRoundTripsWithStringTimestamp
HostwrightWASIProviderSDKTests.HostwrightWASIProviderSDKTests/testLimitsArePositiveAndCannotExceedFrozenCeilings
HostwrightWASIProviderSDKTests.HostwrightWASIProviderSDKTests/testSeededContextIsDeterministic
HostwrightWASIProviderSDKTests.HostwrightWASIProviderSDKTests/testStrictInvocationRejectsUnknownFieldsAndMalformedTimestamp
HostwrightWASIProviderRuntimeTests.HostwrightWASIProviderSecurityTests/testFractionalTimestampIsRejectedBeforeWorkerExecution
HostwrightWASIProviderRuntimeTests.HostwrightWASIProviderSecurityTests/testGrantIsRequiredBeforeWorkerLaunch
HostwrightWASIProviderRuntimeTests.HostwrightWASIProviderSecurityTests/testGrantScopeMustExactlyMatchInvocationScope
HostwrightWASIProviderRuntimeTests.HostwrightWASIProviderSecurityTests/testModuleDigestAndWritableFileFailClosedBeforeWorkerExecution
HostwrightWASIProviderRuntimeTests.HostwrightWASIProviderSecurityTests/testWorkerIdentityIsRecordedInPinnedOwnershipLedgerBeforeExecution
HostwrightCLITests.ImageCacheCommandRunnerTests/testActiveSharedLeaseExcludesContentFromPrunePlan
HostwrightCLITests.ImageCacheCommandRunnerTests/testCancelledPruneLeavesExactResumableIntentAndReleasesLease
HostwrightCLITests.ImageCacheCommandRunnerTests/testConflictingRuntimeDigestFailsBeforePruneOrStateChange
HostwrightCLITests.ImageCacheCommandRunnerTests/testCurrentDesiredDigestLockCreatesPolicyPin
HostwrightCLITests.ImageCacheCommandRunnerTests/testDryRunThenExactConfirmationDeletesOnlyManagedContent
HostwrightCLITests.ImageCacheCommandRunnerTests/testLeaseExpiryUsesTheExactFractionalAcquisitionTimestamp
HostwrightCLITests.ImageCacheCommandRunnerTests/testPinnedStaleOwnershipIsVisibleButNotPrunable
HostwrightCLITests.ImageCacheCommandRunnerTests/testStaleConfirmationFailsBeforeDeleteEffect
HostwrightCLITests.ImageCacheCommandRunnerTests/testStaleOwnedReferenceAppearsInPlanAndConfirmedPruneCleansStateOnly
HostwrightCLITests.ImageCacheCommandRunnerTests/testStaleReferenceReappearanceInvalidatesPlanBeforeDelete
HostwrightCLITests.ImageCacheCommandRunnerTests/testUnmanagedAliasAndOperatorPinEachBlockPrune
HostwrightCLITests.ImageCachePolicyTests/testAccountingOverflowAndInvalidPolicyFailClosed
HostwrightCLITests.ImageCachePolicyTests/testConfirmationHashDoesNotDependOnObservationClock
HostwrightCLITests.ImageCachePolicyTests/testEligibilityRejectsEveryUnsafeReclamationClass
HostwrightCLITests.ImageCachePolicyTests/testPressurePlanSelectsLeastRecentlyUsedExactContent
HostwrightCLITests.ImageCachePolicyTests/testStaleOwnershipCleanupIsDeterministicallyBounded
HostwrightCLITests.ImageCommandTests/testBroadNativeAndCredentialRiskOptionsAreNeverAccepted
HostwrightCLITests.ImageCommandTests/testEveryImageOperationHasOneStrictCLIShape
HostwrightCLITests.ImageCommandTests/testImagePathsMustBeNormalizedAbsoluteAndBuildFileMustStayInContext
HostwrightCLITests.ImageCommandTests/testImageReferencesAndPlatformsFailClosedAtCLIParsing
HostwrightCLITests.ImageCommandTests/testPruneParsesBoundedPressurePolicyAndExactConfirmation
HostwrightCLITests.ImageCommandTests/testPullAndPushExposeDeterministicOfflineBehavior
HostwrightStateTests.ImageDigestLockStateTests/testDesiredAndObservedLocksRoundTripAcrossReopenAndRefresh
HostwrightStateTests.ImageDigestLockStateTests/testIntegrityRejectsMalformedDigestLockEvidence
HostwrightStateTests.ImageDigestLockStateTests/testLockIdentityCollisionWithDifferentEvidenceFailsClosed
HostwrightStateTests.ImageDigestLockStateTests/testVersionEightMigrationAddsAuthoritativeLockLedger
HostwrightCLITests.ImageLifecycleCoordinatorTests/testCancellationAfterPartialEffectCompensatesBeforeReturning
HostwrightCLITests.ImageLifecycleCoordinatorTests/testCLIEndToEndPullUsesDurableCoordinatorAndStructuredResult
HostwrightCLITests.ImageLifecycleCoordinatorTests/testCreationCollisionIsRejectedBeforeProviderMutationOrIntent
HostwrightCLITests.ImageLifecycleCoordinatorTests/testDeleteRefusesOwnedContentReferencedByLiveContainer
HostwrightCLITests.ImageLifecycleCoordinatorTests/testExactArchiveCleanupRefusesSymlinkWithoutRemovingEitherPath
HostwrightCLITests.ImageLifecycleCoordinatorTests/testFailedSaveRemovesOnlyItsExactNewArchive
HostwrightCLITests.ImageLifecycleCoordinatorTests/testInterruptedCreationRecoveryCanCommitObservedDigest
HostwrightCLITests.ImageLifecycleCoordinatorTests/testInterruptedCreationRollbackDeletesOnlyPersistedCreatedReference
HostwrightCLITests.ImageLifecycleCoordinatorTests/testInterruptedCreationWithoutDurableDigestProofCannotAdoptForeignContent
HostwrightCLITests.ImageLifecycleCoordinatorTests/testInterruptedRecoveryRefusesChangedProviderCapabilityBeforeEffects
HostwrightCLITests.ImageLifecycleCoordinatorTests/testPartialEffectEvidenceSurvivesImmediateInventoryFailure
HostwrightCLITests.ImageLifecycleCoordinatorTests/testPartialPullFailureDeletesOnlyItsExactCreatedReference
HostwrightCLITests.ImageLifecycleCoordinatorTests/testPruneDeletesOnlyOwnedUnreferencedContent
HostwrightCLITests.ImageLifecycleCoordinatorTests/testPullPersistsExactDigestOwnershipOnlyAfterVerifiedResult
HostwrightCLITests.ImageLifecycleCoordinatorTests/testRecoveryCLIExecutesPersistedImageRecoveryDriver
HostwrightStateTests.ImageOwnershipLedgerTests/testCanonicalMetadataIsStableAcrossInputOrder
HostwrightStateTests.ImageOwnershipLedgerTests/testEmptyLegacyHistoryAndUnrelatedGroupsProduceEmptyProjection
HostwrightStateTests.ImageOwnershipLedgerTests/testEveryReferenceMustBeExactlyOwnedForDigestCleanup
HostwrightStateTests.ImageOwnershipLedgerTests/testExactOwnershipQueriesNeverAdoptUnrecordedImages
HostwrightStateTests.ImageOwnershipLedgerTests/testMetadataEnforcesReferenceChangeAndByteBounds
HostwrightStateTests.ImageOwnershipLedgerTests/testMetadataRejectsDuplicatesUnknownFieldsAndDuplicateJSONKeys
HostwrightStateTests.ImageOwnershipLedgerTests/testReplayUsesUpdatedAtThenIDRatherThanInsertionOrder
HostwrightStateTests.ImageOwnershipLedgerTests/testStaleRemovalCannotEraseNewerReplacement
HostwrightStateTests.ImageOwnershipLedgerTests/testSucceededMatchingGroupFailsClosedOnMalformedMetadata
HostwrightStateTests.ImageOwnershipLedgerTests/testTagReplacementAndDeleteReplayExactly
HostwrightStateTests.ImageProvenanceRepositoryTests/testConflictingDuplicateAndInexactEvidenceFailClosed
HostwrightStateTests.ImageProvenanceRepositoryTests/testIntegrityDetectsTamperedImmutableProvenanceMetadata
HostwrightStateTests.ImageProvenanceRepositoryTests/testRecordRoundTripsIdempotentlyAndProtectsExactReferrer
HostwrightStateTests.ImageProvenanceRepositoryTests/testSchemaV12MigratesToV13WithoutGaps
HostwrightRegistryTests.ImageProvenanceTests/testGeneratesSignsPublishesExtractsAndVerifiesExactProvenance
HostwrightRegistryTests.ImageProvenanceTests/testRegistryPublishFetchRoundTripPreservesVerifiableProvenance
HostwrightRegistryTests.ImageProvenanceTests/testRejectsConflictingResourceDigestAcrossInputSets
HostwrightRegistryTests.ImageProvenanceTests/testRejectsTamperedDSSEPayloadAndWrongSignerMaterial
HostwrightRegistryTests.ImageProvenanceTests/testRejectsWrongSubjectBuilderAgeAndReproducibility
HostwrightRegistryTests.ImageProvenanceTests/testStrictRecordRejectsSecretsHostPathsAndUnknownFields
HostwrightRegistryTests.ImageSBOMArtifactTests/testBuildsDigestVerifiedOCIArtifactBoundToImageAndProvenance
HostwrightRegistryTests.ImageSBOMArtifactTests/testRejectsIncompleteProvenanceBindingAndSubjectMismatch
HostwrightRegistryTests.ImageSBOMEvidenceTests/testExtractsOnlyVerifiedExactSubjectSBOMRoots
HostwrightRegistryTests.ImageSBOMEvidenceTests/testRejectsWrongSubjectAndDisallowedFormat
HostwrightStateTests.ImageSBOMRepositoryTests/testConflictingDuplicateFailsClosed
HostwrightStateTests.ImageSBOMRepositoryTests/testRecordRejectsMissingExactDiscoveryEvidenceBinding
HostwrightStateTests.ImageSBOMRepositoryTests/testRecordRoundTripsIdempotentlyAndProtectsCleanupReferences
HostwrightRegistryTests.ImageSBOMTests/testParsesAndNormalizesSPDXBoundToExactImageDigest
HostwrightRegistryTests.ImageSBOMTests/testParsesCycloneDXNestedComponentsAndExactRootBinding
HostwrightRegistryTests.ImageSBOMTests/testRejectsMismatchDuplicatesMalformedAndUnsupportedDocuments
HostwrightRegistryTests.ImageSBOMTests/testRejectsOversizedAndExcessivelyNestedDocuments
HostwrightStateTests.ImageTrustRepositoryTests/testExceptionAndManifestCacheRejectImmutableConflicts
HostwrightStateTests.ImageTrustRepositoryTests/testExceptionVerificationAndExplicitRevokeRoundTrip
HostwrightStateTests.ImageTrustRepositoryTests/testVerificationRejectsExpiredExceptionBinding
HostwrightStateTests.ImageTrustRepositoryTests/testVerificationRejectsUnsupportedOutcome
HostwrightRegistryTests.ImageTrustVerifierTests/testExtractsOnlyExactV03BundleBlobFromVerifiedReferrerGraph
HostwrightRegistryTests.ImageTrustVerifierTests/testKeylessPolicyRequiresExplicitTrustedRootAndExactIdentity
HostwrightRegistryTests.ImageTrustVerifierTests/testRejectsSubjectDigestMismatchBeforeInvokingVerifier
HostwrightRegistryTests.ImageTrustVerifierTests/testRejectsUnsupportedOrMalformedBundleAndVerifierContracts
HostwrightRegistryTests.ImageTrustVerifierTests/testThresholdCountsDistinctActiveAuthoritiesAndCleansBundleFiles
HostwrightRegistryTests.ImageTrustVerifierTests/testThresholdFailureIsStructuredAndDoesNotAdoptExpiredAuthority
HostwrightRegistryTests.ImageVulnerabilityEvidenceTests/testExtractsExactReportAndOnlyBundlesSigningReportBytes
HostwrightRegistryTests.ImageVulnerabilityEvidenceTests/testRejectsWrongSubjectAndAnnotationBinding
HostwrightRegistryTests.ImageVulnerabilityPolicyTests/testAllowlistRequiresExactPackageAndUnexpiredApproval
HostwrightRegistryTests.ImageVulnerabilityPolicyTests/testExceptionApprovalBindsExactDecisionAndExpires
HostwrightRegistryTests.ImageVulnerabilityPolicyTests/testRejectsAmbiguousPolicyAndApprovalContracts
HostwrightRegistryTests.ImageVulnerabilityPolicyTests/testSelectorsAreANDedAndStaleFailOpenNeverBypassesMatch
HostwrightRegistryTests.ImageVulnerabilityPolicyTests/testUnavailablePolicyIsExplicitAndDeterministic
HostwrightRegistryTests.ImageVulnerabilityReportTests/testAcceptsAValidReportWithNoFindings
HostwrightRegistryTests.ImageVulnerabilityReportTests/testParsesStrictBoundedReportAndNormalizesFindingOrder
HostwrightRegistryTests.ImageVulnerabilityReportTests/testRejectsDuplicateJSONKeysAndOversizedPayload
HostwrightRegistryTests.ImageVulnerabilityReportTests/testRejectsUnknownDuplicateAndConflictingFindingData
HostwrightRegistryTests.ImageVulnerabilityReportTests/testRejectsWrongSubjectInvalidFixAndFutureInternalTimes
HostwrightStateTests.ImageVulnerabilityRepositoryTests/testExceptionRejectsBroadOrConflictingApproval
HostwrightStateTests.ImageVulnerabilityRepositoryTests/testExceptionRequiresExactBlockedDecisionAndExpiresAndRevokes
HostwrightStateTests.ImageVulnerabilityRepositoryTests/testReportAndBlockedDecisionRoundTripAndProtectExactReferrer
HostwrightStateTests.ImageVulnerabilityRepositoryTests/testReportRequiresCanonicalPassedProofForExactPersistedBundles
HostwrightStateTests.ImageVulnerabilityRepositoryTests/testSchemaTwelveUpgradeAddsBoundSignatureProof
HostwrightStateTests.ImageVulnerabilityRepositoryTests/testTamperedSignatureProofJSONFailsLoadAndIntegrity
HostwrightCLITests.InteractiveCommandRunnerTests/testAppleAttachRefusesBeforeExecutorCanStartAStoppedWorkload
HostwrightCLITests.InteractiveCommandRunnerTests/testCapabilityFailureIsStableAndDoesNotEmitOutput
HostwrightCLITests.InteractiveCommandRunnerTests/testContainerizationUsesOnlyItsAdvertisedInteractiveSubset
HostwrightCLITests.InteractiveCommandRunnerTests/testCopyEndpointAndHostPathValidationFailClosed
HostwrightCLITests.InteractiveCommandRunnerTests/testJSONOutputUsesStrictNDJSONBase64Frames
HostwrightCLITests.InteractiveCommandRunnerTests/testLiveDriverUsesExactStateAndInventoryBeforeInjectedExecutor
HostwrightCLITests.InteractiveCommandRunnerTests/testLiveInventoryMustRepeatEveryOwnershipFieldExactly
HostwrightCLITests.InteractiveCommandRunnerTests/testLiveStreamSinkReceivesFramesWithoutBufferingThemInTheResult
HostwrightCLITests.InteractiveCommandRunnerTests/testOperationBuilderTranslatesEveryCLIInteractiveVerb
HostwrightCLITests.InteractiveCommandRunnerTests/testOutputLimitStopsTheDriverThroughTheThrowingSink
HostwrightCLITests.InteractiveCommandRunnerTests/testOwnershipResolverRequiresOneExactUUIDBackedRecord
HostwrightCLITests.InteractiveCommandRunnerTests/testStandardIOSessionRelaysBoundedInputAndEOF
HostwrightCLITests.InteractiveCommandRunnerTests/testTextOutputPreservesSeparatedRuntimeStreams
HostwrightRuntimeTests.LifecycleGate05LiveTests/testAppleCLIConfirmedCreateAndDeleteThroughSecureBoundary
HostwrightCLITests.LifecycleHostAccessPreflightTests/testQualifiedProviderRequiresOneManagedNetwork
HostwrightCLITests.LifecycleHostAccessPreflightTests/testUnavailableProviderFailsBeforeMutation
HostwrightCLITests.LifecycleImageProvenancePreflightTests/testExactSignedProvenanceAuthorizesLifecycleAndRecovery
HostwrightCLITests.LifecycleImageProvenancePreflightTests/testOptionalPolicyRecordsExactNotRequiredProof
HostwrightCLITests.LifecycleImageProvenancePreflightTests/testRequiredProvenanceFailsBeforeMutationWhenMissing
HostwrightCLITests.LifecycleImageProvenancePreflightTests/testSignerMaterialChangesLifecycleManifestFence
HostwrightCLITests.LifecycleImageSBOMPreflightTests/testExactSBOMEvidenceAuthorizesLifecycleAndRecovery
HostwrightCLITests.LifecycleImageSBOMPreflightTests/testRequiredSBOMFailsBeforeMutationWhenEvidenceIsMissing
HostwrightCLITests.LifecycleImageSBOMPreflightTests/testSBOMPolicyChangesConfirmationManifestHash
HostwrightCLITests.LifecycleImageTrustPreflightTests/testExactActiveExceptionAllowsPreflightAndIsAudited
HostwrightCLITests.LifecycleImageTrustPreflightTests/testMissingVerificationFailsBeforeMutationBoundary
HostwrightCLITests.LifecycleImageTrustPreflightTests/testRecoveryRevalidatesPersistedExceptionAuthorization
HostwrightCLITests.LifecycleImageTrustPreflightTests/testTrustMaterialChangesConfirmationManifestHash
HostwrightCLITests.LifecycleImageVulnerabilityPreflightTests/testExplicitUnavailableFailOpenAuthorizesAndRecovers
HostwrightCLITests.LifecycleImageVulnerabilityPreflightTests/testRecoverySafeHoldsWithoutAuthorizationOrNotRequiredProof
HostwrightCLITests.LifecycleImageVulnerabilityPreflightTests/testUnavailableFailClosedStopsBeforeMutation
HostwrightCLITests.LifecycleImageVulnerabilityPreflightTests/testVulnerabilityPolicyChangesConfirmationManifestHash
HostwrightCLITests.LifecycleLiveDriverTests/testCompensatedCreateImmediatelyReleasesReservedPortAfterVerifiedAbsence
HostwrightCLITests.LifecycleLiveDriverTests/testCompensatedCreationAndUpdateRetriesAdvanceGeneration
HostwrightCLITests.LifecycleLiveDriverTests/testCompletedAutomaticCompensationRestoresHealthyDesiredState
HostwrightCLITests.LifecycleLiveDriverTests/testCompletedCompensationRecoveryRestoresExactObservedResourceFence
HostwrightCLITests.LifecycleLiveDriverTests/testCompletedDependencyUsesZeroExitStartBeforeDependentStart
HostwrightCLITests.LifecycleLiveDriverTests/testConfirmedCreatePersistsIntentAndExactOwnershipWithoutPersistingSecret
HostwrightCLITests.LifecycleLiveDriverTests/testConfirmedCreateReservesAndActivatesStructuredTCPAndUDPPorts
HostwrightCLITests.LifecycleLiveDriverTests/testConfirmedMutationFailsClosedWithoutPersistedSchedulerAuthority
HostwrightCLITests.LifecycleLiveDriverTests/testConfirmedRemovalCanRetryFailedDeletionWithoutReactivatingResource
HostwrightCLITests.LifecycleLiveDriverTests/testConfirmedUpReplacesMissingOwnedRuntimeAtNextGeneration
HostwrightCLITests.LifecycleLiveDriverTests/testDeferredPreemptionFailsBeforeStateAccessOrRuntimeMutation
HostwrightCLITests.LifecycleLiveDriverTests/testDryRunPreparationIsDeterministicAndMutationFree
HostwrightCLITests.LifecycleLiveDriverTests/testExactFailedSafeHoldResumesMissingRuntimeReplacement
HostwrightCLITests.LifecycleLiveDriverTests/testExecuteRejectsManifestChangedAfterConfirmationBeforePersistenceOrMutation
HostwrightCLITests.LifecycleLiveDriverTests/testExplicitLifecycleIdentityReplaysWithoutDuplicateEffectsDespiteDifferentRequestIdentity
HostwrightCLITests.LifecycleLiveDriverTests/testFailedCompletionExitCannotSatisfyDependencyOrRecoveryObservation
HostwrightCLITests.LifecycleLiveDriverTests/testFailedRecreateUpdateRestoresOriginalAdmissionAndConstraints
HostwrightCLITests.LifecycleLiveDriverTests/testFirstConfirmedNetworkRunPersistsExactProjectProviderBindingBeforeMutation
HostwrightCLITests.LifecycleLiveDriverTests/testFreshSchedulerWorkloadsBindConfirmedRuntimeIdentityWithoutInventingOwnership
HostwrightCLITests.LifecycleLiveDriverTests/testInvalidLaterServiceFailsBeforeAnyProjectMutation
HostwrightCLITests.LifecycleLiveDriverTests/testLocalSchedulerCapacityRejectionDoesNotPublishDesiredIntentOrMutate
HostwrightCLITests.LifecycleLiveDriverTests/testLocalSchedulerDefersFreshBlockedPressureWithEvidenceBeforeReservationsOrEffects
HostwrightCLITests.LifecycleLiveDriverTests/testLocalSchedulerRejectsStalePressureBeforeReservationsOrEffects
HostwrightCLITests.LifecycleLiveDriverTests/testLocalSchedulerRunsConfirmedLifecycleAndReleasesCapacity
HostwrightCLITests.LifecycleLiveDriverTests/testMissingSecretInLaterServiceFailsBeforeAnyProjectMutation
HostwrightCLITests.LifecycleLiveDriverTests/testOwnedImageLeaseUsesItsOwnCapabilityContract
HostwrightCLITests.LifecycleLiveDriverTests/testPersistedRecoveryClaimsExactHandoffAfterReobservation
HostwrightCLITests.LifecycleLiveDriverTests/testPersistedRecoveryPreservesHardConstraintsAfterAdmissionRelease
HostwrightCLITests.LifecycleLiveDriverTests/testPersistedRecoveryReacquiresReleasedLocalAdmission
HostwrightCLITests.LifecycleLiveDriverTests/testPersistedRecoveryRefusesUnknownCheckpointBeforeMutation
HostwrightCLITests.LifecycleLiveDriverTests/testPersistedRecoveryRejectsChangedManifestBeforeAdmission
HostwrightCLITests.LifecycleLiveDriverTests/testPersistedRecoveryRejectsConfirmationGroupAndStatusBeforeMutation
HostwrightCLITests.LifecycleLiveDriverTests/testPersistedRecoveryResumeUsesExactInterruptedSaga
HostwrightCLITests.LifecycleLiveDriverTests/testPersistedRecoveryTimeoutInterruptsBeforeMutationAndRemainsResumable
HostwrightCLITests.LifecycleLiveDriverTests/testPersistedRecoveryUsesIndependentUniqueOperationFence
HostwrightCLITests.LifecycleLiveDriverTests/testPersistedRecoveryWithoutAdmissionCannotActivateRuntime
HostwrightCLITests.LifecycleLiveDriverTests/testPersistedRollbackDoesNotUseCrossProjectOwnershipAsProof
HostwrightCLITests.LifecycleLiveDriverTests/testPersistedRollbackExcludesReobservedInterruptedNoEffect
HostwrightCLITests.LifecycleLiveDriverTests/testPersistedRollbackReobservesInterruptedEffectPendingAndCleansExactResource
HostwrightCLITests.LifecycleLiveDriverTests/testPersistedRollbackResumesWithoutDuplicateInverseAfterCancellation
HostwrightCLITests.LifecycleLiveDriverTests/testPersistedRollbackRunsExactReverseOrderThroughSharedSaga
HostwrightCLITests.LifecycleLiveDriverTests/testPersistedRollbackSafeHoldPreservesRecoveryDetailsInTextAndJSON
HostwrightCLITests.LifecycleLiveDriverTests/testPersistedRollbackSafeHoldsForIrreversibleHookAndMissingOwnership
HostwrightCLITests.LifecycleLiveDriverTests/testPersistedRollbackSafeHoldsWhenRestoredRevisionIsNotRunning
HostwrightCLITests.LifecycleLiveDriverTests/testPersistedRollbackTimeoutInterruptsBeforeInverseAndRemainsResumable
HostwrightCLITests.LifecycleLiveDriverTests/testProbeAndHookRuntimeLimitsFailBeforeAnyMutation
HostwrightCLITests.LifecycleLiveDriverTests/testProjectDNSRefreshObservationUsesFreshReplicaOwnershipHints
HostwrightCLITests.LifecycleLiveDriverTests/testRemoveAcceptsImmutableRuntimeFenceAfterStateFenceAdvance
HostwrightCLITests.LifecycleLiveDriverTests/testRemoveAcceptsStructuredMissingPlaceholderAfterExactDeletion
HostwrightCLITests.LifecycleLiveDriverTests/testRemoveDeletesOnlyExactRuntimeAndOwnershipRecord
HostwrightCLITests.LifecycleLiveDriverTests/testRemoveRefusesSuccessWhenRuntimeStillKeepsExactResourceUnderPriorFence
HostwrightCLITests.LifecycleLiveDriverTests/testRestartPolicyKeysAreReplicaScoped
HostwrightCLITests.LifecycleLiveDriverTests/testRevalidationRejectsChangedCapabilityAndObservationBeforeMutation
HostwrightCLITests.LifecycleLiveDriverTests/testRunPersistsEphemeralOwnershipForExactNormalRemove
HostwrightCLITests.LifecycleLiveDriverTests/testUnmanagedNameCollisionFailsBeforeMutation
HostwrightCLITests.LifecycleNetworkPolicyPreflightTests/testAppleCLIAndUnavailableContainerizationRefuseBeforeMutation
HostwrightCLITests.LifecycleNetworkPolicyPreflightTests/testCIDRAndDNSRulesRequireTheirOwnQualifiedEnforcement
HostwrightCLITests.LifecycleNetworkPolicyPreflightTests/testQualifiedCapabilitiesAcceptExactIngressAndEgressPolicy
HostwrightReconcilerTests.LifecyclePlanTests/testDecodingRejectsTamperedCanonicalPlanDigest
HostwrightReconcilerTests.LifecyclePlanTests/testDesiredSpecificationIsCanonicalAndRedactsSensitiveKeys
HostwrightReconcilerTests.LifecyclePlanTests/testPersistedIntentBindsTopLevelCapabilityDigestToPlan
HostwrightReconcilerTests.LifecyclePlanTests/testPersistedIntentDecodesLegacyEnvelopeWithoutTopLevelCapabilityDigest
HostwrightReconcilerTests.LifecyclePlanTests/testPlanPersistsValidatedParallelismInCanonicalDigest
HostwrightReconcilerTests.LifecyclePlanTests/testPlanRejectsMissingDependenciesAndCycles
HostwrightReconcilerTests.LifecyclePlanTests/testPlanUsesStableTopologicalOrderAndCanonicalDigest
HostwrightReconcilerTests.LifecycleProbeCheckpointStoreTests/testProbeCheckpointRedactsAndBoundsDiagnostics
HostwrightReconcilerTests.LifecycleProbeCheckpointStoreTests/testProbeCheckpointResumesAfterIndependentProcessExit
HostwrightReconcilerTests.LifecycleProbeCheckpointStoreTests/testProbeSnapshotPersistsInTheFencedSchemaV7OperationGroupAndResumes
HostwrightReconcilerTests.LifecycleProbeCheckpointStoreTests/testWrongFenceCannotPersistProbeCheckpoint
HostwrightCLITests.LifecycleProbeExecutorTests/testCapabilityRefusalOccursBeforeExec
HostwrightCLITests.LifecycleProbeExecutorTests/testContainerizationReturnsUnavailableBeforeAnyExecution
HostwrightCLITests.LifecycleProbeExecutorTests/testExecOutputLimitFailsWithBoundedRedactedDiagnostic
HostwrightCLITests.LifecycleProbeExecutorTests/testExecUsesExactOwnedResourceWithoutInteractiveTTYAndDiscardsOutput
HostwrightCLITests.LifecycleProbeExecutorTests/testHTTPNonSuccessAndTCPTransportResultsAreMapped
HostwrightCLITests.LifecycleProbeExecutorTests/testHTTPRejectsExternalOrAmbiguousMappingBeforeNetwork
HostwrightCLITests.LifecycleProbeExecutorTests/testHTTPUsesDeclaredExplicitLoopbackHostMapping
HostwrightCLITests.LifecycleProbeExecutorTests/testLiveExecAdapterNeverRequestsInteractiveOrTTY
HostwrightCLITests.LifecycleProbeExecutorTests/testRedirectPolicyAllowsOnlyThreeSameOriginLoopbackRedirects
HostwrightCLITests.LifecycleProbeExecutorTests/testTimeoutCancellationAndFailureAreRedactedAndTimestamped
HostwrightCLITests.LifecycleProbeExecutorTests/testWrongResourceAndUnconfiguredActionNeverReachSeams
HostwrightCLITests.LifecycleProbeLiveIntegrationTests/testCompensatingRestartRequiresSchedulerAuthority
HostwrightCLITests.LifecycleProbeLiveIntegrationTests/testCompletionAwareStartRequiresSchedulerAuthority
HostwrightCLITests.LifecycleProbeLiveIntegrationTests/testHookFailureAfterExecutionBeginsPreservesSafeHoldFence
HostwrightCLITests.LifecycleProbeLiveIntegrationTests/testLivenessRecoveryRequiresSchedulerAuthority
HostwrightCLITests.LifecycleProbeLiveIntegrationTests/testNativeCompensationAndRecoveryRetainExactPriorBinding
HostwrightCLITests.LifecycleProbeLiveIntegrationTests/testNativeDownAndRemovalRequireExactPostconditionsAndKeepNativeFences
HostwrightCLITests.LifecycleProbeLiveIntegrationTests/testNativeNoEffectWithAnActualFenceHandoffKeepsTheExistingGroupProjection
HostwrightCLITests.LifecycleProbeLiveIntegrationTests/testNativeObservationRejectsStaleOperationAndExpiredOrMissingAuthority
HostwrightCLITests.LifecycleProbeLiveIntegrationTests/testNativeObservationRejectsUnrelatedOwnershipAndUnplannedNode
HostwrightCLITests.LifecycleProbeLiveIntegrationTests/testNativeObservationRestoresOnlyTheProvenPriorFenceOnNoEffect
HostwrightCLITests.LifecycleProbeLiveIntegrationTests/testNativeStopStartRestartObservesTheCurrentOperationFence
HostwrightCLITests.LifecycleProbeLiveIntegrationTests/testOrdinaryRestartIsExplicitlyDestructive
HostwrightCLITests.LifecycleProbeLiveIntegrationTests/testPersistedNodeDeadlineStopsProbeBeforeContainerExecution
HostwrightCLITests.LifecycleProbeLiveIntegrationTests/testPostStartHookUsesExactContainerAndPersistsCompletion
HostwrightCLITests.LifecycleProbeLiveIntegrationTests/testPromotionRecoveryRevalidatesProbeProofBeforeMarkingHealthy
HostwrightCLITests.LifecycleProbeLiveIntegrationTests/testPromotionRefusesMissingProbeProofBeforePriorRevisionCanRetire
HostwrightCLITests.LifecycleProbeLiveIntegrationTests/testPromotionRefusesStableWindowWithoutTerminalProbeSample
HostwrightCLITests.LifecycleProbeLiveIntegrationTests/testReadinessFailureDoesNotPreventBoundedLivenessRestartAndRecovery
HostwrightCLITests.LifecycleProbeLiveIntegrationTests/testReadinessResumesInFlightCheckpointAndPersistsEveryAttempt
HostwrightCLITests.LifecycleProbeLiveIntegrationTests/testSDKCompletedHintsPreserveHistoricalRestartAndCurrentStartOnlyScopes
HostwrightCLITests.LifecycleProbeLiveIntegrationTests/testSDKCompletedRestartHintsRejectMalformedPairsAndUnprovedProjections
HostwrightCLITests.LifecycleProbeLiveIntegrationTests/testStableRolloutObservationReprobesUntilDurableWindowElapses
HostwrightCLITests.LifecycleProbeLiveIntegrationTests/testStableRolloutStageResumesPersistedHealthWithoutDuplicateMutation
HostwrightCLITests.LifecycleProbeLiveIntegrationTests/testUnavailableProviderFailsBeforeContainerExecution
HostwrightCLITests.LifecycleProbeLiveIntegrationTests/testUpdateReadinessDoesNotMarkCandidateHealthyBeforePromotion
HostwrightCLITests.LifecycleProcessRecoveryIntegrationTests/testLifecycleSagaRecoversAfterSIGKILLAtDurableBoundaries
HostwrightReconcilerTests.LifecycleRollbackPlannerTests/testAmbiguousRuntimeEffectEntersSafeHoldWithoutRollback
HostwrightReconcilerTests.LifecycleRollbackPlannerTests/testAutomaticAndManualRollbackNeverRecreateRedactedSensitiveRevision
HostwrightReconcilerTests.LifecycleRollbackPlannerTests/testAutomaticFailureBeforeAnyMutationResumesWithoutRollback
HostwrightReconcilerTests.LifecycleRollbackPlannerTests/testAutomaticStartupFailureBuildsExactReverseCompensations
HostwrightReconcilerTests.LifecycleRollbackPlannerTests/testCompletedHookIsIrreversibleAndEntersSafeHold
HostwrightReconcilerTests.LifecycleRollbackPlannerTests/testFailureKindsChooseRollbackWithoutInventingNewEffects
HostwrightReconcilerTests.LifecycleRollbackPlannerTests/testMissingOwnershipOrInverseProofEntersSafeHold
HostwrightReconcilerTests.LifecycleRollbackPlannerTests/testProcessTerminationResumesFromDurableUpdateCheckpoint
HostwrightReconcilerTests.LifecycleRollbackPlannerTests/testRecreateInverseRequiresTheExactVerifiedHealthyResource
HostwrightReconcilerTests.LifecycleRollbackPlannerTests/testRollbackCanResumeAfterInterruptionAtEveryCheckpoint
HostwrightReconcilerTests.LifecycleRollbackPlannerTests/testUnknownEffectCheckpointIsRejected
HostwrightReconcilerTests.LifecycleRollbackPlannerTests/testVerifiedHealthyRevisionRecordIsRedactedAndDigestBound
HostwrightReconcilerTests.LifecycleSagaExecutorTests/testAmbiguousEffectEntersSafeHoldWithoutCompensation
HostwrightReconcilerTests.LifecycleSagaExecutorTests/testCancelledNoEffectCanResumeSameFencedOperation
HostwrightReconcilerTests.LifecycleSagaExecutorTests/testCompensationRequiresRestoredHealthVerificationBeforeCompletion
HostwrightReconcilerTests.LifecycleSagaExecutorTests/testCompletedIrreversibleHookSafeHoldsBeforeAnyInverse
HostwrightReconcilerTests.LifecycleSagaExecutorTests/testConcurrentCompletionOrderDoesNotChangePersistedOutcomeOrder
HostwrightReconcilerTests.LifecycleSagaExecutorTests/testConcurrentExactPlanExecutionRejectsLoserBeforeDuplicateEffect
HostwrightReconcilerTests.LifecycleSagaExecutorTests/testDefinitiveFailureCompensatesPreviouslyVerifiedEffectsInReverse
HostwrightReconcilerTests.LifecycleSagaExecutorTests/testDependencyReadyWavesHonorParallelismAndSerializeLedgerOrder
HostwrightReconcilerTests.LifecycleSagaExecutorTests/testDistinctExecutionIdempotencyKeysRepeatOnePlanWithoutDuplicateRetry
HostwrightReconcilerTests.LifecycleSagaExecutorTests/testExpiredExactActiveLeaseHasOneReclaimerAndReobservesBeforeRetry
HostwrightReconcilerTests.LifecycleSagaExecutorTests/testFailurePreventsDownstreamWaveAndCompensatesSuccessfulSibling
HostwrightReconcilerTests.LifecycleSagaExecutorTests/testFinalizerRunsUnderActiveGroupAndResumesSameFence
HostwrightReconcilerTests.LifecycleSagaExecutorTests/testForwardDeadlineFailureUsesRollbackContextForCompensation
HostwrightReconcilerTests.LifecycleSagaExecutorTests/testIntentIsDurableBeforeEffectAndSuccessfulNodesCheckpoint
HostwrightReconcilerTests.LifecycleSagaExecutorTests/testInterruptedCompensationIsReobservedWithoutRepeatingTheInverse
HostwrightReconcilerTests.LifecycleSagaExecutorTests/testMutationCheckpointTaxonomyClassifiesEverySagaTerminalAndBoundary
HostwrightReconcilerTests.LifecycleSagaExecutorTests/testRetriesOnlyAfterObservationProvesNoEffectAndStopsAtSuccess
HostwrightReconcilerTests.LifecycleSagaExecutorTests/testSagaPropagatesOneTraceAcrossApplyObserveAndOwningOperation
HostwrightReconcilerTests.LifecycleSagaExecutorTests/testStaleProviderContextFailsBeforeAnyEffect
HostwrightReconcilerTests.LifecycleSagaExecutorTests/testTaskCancellationDuringEffectPersistsRecoverableSafeHold
HostwrightCLITests.LifecycleSchedulerCapacityTests/testRebindAndDurableDecisionReloadPreserveOverheadSafetyAndCharge
HostwrightCLITests.LifecycleSchedulerCapacityTests/testSDKAllocationChargesVMOverheadAndKeepsServiceRequestSeparate
HostwrightCLITests.LifecycleSchedulerCapacityTests/testSDKBatchAndExistingReservationCannotOverAdmitAndExplanationMatches
HostwrightCLITests.LifecycleSchedulerCapacityTests/testSharedCapacityChargeMatchesEngineLimitOvercommitAndCheckedOverflow
HostwrightCLITests.LifecycleSchedulerEffectFreshnessTests/testPressureExpiringAfterCreatePreflightPreventsProviderMutation
HostwrightCLITests.LifecycleSchedulerEffectFreshnessTests/testPressureExpiringAfterRestartPreflightPreventsRestart
HostwrightCLITests.LifecycleSchedulerEffectFreshnessTests/testPressureExpiringAfterStartPreflightAllowsExactCompensatingDeletion
HostwrightReconcilerTests.LifecycleUpdatePlannerTests/testChangedDependencyRevisionIsPromotedBeforeDependentPrepare
HostwrightReconcilerTests.LifecycleUpdatePlannerTests/testFixedHostPortSelectsExplicitRecreateImpactAndQuiescesAllFirst
HostwrightReconcilerTests.LifecycleUpdatePlannerTests/testInvalidResourceGenerationFailsBeforePlanNodesAreReturned
HostwrightReconcilerTests.LifecycleUpdatePlannerTests/testResumeSkipsExactlyCheckpointedIdempotencyKeys
HostwrightReconcilerTests.LifecycleUpdatePlannerTests/testRevisionCodecPersistsExposurePolicyAndChangesDigest
HostwrightReconcilerTests.LifecycleUpdatePlannerTests/testRevisionCodecRejectsMalformedUnknownMissingAndWrongTypedData
HostwrightReconcilerTests.LifecycleUpdatePlannerTests/testRevisionCodecRoundTripPreservesEveryNonSecretExecutableField
HostwrightReconcilerTests.LifecycleUpdatePlannerTests/testRevisionRecordRedactsResolvedSecretValuesDeterministically
HostwrightReconcilerTests.LifecycleUpdatePlannerTests/testRollingPlanIsDeterministicAndRetainsOldRevisionUntilPromotion
HostwrightReconcilerTests.LifecycleUpdatePlannerTests/testRollingSurgeStopsExactOldResourceBeforeRetireAndCompensatesInReverse
HostwrightReconcilerTests.LifecycleUpdatePlannerTests/testStableObservationAndLivenessGatePromotionBeforePriorRevisionRetires
HostwrightReconcilerTests.LifecycleUpdatePlannerTests/testZeroSurgeBoundsUnavailableReplicasAndKeepsStoppedOldResource
HostwrightRuntimeTests.LiveRuntimeProviderConformanceTests/testCleanupDoesNotDependOnPreCleanupSnapshot
HostwrightRuntimeTests.LiveRuntimeProviderConformanceTests/testDriverFailureAfterMutationSkipsUnsafeCasesAndStillCleansExactly
HostwrightRuntimeTests.LiveRuntimeProviderConformanceTests/testExpectedFailureSemanticsFlowThroughLiveDriverAndSuite
HostwrightRuntimeTests.LiveRuntimeProviderConformanceTests/testRunnerExecutesEveryCaseAndEmitsDeterministicBoundedLiveEvidence
HostwrightRuntimeTests.LiveRuntimeProviderConformanceTests/testRunnerFailsClosedOnDriverAssertionAndStillCleansUp
HostwrightRuntimeTests.LiveRuntimeProviderConformanceTests/testRunnerFailsClosedWhenUnmanagedSentinelChanges
HostwrightRuntimeTests.LiveRuntimeProviderConformanceTests/testRunnerRecordsDriverErrorsWithoutRetainingDiagnostics
HostwrightRuntimeTests.LiveRuntimeProviderConformanceTests/testRunnerRejectsConstantInventoryNoOpLifecycleDriver
HostwrightRuntimeTests.LiveRuntimeProviderConformanceTests/testRunnerRejectsInvalidSnapshotAndBoundsUntrustedIdentityMetadata
HostwrightRuntimeTests.LiveRuntimeProviderConformanceTests/testRunnerRejectsManagedRestartWithoutSemanticInventoryChange
HostwrightRuntimeTests.LiveRuntimeProviderConformanceTests/testRunnerRejectsNetMutationFromReadOnlyCase
HostwrightRuntimeTests.LiveRuntimeProviderConformanceTests/testRunnerRequiresExactFinalInventoryCleanup
HostwrightControlTests.LocalControlAPIIntegrationTests/testLifecycleDryRunReturnsSharedPlanSuccessEnvelope
HostwrightControlTests.LocalControlAPIIntegrationTests/testRealFilesAndSQLiteServeAllFiveApprovedOperations
HostwrightControlTests.LocalControlAPIIntegrationTests/testRealTeamProfileIsAppliedToPlanWithoutRequestPath
HostwrightControlTests.LocalControlAPIIntegrationTests/testUnderlyingManifestFailurePreservesStableCLIError
HostwrightControlTests.LocalControlAPIIntegrationTests/testUnsafeOrMissingConfiguredFilesFailClosedBeforeDelegation
HostwrightControlTests.LocalControlProfileIntegrationTests/testLifecycleProfileBindingParsesAndMapsToExactCLIArguments
HostwrightControlTests.LocalControlProfileIntegrationTests/testProfileBindingRequiresExactPairAndLifecycleOperation
HostwrightCoreTests.LocalPathsTests/testDefaultLayoutUsesMacOSNativeLocations
HostwrightCoreTests.LocalPathsTests/testExplicitStateUsesStableRuntimeLockIdentity
HostwrightCoreTests.LocalPathsTests/testFilesystemPolicyRejectsAccessGrantingExtendedACLs
HostwrightCoreTests.LocalPathsTests/testPathResolutionRejectsRelativeTraversalAndInvalidOverrides
HostwrightCoreTests.LocalPathsTests/testStateOverridePrecedenceIsExplicitThenEnvironmentThenDefault
HostwrightCLITests.LocalSchedulerDaemonLifecycleTests/testExplicitDownAndRemovalDoNotAuthorizeDaemonRestart
HostwrightCLITests.LocalSchedulerDaemonLifecycleTests/testUnexpectedStopReleasesThenReacquiresThroughUnattendedLifecycle
HostwrightCLITests.LocalSchedulerDaemonLifecycleTests/testUpdatedGenerationReacquiresThroughUnattendedLifecycle
HostwrightStorageTests.LocalStorageProviderConformanceTests/testBuiltInAndInjectedTestProviderPassOneConformanceSuite
HostwrightStorageTests.LocalStorageProviderDataProtectionTests/testBackupIsVerifiedAndRestoresThroughSPI
HostwrightStorageTests.LocalStorageProviderDataProtectionTests/testBackupRestoreRejectsManifestRebindingBeforeMutation
HostwrightStorageTests.LocalStorageProviderDataProtectionTests/testBackupVerifyRetainDeleteAndReplayUseExactOwnership
HostwrightStorageTests.LocalStorageProviderDataProtectionTests/testInterruptedSnapshotReplaysFromDurableIntent
HostwrightStorageTests.LocalStorageProviderDataProtectionTests/testLegacyCreatePayloadsRemainWireCompatible
HostwrightStorageTests.LocalStorageProviderDataProtectionTests/testRemoteBackupProviderCreateHydrateVerifyRestoreDeleteAndReplay
HostwrightStorageTests.LocalStorageProviderDataProtectionTests/testRemoteDestinationRejectsNonKeychainAndMissingCredentialsBeforeUpload
HostwrightStorageTests.LocalStorageProviderDataProtectionTests/testSnapshotCreateReplayAndRestoreUseExactOwnership
HostwrightStorageTests.LocalStorageProviderDataProtectionTests/testSnapshotDeleteReapsSupersededInterruptedExportIntent
HostwrightStorageTests.LocalStorageProviderDataProtectionTests/testSnapshotRetainExportDeleteAndReplayUseExactOwnership
HostwrightStorageTests.LocalStorageProviderDataProtectionTests/testTamperedBackupIsRefusedWithoutTargetMutation
HostwrightStorageTests.LocalStorageProviderDataProtectionTests/testWrongProjectAndFenceRefuseBeforeSnapshot
HostwrightStorageTests.LocalStorageProviderLifecycleTests/testCancellationLeavesNoEffectAndDeleteCannotFollowDataSymlink
HostwrightStorageTests.LocalStorageProviderLifecycleTests/testCapacityOwnershipGenerationFenceAndAttachmentFailuresAreClosed
HostwrightStorageTests.LocalStorageProviderLifecycleTests/testCrashRecordsResumeRepeatedCallAndExplicitRecovery
HostwrightStorageTests.LocalStorageProviderLifecycleTests/testDefaultRootAndDurableOwnershipMetadataArePrivate
HostwrightStorageTests.LocalStorageProviderLifecycleTests/testPruneRequiresExactConfirmationAndSkipsRetainedAttachedAndUnmanaged
HostwrightStorageTests.LocalStorageProviderLifecycleTests/testReceiptAndDeleteInterruptionsConvergeWithoutAmbiguousCleanup
HostwrightStorageTests.LocalStorageProviderLifecycleTests/testUnsafeModesSymlinksAndAmbiguousIdentityNeverMutateData
HostwrightStorageTests.LocalStorageProviderLifecycleTests/testVolumeDataSurvivesReopenAttachDetachAndReorderedCalls
HostwrightCLITests.MaintenanceCommandTests/testParserRecognizesStrictMaintenanceSurface
HostwrightCLITests.MaintenanceCommandTests/testPreviewJSONIsReadOnlyAndVersioned
HostwrightCLITests.MaintenanceCommandTests/testStatusCancelAndOverrideRequireExactCurrentToken
HostwrightStateTests.MaintenanceDeferralRepositoryTests/testClockRollbackStillUsesLastDurableTransitionAndTamperingFailsClosed
HostwrightStateTests.MaintenanceDeferralRepositoryTests/testDeferralPersistsAcrossReopenAndExactOverrideIsSingleTransition
HostwrightStateTests.MaintenanceDeferralRepositoryTests/testExactSupersessionClosesPendingPlanBeforeImmediateAdmission
HostwrightStateTests.MaintenanceDeferralRepositoryTests/testNewPlanSupersedesOnlyCurrentPendingPlanAndCancellationIsExact
HostwrightManifestTests.MaintenanceManifestTests/testMaintenanceRejectsAmbiguousUnsafeAndUnconfigurableWindows
HostwrightManifestTests.MaintenanceManifestTests/testRecurringAndOneShotWindowsRoundTripCanonically
HostwrightReconcilerTests.MaintenanceWindowEvaluatorTests/testDSTGapUsesFirstRepresentableLaterTime
HostwrightReconcilerTests.MaintenanceWindowEvaluatorTests/testDSTRepeatUsesFirstOccurrenceOnly
HostwrightReconcilerTests.MaintenanceWindowEvaluatorTests/testOneShotRequiresEveryElectiveActionAndHonorsDeadlineAndOverride
HostwrightReconcilerTests.MaintenanceWindowEvaluatorTests/testRecoveryAndSecurityStopCannotBeDeferredOrCancelled
HostwrightManifestTests.ManifestMigrationTests/testCheckedInManifestV3GoldenParsesAndValidates
HostwrightManifestTests.ManifestMigrationTests/testCurrentNestedInlineResourcesRemainIdempotent
HostwrightManifestTests.ManifestMigrationTests/testCurrentV3FlatResourcesHaveStableMigrationReasonAndPath
HostwrightManifestTests.ManifestMigrationTests/testEveryExecutableExampleHasDeterministicV3MigrationPreview
HostwrightManifestTests.ManifestMigrationTests/testManifestV3IsTheCurrentBreakingContract
HostwrightManifestTests.ManifestMigrationTests/testPreviewConvertsCRLFFlatResourcesWithoutUsingSourceIndentation
HostwrightManifestTests.ManifestMigrationTests/testPreviewConvertsV2FlatResourcesToBothRequestAndLimit
HostwrightManifestTests.ManifestMigrationTests/testPreviewConvertsVersionlessFlatResourcesWithoutInventingCapacity
HostwrightManifestTests.ManifestMigrationTests/testPreviewIsIdempotentForV3AndRejectsFutureVersions
HostwrightManifestTests.ManifestMigrationTests/testPreviewMakesLegacyImplicitVersionExplicit
HostwrightManifestTests.ManifestMigrationTests/testPreviewMigratesExplicitV1WithoutMutatingTheInput
HostwrightManifestTests.ManifestMigrationTests/testPreviewPreservesCRLFAndDoesNotReplaceCommentText
HostwrightManifestTests.ManifestMigrationTests/testPreviewRejectsUnknownOlderVersionsAndDuplicateDeclarations
HostwrightManifestTests.ManifestMigrationTests/testPreviewUsesStructuralResourceMetadataForCurrentNestedAndFlatForms
HostwrightReconcilerTests.ManifestRuntimePortMappingTests/testBlocksNonLoopbackPublishedPortBeforeMutation
HostwrightReconcilerTests.ManifestRuntimePortMappingTests/testBlocksUnixSocketPathThatExceedsDarwinLimit
HostwrightReconcilerTests.ManifestRuntimePortMappingTests/testCarriesLocalhostIngressWithoutAddingBlockers
HostwrightReconcilerTests.ManifestRuntimePortMappingTests/testCarriesQualifiedLANIngressWithoutLegacyAvailabilityBlocker
HostwrightReconcilerTests.ManifestRuntimePortMappingTests/testCarriesTunnelDeclarationsWithoutRuntimeAuthority
HostwrightReconcilerTests.ManifestRuntimePortMappingTests/testExpandsDynamicTargetRangeWithoutResolvingHostPorts
HostwrightReconcilerTests.ManifestRuntimePortMappingTests/testExpandsEqualLengthPublishedPortRanges
HostwrightReconcilerTests.ManifestRuntimePortMappingTests/testLegacyPortLiteralStillMapsAsFixedTCPOnLocalhost
HostwrightReconcilerTests.ManifestRuntimePortMappingTests/testMalformedLegacyPortLiteralStillProducesBlocker
HostwrightReconcilerTests.ManifestRuntimePortMappingTests/testMapsDeclaredLANExposureAndBlocksUntilSecureListenerIsQualified
HostwrightReconcilerTests.ManifestRuntimePortMappingTests/testMapsFixedAndDynamicPublishedPorts
HostwrightReconcilerTests.ManifestRuntimePortMappingTests/testMapsLoopbackAuthenticatedTunnelPublishedPortWithoutBlocker
HostwrightReconcilerTests.ManifestRuntimePortMappingTests/testMapsUnixSocketsIntoPrivateDeterministicRuntimePaths
HostwrightReconcilerTests.ManifestRuntimeV3MappingTests/testLegacyHealthIsExecutableTypedLiveness
HostwrightReconcilerTests.ManifestRuntimeV3MappingTests/testMapsEveryExecutableManifestV3FieldWithoutDiscardingIt
HostwrightReconcilerTests.ManifestRuntimeV3MappingTests/testMapsProjectNetworksAndServiceAttachmentsWithoutDiscardingAliases
HostwrightReconcilerTests.ManifestRuntimeV3MappingTests/testRelativeBindMountResolvesAgainstManifestDirectoryAndDefaultsReadWrite
HostwrightReconcilerTests.ManifestRuntimeV3MappingTests/testReplicaIdentitiesAreStableAcrossManifestServiceOrdering
HostwrightReconcilerTests.ManifestRuntimeV3MappingTests/testTmpfsMountMapsThroughToRuntimeWithOptionalSizeAndModeMetadata
HostwrightReconcilerTests.ManifestRuntimeV3MappingTests/testTypedBindMountResolvesAgainstManifestDirectory
HostwrightReconcilerTests.ManifestRuntimeV3MappingTests/testUnresolvedNamedVolumeIsRejectedBeforeMutation
HostwrightReconcilerTests.ManifestRuntimeV3MappingTests/testUnsupportedResourceAndSchedulingClaimsBlockBeforeRuntimeMutation
HostwrightReconcilerTests.ManifestRuntimeV3MappingTests/testV3ResourceContractRejectsParityAndOrderingViolationsBeforeMapping
HostwrightReconcilerTests.ManifestSchedulerAdmissionBridgeTests/testConflictingDisruptionBoundsFailBeforeAdmission
HostwrightReconcilerTests.ManifestSchedulerAdmissionBridgeTests/testDeferredPoliciesRemainMappableButCannotAuthorizeLocalRuntime
HostwrightReconcilerTests.ManifestSchedulerAdmissionBridgeTests/testDisruptionBoundsOutsideReplicaRangeFailBeforeProjection
HostwrightReconcilerTests.ManifestSchedulerAdmissionBridgeTests/testDisruptionBudgetMapsMaxUnavailableAndMinAvailableWithStableIdentity
HostwrightReconcilerTests.ManifestSchedulerAdmissionBridgeTests/testDoNotScheduleTopologySpreadUsesNativeHardFilter
HostwrightReconcilerTests.ManifestSchedulerAdmissionBridgeTests/testInvalidSelectorValueCombinationHasStableManifestReason
HostwrightReconcilerTests.ManifestSchedulerAdmissionBridgeTests/testLocalAdmissionPreservesRequiredConstraintsAndPriority
HostwrightReconcilerTests.ManifestSchedulerAdmissionBridgeTests/testMissingResourcesCannotBecomeZeroChargeAdmission
HostwrightReconcilerTests.ManifestSchedulerAdmissionBridgeTests/testPreemptionPolicyMapsToExplicitWorkloadOptIn
HostwrightReconcilerTests.ManifestSchedulerAdmissionBridgeTests/testProfileCeilingsAndPermissionsFailBeforeAdmission
HostwrightReconcilerTests.ManifestSchedulerAdmissionBridgeTests/testProviderAndAcceleratorClaimsMapToSchedulerAndRemainRuntimeBlocked
HostwrightReconcilerTests.ManifestSchedulerAdmissionBridgeTests/testRequestsDrivePlacementAndLimitsRemainRuntimeEnforcementInput
HostwrightReconcilerTests.ManifestSchedulerAdmissionBridgeTests/testRequiredNotInPreservesNativeSelectorSemantics
HostwrightReconcilerTests.ManifestSchedulerAdmissionBridgeTests/testSchedulingPolicyMapsToNativeSchedulerRequirements
HostwrightReconcilerTests.ManifestSchedulerAdmissionBridgeTests/testSelectorCrossProductMapsToNativeSchedulerSemantics
HostwrightReconcilerTests.ManifestSchedulerAdmissionBridgeTests/testSignedSchedulingPriorityIsPreservedAndRestartPriorityIsSeparate
HostwrightReconcilerTests.ManifestSchedulerAdmissionBridgeTests/testUnsupportedRuntimeHardLimitsAndClaimsFailClosed
HostwrightReconcilerTests.ManifestSchedulerAdmissionBridgeTests/testWeightedPreferredSelectorCrossProductPreservesOperatorsAndWeights
HostwrightReconcilerTests.ManifestSchedulerAdmissionBridgeTests/testWeightedSelectorBoundsFailBeforeProjectionWithStableReason
HostwrightManifestTests.ManifestV2StrictTests/testBoundedDeterministicMutationSmokeHasStableOutcomes
HostwrightManifestTests.ManifestV2StrictTests/testCancellationAndPartialDocumentsFailWithoutProducingAManifest
HostwrightManifestTests.ManifestV2StrictTests/testCheckedInManifestCorpusRoundTripsThroughCanonicalEncoding
HostwrightManifestTests.ManifestV2StrictTests/testCompleteManifestV3SchemaParsesValidatesAndRoundTripsCanonically
HostwrightManifestTests.ManifestV2StrictTests/testDynamicPublishedPortRangeIsAcceptedAndCanonical
HostwrightManifestTests.ManifestV2StrictTests/testLegacyHealthMigratesToTypedLivenessDeterministically
HostwrightManifestTests.ManifestV2StrictTests/testProbePortsUseStructuredTargetPorts
HostwrightManifestTests.ManifestV2StrictTests/testRejectsAnchorsAliasesMergeKeysAndCustomTags
HostwrightManifestTests.ManifestV2StrictTests/testRejectsByteDepthAndExpandedNodeLimits
HostwrightManifestTests.ManifestV2StrictTests/testRejectsDuplicateKeysAtNestedLevelsWithSourceLocation
HostwrightManifestTests.ManifestV2StrictTests/testRejectsMultipleDocumentsAmbiguousScalarsAndUnknownFields
HostwrightManifestTests.ManifestV2StrictTests/testSchedulingIsTheOnlyProviderAndAcceleratorClaimSource
HostwrightManifestTests.ManifestV2StrictTests/testSizeValidationAcceptsUInt64ByteBoundaries
HostwrightManifestTests.ManifestV2StrictTests/testSizeValidationRejectsUInt64ParsingAndMultiplicationOverflow
HostwrightManifestTests.ManifestV2StrictTests/testTopLevelVolumesParseValidateAndRoundTripCanonically
HostwrightManifestTests.ManifestV2StrictTests/testTopLevelVolumesRejectUnsupportedFieldsInvalidValuesAndReservedLabels
HostwrightManifestTests.ManifestV2StrictTests/testTypedMountObjectsParseValidateAndRoundTripCanonically
HostwrightManifestTests.ManifestV2StrictTests/testTypedMountObjectsRejectUnknownFieldsAndInvalidTmpfsMode
HostwrightManifestTests.ManifestV2StrictTests/testV3FlatResourcesAreRejectedBeforeValidation
HostwrightManifestTests.ManifestV2StrictTests/testV3ResourceComparisonAndSchedulingDiagnosticsUseActionableFields
HostwrightManifestTests.ManifestV2StrictTests/testV3ResourcesRequireNonEmptyMatchingDimensionsAndCPUMemory
HostwrightManifestTests.ManifestV2StrictTests/testValidationRejectsDuplicateFixedLocalhostPortAcrossServices
HostwrightManifestTests.ManifestV2StrictTests/testValidationRejectsFixedLocalhostPortWithMultipleReplicas
HostwrightManifestTests.ManifestV2StrictTests/testValidationRejectsInvalidBoundsAndCrossFieldCombinations
HostwrightManifestTests.ManifestV2StrictTests/testValidationRejectsInvalidStructuredPortDeclarations
HostwrightManifestTests.ManifestV2StrictTests/testVolumeMountMustReferenceDeclaredTopLevelVolumeButUnusedDeclarationsAreAllowed
HostwrightManifestTests.ManifestV3AdmissionContractTests/testDirectV3ValidationRejectsMissingResourcesBeforeAdmission
HostwrightManifestTests.ManifestV3AdmissionContractTests/testDuplicatePreferredSelectorIsRejectedRegardlessOfWeight
HostwrightManifestTests.ManifestV3AdmissionContractTests/testMigrationRefusesToInventCapacityForLegacyServiceWithoutResources
HostwrightManifestTests.ManifestV3AdmissionContractTests/testParserAndValidatorRejectV3ServiceWithoutResources
HostwrightManifestTests.ManifestV3AdmissionContractTests/testSatisfiableOpenDomainAffinityPairsAreAccepted
HostwrightCLITests.MetricsCLIIntegrationTests/testBuiltCLIRequiresAuthenticatedPersistentControlAPI
HostwrightCLITests.MetricsCLIIntegrationTests/testChangedConfirmationCancellationAndSymlinkParentsLeaveNoArtifact
HostwrightCLITests.MetricsCLIIntegrationTests/testMetricsCommandFamilyIsPublicButDoesNotLogPaths
HostwrightCLITests.MetricsCLIIntegrationTests/testMissingDatabaseIsNotCreated
HostwrightCLITests.MetricsCLIIntegrationTests/testParserAcceptsOnlyTheVersionedSnapshotAndConfirmedExportSurfaces
HostwrightCLITests.MetricsCLIIntegrationTests/testProjectsTenThousandRowsAndCleansAFileLimitFailure
HostwrightCLITests.MetricsCLIIntegrationTests/testSnapshotAndConfirmedExportUseExistingStateAndPrivateExactFile
HostwrightObservabilityTests.MetricsContractTests/testCatalogIsFixedBoundedAndFreeOfUserControlledLabels
HostwrightObservabilityTests.MetricsContractTests/testValidationEnforcesHistogramAndSummaryShapes
HostwrightObservabilityTests.MetricsContractTests/testValidationRejectsUnknownLabelsDuplicateSeriesAndUnboundedCardinality
HostwrightReconcilerTests.MultiServiceReconciliationPlannerTests/testAlreadyRunningServiceSchedulesTypedProbesAndUsesTypedReadinessGate
HostwrightReconcilerTests.MultiServiceReconciliationPlannerTests/testAlreadyStoppedRemovalDoesNotRunPreStop
HostwrightReconcilerTests.MultiServiceReconciliationPlannerTests/testCompletedDependencyUsesCompletionAwareStartPostcondition
HostwrightReconcilerTests.MultiServiceReconciliationPlannerTests/testCompletedGateIsExplicitAndBlocksDependentStart
HostwrightReconcilerTests.MultiServiceReconciliationPlannerTests/testConfiguredReadinessIsTheOnlyDirectDependencyGate
HostwrightReconcilerTests.MultiServiceReconciliationPlannerTests/testConvergedThreeServiceStateProducesZeroEffects
HostwrightReconcilerTests.MultiServiceReconciliationPlannerTests/testDependencyCycleFailsBeforeProducingMutationNodes
HostwrightReconcilerTests.MultiServiceReconciliationPlannerTests/testDependencyPreStopWaitsForDependentStop
HostwrightReconcilerTests.MultiServiceReconciliationPlannerTests/testDownStopsDependentsBeforeDependencies
HostwrightReconcilerTests.MultiServiceReconciliationPlannerTests/testDownUsesCurrentDependenciesWhenPreviousRevisionLacksDependent
HostwrightReconcilerTests.MultiServiceReconciliationPlannerTests/testDuplicateObservedIdentityFailsClosed
HostwrightReconcilerTests.MultiServiceReconciliationPlannerTests/testExitedDependencyStillRequiresExplicitCompletionVerification
HostwrightReconcilerTests.MultiServiceReconciliationPlannerTests/testInferredOwnedScaleDownTargetIsNotReportedAsUntouched
HostwrightReconcilerTests.MultiServiceReconciliationPlannerTests/testInvalidParallelismIsRejectedAtConstruction
HostwrightReconcilerTests.MultiServiceReconciliationPlannerTests/testMissingDependencyFailsBeforeProducingMutationNodes
HostwrightReconcilerTests.MultiServiceReconciliationPlannerTests/testObservedDesiredNameWithoutExactOwnershipIsUnmanagedCollision
HostwrightReconcilerTests.MultiServiceReconciliationPlannerTests/testObservedExpectedIdentifierMarkedUnmanagedFailsClosed
HostwrightReconcilerTests.MultiServiceReconciliationPlannerTests/testPostStartAndConfiguredProbesFormDeterministicStartupChain
HostwrightReconcilerTests.MultiServiceReconciliationPlannerTests/testReadyAndStartedGatesProduceStableBoundedWaves
HostwrightReconcilerTests.MultiServiceReconciliationPlannerTests/testRemoveAcceptsUpdatedResourceIdentifierWithExactOwnershipHint
HostwrightReconcilerTests.MultiServiceReconciliationPlannerTests/testRemoveDeletesDependentsBeforeDependencies
HostwrightReconcilerTests.MultiServiceReconciliationPlannerTests/testRemoveRunsOnlyPreStopBeforeStoppingAndDeletingRunningResource
HostwrightReconcilerTests.MultiServiceReconciliationPlannerTests/testReplicaIdentityMustMatchDeterministicReplicaIndex
HostwrightReconcilerTests.MultiServiceReconciliationPlannerTests/testScaleDownDeletesOnlyRemovedOwnedReplicaAfterConvergence
HostwrightReconcilerTests.MultiServiceReconciliationPlannerTests/testStartedServiceWithoutHookOrTypedProbesAddsNoSyntheticVerification
HostwrightReconcilerTests.MultiServiceReconciliationPlannerTests/testUnmanagedIdentifierCollisionFailsBeforeCreate
HostwrightReconcilerTests.MultiServiceReconciliationPlannerTests/testUnrelatedObservedServiceIsReportedAndNeverMutated
HostwrightReconcilerTests.MultiServiceReconciliationPlannerTests/testUpCreatesMissingResourceDirectlyAtChangedRevision
HostwrightReconcilerTests.MultiServiceReconciliationPlannerTests/testUpFailsClosedWhenDesiredRevisionChangedInsteadOfIgnoringDrift
HostwrightReconcilerTests.MultiServiceReconciliationPlannerTests/testUpFailsClosedWhenObservedSupportedSpecificationHasDrifted
HostwrightDaemonTests.MutationCheckpointQualificationScriptTests/testAggregateSoakBoundsIntentionalWorkloadRecoveryPolling
HostwrightDaemonTests.MutationCheckpointQualificationScriptTests/testAggregateSoakCompactionBoundsPersistentStalePlanChurnAndResumesDaemon
HostwrightDaemonTests.MutationCheckpointQualificationScriptTests/testAggregateSoakCompactionRefusesToOverwriteSealedSegmentArtifact
HostwrightDaemonTests.MutationCheckpointQualificationScriptTests/testAggregateSoakCompactionRestoresDaemonAfterConfirmationFailure
HostwrightDaemonTests.MutationCheckpointQualificationScriptTests/testAggregateSoakContractIsFixedPrivateAndNonDisruptive
HostwrightDaemonTests.MutationCheckpointQualificationScriptTests/testAggregateSoakDerivesPendingWorkloadSequenceAfterCheckpointValidation
HostwrightDaemonTests.MutationCheckpointQualificationScriptTests/testAggregateSoakDoesNotReleaseASecondHoldAfterInterruptedRecovery
HostwrightDaemonTests.MutationCheckpointQualificationScriptTests/testAggregateSoakFinalizesResumedWorkloadWithoutInjectingItAgain
HostwrightDaemonTests.MutationCheckpointQualificationScriptTests/testAggregateSoakReapsCleanlyExitedDaemonWithoutFalseTimeout
HostwrightDaemonTests.MutationCheckpointQualificationScriptTests/testAggregateSoakReapsLingeringDaemonAfterLoggedCleanShutdown
HostwrightDaemonTests.MutationCheckpointQualificationScriptTests/testAggregateSoakRebuildsAndValidatesCumulativeCheckpointChain
HostwrightDaemonTests.MutationCheckpointQualificationScriptTests/testAggregateSoakRecognizesOnlyAnUnrecoveredWorkloadFaultForResume
HostwrightDaemonTests.MutationCheckpointQualificationScriptTests/testAggregateSoakRecordsAndSecuresFaultCellFailure
HostwrightDaemonTests.MutationCheckpointQualificationScriptTests/testAggregateSoakRecoversPowerLossMarkerWithoutLosingCheckpoints
HostwrightDaemonTests.MutationCheckpointQualificationScriptTests/testAggregateSoakRefusesExternalOrRemovableStorage
HostwrightDaemonTests.MutationCheckpointQualificationScriptTests/testAggregateSoakRefusesForeignManagedRuntimeInventory
HostwrightDaemonTests.MutationCheckpointQualificationScriptTests/testAggregateSoakRefusesToEscalateLingeringDaemonWithoutCleanShutdownProof
HostwrightDaemonTests.MutationCheckpointQualificationScriptTests/testAggregateSoakReleasesOneNewHoldGenerationDuringResumedRecovery
HostwrightDaemonTests.MutationCheckpointQualificationScriptTests/testAggregateSoakReleasesOnlyExactExpectedWorkloadHoldOnce
HostwrightDaemonTests.MutationCheckpointQualificationScriptTests/testAggregateSoakRequiresOrderedInWindowSleepWakePair
HostwrightDaemonTests.MutationCheckpointQualificationScriptTests/testAggregateSoakRetriesFreshCompactionPlansOnlyForStaleConfirmation
HostwrightDaemonTests.MutationCheckpointQualificationScriptTests/testAggregateSoakReusesCompletedFaultReceiptExactlyOnce
HostwrightDaemonTests.MutationCheckpointQualificationScriptTests/testAggregateSoakSleepWakeProofCannotCrossCheckpointedSegments
HostwrightDaemonTests.MutationCheckpointQualificationScriptTests/testAggregateSoakSourceTransitionRebindsExecutableHashes
HostwrightDaemonTests.MutationCheckpointQualificationScriptTests/testAggregateSoakSupervisorAcceptsOnlyStableMonotonicObservation
HostwrightDaemonTests.MutationCheckpointQualificationScriptTests/testAggregateSoakSupervisorAcknowledgesOnlyValidatedCheckpoint
HostwrightDaemonTests.MutationCheckpointQualificationScriptTests/testAggregateSoakSupervisorCircuitBreaksRepeatedNoProgressFailure
HostwrightDaemonTests.MutationCheckpointQualificationScriptTests/testAggregateSoakSupervisorDoesNotLaunchAcrossIntegrityConflict
HostwrightDaemonTests.MutationCheckpointQualificationScriptTests/testAggregateSoakSupervisorDoesNotTrustStaleTmuxName
HostwrightDaemonTests.MutationCheckpointQualificationScriptTests/testAggregateSoakSupervisorPersistsNormalizedRealFailureSignature
HostwrightDaemonTests.MutationCheckpointQualificationScriptTests/testAggregateSoakSupervisorPreservesStaleOwnerWhenReclaiming
HostwrightDaemonTests.MutationCheckpointQualificationScriptTests/testAggregateSoakSupervisorRecoversDeadDifferentBootGapWithoutReset
HostwrightDaemonTests.MutationCheckpointQualificationScriptTests/testAggregateSoakSupervisorRefusesConcurrentOwner
HostwrightDaemonTests.MutationCheckpointQualificationScriptTests/testAggregateSoakSupervisorRejectsCorruptReceiptLedger
HostwrightDaemonTests.MutationCheckpointQualificationScriptTests/testAggregateSoakSupervisorRestoresProgressResetAcrossRestart
HostwrightDaemonTests.MutationCheckpointQualificationScriptTests/testAggregateSoakUnexpectedExitDurablyMarksResumable
HostwrightDaemonTests.MutationCheckpointQualificationScriptTests/testAggregateSoakValidatesExecutableIdentityBySourceEpoch
HostwrightDaemonTests.MutationCheckpointQualificationScriptTests/testAggregateSoakWaitsForDelayedCleanShutdownProofBeforeEscalating
HostwrightDaemonTests.MutationCheckpointQualificationScriptTests/testContractIsSerialResumableAndNonDisruptive
HostwrightNetworkingTests.NetworkAddressPlannerTests/testBothFamiliesDisabledAndDuplicateNamesFailClosed
HostwrightNetworkingTests.NetworkAddressPlannerTests/testExplicitNetworksRejectPeerHostAndOccupiedOverlap
HostwrightNetworkingTests.NetworkAddressPlannerTests/testExposureEnvironmentTransitionKeepsRebindsAndDrains
HostwrightNetworkingTests.NetworkAddressPlannerTests/testHappyEyeballsCandidatesAreCanonicalDeterministicAndIPv6First
HostwrightNetworkingTests.NetworkAddressPlannerTests/testHostEnvironmentProbeIsReadOnlyAndDoesNotClaimPermission
HostwrightNetworkingTests.NetworkAddressPlannerTests/testHostEnvironmentSnapshotHasCanonicalStableFingerprint
HostwrightNetworkingTests.NetworkAddressPlannerTests/testHostInterfaceInventoryProducesCanonicalPlannerConstraints
HostwrightNetworkingTests.NetworkAddressPlannerTests/testInvalidPrefixesFamiliesAndHostBitsFailClosed
HostwrightNetworkingTests.NetworkAddressPlannerTests/testIPv6ListenerRequiresAnActuallyAssignedIPv6Address
HostwrightNetworkingTests.NetworkAddressPlannerTests/testLANEvaluationDefersUnprobedPermissionToListenerReadiness
HostwrightNetworkingTests.NetworkAddressPlannerTests/testLANEvaluationDeniesAddressOutsideDeclaredCIDRs
HostwrightNetworkingTests.NetworkAddressPlannerTests/testLANEvaluationDeniesInterfaceAndNetworkClassMismatches
HostwrightNetworkingTests.NetworkAddressPlannerTests/testLANEvaluationRequiresPermissionAndExactApprovedInterface
HostwrightNetworkingTests.NetworkAddressPlannerTests/testLocalhostEvaluationRemainsAllowedWithoutEnvironmentApproval
HostwrightNetworkingTests.NetworkAddressPlannerTests/testObservationCanonicalizesAndSortsOnlyObservedAddresses
HostwrightNetworkingTests.NetworkAddressPlannerTests/testObservationNormalizesProviderInterfaceCIDRToSubnetAndGateway
HostwrightNetworkingTests.NetworkAddressPlannerTests/testObservationRejectsUnexpectedFamilyCIDRMismatchAndInvalidGateway
HostwrightNetworkingTests.NetworkAddressPlannerTests/testObservationReportsMissingFamilyWithoutFabricatingIt
HostwrightNetworkingTests.NetworkAddressPlannerTests/testPlansIPv4OnlyIPv6OnlyAndDualStackInCanonicalOrder
HostwrightNetworkingTests.NetworkAddressPlannerTests/testProviderThatCannotDisableFamilyRejectsSingleStackPlan
HostwrightNetworkingTests.NetworkAddressPlannerTests/testReservedNetworkRangesFailClosed
HostwrightNetworkingTests.NetworkAddressPlannerTests/testTopologyIsExplicitForNATAndHostOnlyPlans
HostwrightNetworkingTests.NetworkAddressPlannerTests/testUnavailableRequestedFamilyReturnsStablePreMutationResult
HostwrightCLITests.NetworkAttachmentLifecycleTests/testCancellationClassifiesAbsentExactConflictAndIndeterminate
HostwrightCLITests.NetworkAttachmentLifecycleTests/testCreateIntentPrecedesExactObservationAndAmbiguityQuarantines
HostwrightCLITests.NetworkAttachmentLifecycleTests/testReleaseIntentUsesNewExactAuthorityAndIsIdempotent
HostwrightCLITests.NetworkAttachmentLifecycleTests/testReleaseUsesRepositoryReverseOrderAndRequiresAbsence
HostwrightCLITests.NetworkAttachmentLifecycleTests/testReverseReleaseOrderIgnoresUnrelatedQuarantinedAttachmentWhenScoped
HostwrightNetworkHelperTests.NetworkHelperClientTests/testClientExchangesWithInjectedServerAndExposesOnlyActiveCorefile
HostwrightNetworkHelperTests.NetworkHelperClientTests/testClientPreservesStructuredHelperErrorCategories
HostwrightNetworkHelperTests.NetworkHelperClientTests/testCodeRequirementsAreCanonicalAndParseable
HostwrightNetworkHelperTests.NetworkHelperClientTests/testProductionPeerAuthenticationRejectsUnexpectedPID
HostwrightNetworkHelperTests.NetworkHelperClientTests/testRealHelperSubprocessBootstrapsAndCleansPrivateSocket
HostwrightNetworkHelperTests.NetworkHelperClientTests/testSecondClientAttachesToPersistentGuardedHostAccessHelper
HostwrightNetworkHelperTests.NetworkHelperIngressBrokerTests/testAccessLogIsBoundedAndOmitsRequestSecrets
HostwrightNetworkHelperTests.NetworkHelperIngressBrokerTests/testCertificateBoundIngressRequiresExactIdentityBeforeListening
HostwrightNetworkHelperTests.NetworkHelperIngressBrokerTests/testConflictingEndpointIsRejectedAcrossProjects
HostwrightNetworkHelperTests.NetworkHelperIngressBrokerTests/testFailoverReachesThirdBackendWithinSharedConnectDeadline
HostwrightNetworkHelperTests.NetworkHelperIngressBrokerTests/testForwardsMatchingHTTPRouteToReadyBackend
HostwrightNetworkHelperTests.NetworkHelperIngressBrokerTests/testHTTPConnectionDoesNotForwardASecondUnauthorizedRequest
HostwrightNetworkHelperTests.NetworkHelperIngressBrokerTests/testImmutableReloadUsesSameListenerWithNewRouteGeneration
HostwrightNetworkHelperTests.NetworkHelperIngressBrokerTests/testIngressPolicyAllowsTLSRouteWhenExactRuleMatches
HostwrightNetworkHelperTests.NetworkHelperIngressBrokerTests/testIngressPolicyRejectsPlaintextRequestBeforeBackendConnection
HostwrightNetworkHelperTests.NetworkHelperIngressBrokerTests/testIngressPolicyReplacementRollbackAndRuleLossFailClosed
HostwrightNetworkHelperTests.NetworkHelperIngressBrokerTests/testListenerModeReplacementNeverRetainsWeakerAuthentication
HostwrightNetworkHelperTests.NetworkHelperIngressBrokerTests/testMissingRouteReturnsNotFound
HostwrightNetworkHelperTests.NetworkHelperIngressBrokerTests/testMultiListenerReloadPublishesOneImmutableGeneration
HostwrightNetworkHelperTests.NetworkHelperIngressBrokerTests/testMutualTLSRequiresExactClientIdentity
HostwrightNetworkHelperTests.NetworkHelperIngressBrokerTests/testNoReadyBackendReturnsServiceUnavailable
HostwrightNetworkHelperTests.NetworkHelperIngressBrokerTests/testParserProducesCanonicalRouteFields
HostwrightNetworkHelperTests.NetworkHelperIngressBrokerTests/testPartialListenerAcquisitionClosesEarlierDescriptors
HostwrightNetworkHelperTests.NetworkHelperIngressBrokerTests/testRejectsSmugglingTraversalAndOversizedHeaders
HostwrightNetworkHelperTests.NetworkHelperIngressBrokerTests/testRemovalClosesOnlyOwnedListener
HostwrightNetworkHelperTests.NetworkHelperIngressBrokerTests/testRemovalDrainsActiveWebSocketBeforeReturning
HostwrightNetworkHelperTests.NetworkHelperIngressBrokerTests/testRemovalForcesBoundedCleanupOfStuckWebSocket
HostwrightNetworkHelperTests.NetworkHelperIngressBrokerTests/testSafeRequestFailsOverAfterBackendStaysSilent
HostwrightNetworkHelperTests.NetworkHelperIngressBrokerTests/testTLS13ForwardingRotationAndFailedReplacementRecovery
HostwrightNetworkHelperTests.NetworkHelperIngressBrokerTests/testUnsafeRequestDoesNotReplayAfterBackendAccepts
HostwrightNetworkHelperTests.NetworkHelperIngressBrokerTests/testWebSocketHandshakeIsValidatedAndForwarded
HostwrightNetworkHelperTests.NetworkHelperIngressExposureValidationTests/testLANListenerRequiresExactTLSExposure
HostwrightNetworkHelperTests.NetworkHelperIngressExposureValidationTests/testPublicListenerRequiresMutualTLS
HostwrightNetworkHelperTests.NetworkHelperMutualTLSTests/testCoordinatorIssuesRecoversAndCleansExactPeerIdentity
HostwrightNetworkHelperTests.NetworkHelperMutualTLSTests/testCoordinatorOverlapsThenRetiresPriorGeneration
HostwrightNetworkHelperTests.NetworkHelperMutualTLSTests/testPolicyAcceptsExactValidClientIdentity
HostwrightNetworkHelperTests.NetworkHelperMutualTLSTests/testPolicyLimitsIdentityRotationToTwoFingerprints
HostwrightNetworkHelperTests.NetworkHelperMutualTLSTests/testPolicyRejectsRevokedServerOnlyWrongCAAndExpiredClients
HostwrightNetworkHelperTests.NetworkHelperMutualTLSTests/testPolicyRejectsWrongIdentityOrFingerprint
HostwrightNetworkHelperTests.NetworkHelperProviderCoordinatorTests/testAuthoritiesAndTeardownAreScopedByProjectIdentity
HostwrightNetworkHelperTests.NetworkHelperProviderCoordinatorTests/testDispatcherInvokesProviderWithExactReviewedGrant
HostwrightNetworkHelperTests.NetworkHelperProviderCoordinatorTests/testDispatcherRejectsBrokerScopeOutsideExactGrant
HostwrightNetworkHelperTests.NetworkHelperProviderCoordinatorTests/testOperationsRequireExactActiveAuthorityBeforeExecution
HostwrightNetworkHelperTests.NetworkHelperProviderCoordinatorTests/testProductionTrustDirectoryAcceptsPinnedSignerAndRejectsUntrustedSigner
HostwrightNetworkHelperTests.NetworkHelperProviderCoordinatorTests/testRestartMigratesCanonicalV1StateAndRequiresExactSetup
HostwrightNetworkHelperTests.NetworkHelperProviderCoordinatorTests/testRestartRecoversCrashAfterDurableRevokeBeforeStop
HostwrightNetworkHelperTests.NetworkHelperProviderCoordinatorTests/testRevocationIsDurableBeforeAuthorityStopsAndSurvivesRestart
HostwrightNetworkHelperTests.NetworkHelperProviderCoordinatorTests/testRevocationRemovesOnlyExactProjectAuthority
HostwrightNetworkHelperTests.NetworkHelperProviderCoordinatorTests/testRevocationRequiresExactActiveProjectIdentity
HostwrightNetworkHelperTests.NetworkHelperProviderCoordinatorTests/testTeardownRemovesOnlyExactActiveAuthority
HostwrightNetworkHelperTests.NetworkHelperProviderCoordinatorTests/testWorkerCrashDoesNotActivateAuthorityOrLeakTemporaryState
HostwrightNetworkHelperTests.NetworkHelperTests/testActiveDirectoryRemainsStableAcrossRefreshAndRestart
HostwrightNetworkHelperTests.NetworkHelperTests/testApplyStatusGenerationReplacementAndExactRemove
HostwrightNetworkHelperTests.NetworkHelperTests/testCanonicalFramingRoundTripsAndRejectsNonCanonicalJSON
HostwrightNetworkHelperTests.NetworkHelperTests/testCertificateConfigurationPersistsRecoversAndQuarantinesTampering
HostwrightNetworkHelperTests.NetworkHelperTests/testCertificateCoordinatorMapsLockedAndTamperedIdentityFailures
HostwrightNetworkHelperTests.NetworkHelperTests/testCertificateCoordinatorNeverDeletesImportedIdentity
HostwrightNetworkHelperTests.NetworkHelperTests/testCertificateEvidencePersistsRecoversAndQuarantinesTampering
HostwrightNetworkHelperTests.NetworkHelperTests/testCertificateEvidenceRetirementRollsBackBeforePointerAdvance
HostwrightNetworkHelperTests.NetworkHelperTests/testCertificateEvidenceSurvivesGenerationReplacementUntilCleared
HostwrightNetworkHelperTests.NetworkHelperTests/testCertificateRequestRejectsInvalidSourceAndNonLowercaseSAN
HostwrightNetworkHelperTests.NetworkHelperTests/testConnectionHandlerAppliesOneBoundedCanonicalFrame
HostwrightNetworkHelperTests.NetworkHelperTests/testConnectionHandlerRejectsFrameLargerThanEightMiB
HostwrightNetworkHelperTests.NetworkHelperTests/testDispatcherActivatesRecoversAndRemovesLocalCertificate
HostwrightNetworkHelperTests.NetworkHelperTests/testDispatcherRemovalFailureKeepsActiveIngressAndState
HostwrightNetworkHelperTests.NetworkHelperTests/testDispatcherRetriesPreparedRemovalAfterCommitFailure
HostwrightNetworkHelperTests.NetworkHelperTests/testDispatcherReturnsTypedConflictWithoutChangingState
HostwrightNetworkHelperTests.NetworkHelperTests/testDispatcherStagesInactiveExactHostAccessBindingForRetryAndRemoval
HostwrightNetworkHelperTests.NetworkHelperTests/testDispatcherStagesInactiveIngressConflictAndRemovesExactState
HostwrightNetworkHelperTests.NetworkHelperTests/testDispatcherStaleRemoveKeepsActiveHostAccessBindings
HostwrightNetworkHelperTests.NetworkHelperTests/testDispatcherStatusReplaysPersistedIngressAfterBrokerRestart
HostwrightNetworkHelperTests.NetworkHelperTests/testExactCleanup
HostwrightNetworkHelperTests.NetworkHelperTests/testExpiredReplacementPreservesPrior
HostwrightNetworkHelperTests.NetworkHelperTests/testGenerationAdvanceIntentCrashRestoresPriorGeneration
HostwrightNetworkHelperTests.NetworkHelperTests/testHostAccessBrokerForwardsOnlyTheExactTCPBinding
HostwrightNetworkHelperTests.NetworkHelperTests/testHostAccessBrokerForwardsOnlyTheExactUDPBinding
HostwrightNetworkHelperTests.NetworkHelperTests/testHostAccessConfigurationPersistsAndRecoversExactly
HostwrightNetworkHelperTests.NetworkHelperTests/testHostAccessValidationRejectsEscapesAndDuplicateListeners
HostwrightNetworkHelperTests.NetworkHelperTests/testIngressAccessLogRoundTripsAsBoundedMachineStatus
HostwrightNetworkHelperTests.NetworkHelperTests/testIngressConfigurationPersistsRefreshesAndQuarantinesTampering
HostwrightNetworkHelperTests.NetworkHelperTests/testInterruptedRotationRecovers
HostwrightNetworkHelperTests.NetworkHelperTests/testIssuanceCancellationRollsBack
HostwrightNetworkHelperTests.NetworkHelperTests/testIssuerOutagePreservesPrior
HostwrightNetworkHelperTests.NetworkHelperTests/testLockedKeychainPreservesPrior
HostwrightNetworkHelperTests.NetworkHelperTests/testPolicyBrokerRestoresExactGenerationAndReplacesOldPolicy
HostwrightNetworkHelperTests.NetworkHelperTests/testPolicyConfigurationPersistsRecoversAndQuarantinesTampering
HostwrightNetworkHelperTests.NetworkHelperTests/testProviderCertificateReturnsTypedUnavailableAndRemainsRemovable
HostwrightNetworkHelperTests.NetworkHelperTests/testRequestValidationRejectsInvalidIdentityAndOversizedCorefile
HostwrightNetworkHelperTests.NetworkHelperTests/testRestartRecoveryRemovesIncompleteOwnedPendingGeneration
HostwrightNetworkHelperTests.NetworkHelperTests/testRevokedIssuerRejected
HostwrightNetworkHelperTests.NetworkHelperTests/testRuntimeDirectorySocketModesAndSameUIDAuthentication
HostwrightNetworkHelperTests.NetworkHelperTests/testSameGenerationWithDifferentFenceCannotReplaceOwnership
HostwrightNetworkHelperTests.NetworkHelperTests/testStatusDoesNotReissueProviderCertificate
HostwrightNetworkHelperTests.NetworkHelperTests/testSymlinkedCurrentPointerFailsClosedWithoutDeletingState
HostwrightNetworkHelperTests.NetworkHelperTests/testTamperedCorefileIsQuarantinedAndCannotBeRemoved
HostwrightNetworkHelperTests.NetworkHelperTests/testUniqueUnsortedCertificateSANsCanonicalizeBeforeRecovery
HostwrightNetworkHelperTests.NetworkHelperTests/testWrongSANPreservesPrior
HostwrightCLITests.NetworkLifecycleCoordinatorTests/testAmbiguousConflictingObservationQuarantinesExactRecord
HostwrightCLITests.NetworkLifecycleCoordinatorTests/testCommittedDeleteAllowsMonotonicRecreateAndReplay
HostwrightCLITests.NetworkLifecycleCoordinatorTests/testCreatePersistsIntentBeforeMutationAndCommitsExactObservation
HostwrightCLITests.NetworkLifecycleCoordinatorTests/testDeleteUsesReverseExactOrderAndRemovesOwnedState
HostwrightCLITests.NetworkLifecycleCoordinatorTests/testMissingObservedFamilyCompensatesOnlyExactCreatedNetwork
HostwrightCLITests.NetworkLifecycleCoordinatorTests/testOccupiedCIDRRefusesBeforeIntentOrProviderMutation
HostwrightCLITests.NetworkLifecycleCoordinatorTests/testProviderErrorWithObservedAbsenceLeavesResumableIntent
HostwrightCLITests.NetworkLifecycleCoordinatorTests/testStaleCapabilityRefusesBeforeIntentOrProviderMutation
HostwrightCLITests.NetworkLifecycleCoordinatorTests/testStatusJSONReportsIngressRouteHealthAndDurableState
HostwrightCLITests.NetworkLifecycleCoordinatorTests/testUnmanagedCollisionNeverMutatesProviderAndQuarantinesIntent
HostwrightCLITests.NetworkLifecycleCoordinatorTests/testUnsupportedIPv6DisabledRefusesBeforeIntentOrMutation
HostwrightNetworkingTests.NetworkPolicyCompilerTests/testAbsentPolicyPreservesOnlySameProjectConnectivity
HostwrightNetworkingTests.NetworkPolicyCompilerTests/testCanonicalOrderingProducesStableDigestAndProjections
HostwrightNetworkingTests.NetworkPolicyCompilerTests/testDecodedPlanRejectsTamperedDigest
HostwrightNetworkingTests.NetworkPolicyCompilerTests/testDNSChangeRemovesOldDecisionWithoutPermissiveUnion
HostwrightNetworkingTests.NetworkPolicyCompilerTests/testExactRuleRequiresEveryDeclaredDimension
HostwrightNetworkingTests.NetworkPolicyCompilerTests/testExplicitPolicyDefaultsBothDirectionsToDeny
HostwrightNetworkingTests.NetworkPolicyCompilerTests/testInvalidAndDuplicateRulesFailClosed
HostwrightCLITests.NetworkPortLifecycleCoordinatorTests/testAmbiguousDurableRowsAreRejectedWithoutMutation
HostwrightCLITests.NetworkPortLifecycleCoordinatorTests/testCompensatedCreateCleanupPreservesUnmanagedRowsAndRefusesAmbiguousReservations
HostwrightCLITests.NetworkPortLifecycleCoordinatorTests/testCompensatedCreateCleanupRequiresAuthoritativeAbsenceAndExactLease
HostwrightCLITests.NetworkPortLifecycleCoordinatorTests/testFixedConflictAndRuntimeRaceFailBeforeReservation
HostwrightCLITests.NetworkPortLifecycleCoordinatorTests/testHistoricalCompensatedReservedPortTransfersOnlyAfterVerifiedAbsence
HostwrightCLITests.NetworkPortLifecycleCoordinatorTests/testIPv4AndIPv6BindingsForSameTargetHaveDistinctReservations
HostwrightCLITests.NetworkPortLifecycleCoordinatorTests/testNonLocalExactBindPlansOnlyAfterExposureApproval
HostwrightCLITests.NetworkPortLifecycleCoordinatorTests/testPlanningResolutionIsReadOnlyStableAndProtocolScoped
HostwrightCLITests.NetworkPortLifecycleCoordinatorTests/testPlanningResolutionPreservesUnixSocketPublications
HostwrightCLITests.NetworkPortLifecycleCoordinatorTests/testReleaseWaitsForExactAbsenceAndRefusesUnmanagedCollision
HostwrightCLITests.NetworkPortLifecycleCoordinatorTests/testReserveReusesExactIntentAndActivationRequiresExactObservation
HostwrightCLITests.NetworkPortLifecycleCoordinatorTests/testUpdateCreateNodeReservesForExactLogicalServiceName
HostwrightStateTests.NetworkPortReservationRepositoryTests/testCanonicalManagedGatewayAddressIsAcceptedButAliasesFail
HostwrightStateTests.NetworkPortReservationRepositoryTests/testInvalidDynamicAndPrivilegedPortsFailBeforePersistence
HostwrightStateTests.NetworkPortReservationRepositoryTests/testProtocolScopedConflictsAndDynamicSelectionAreDeterministic
HostwrightStateTests.NetworkPortReservationRepositoryTests/testReservationActivationAndReleaseRequireExactFences
HostwrightStateTests.NetworkPortReservationRepositoryTests/testSchemaV16IncludesFencedPortReservationState
HostwrightCLITests.NetworkPortSocketAvailabilityTests/testApprovedExactActiveInterfaceCanBeAvailabilityChecked
HostwrightCLITests.NetworkPortSocketAvailabilityTests/testHeldTCPAndUDPPortsAreUnavailable
HostwrightCLITests.NetworkPortSocketAvailabilityTests/testLocalhostAvailabilityRemainsAvailableThroughDefaultAPI
HostwrightCLITests.NetworkPortSocketAvailabilityTests/testNonlocalAvailabilityIsDeniedForPermissionInterfaceAndClassMismatch
HostwrightCLITests.NetworkPortSocketAvailabilityTests/testNonlocalAvailabilityIsDeniedWithoutApprovedEnvironment
HostwrightNetworkProvidersTests.NetworkProviderSPITests/testGrantCannotBeReusedByDifferentModuleOrSigner
HostwrightNetworkProvidersTests.NetworkProviderSPITests/testMaliciousPathsAndExcessiveBrokerRequestsAreDeniedBeforeBrokerUse
HostwrightNetworkProvidersTests.NetworkProviderSPITests/testOutputOverflowAndNoncanonicalResponseAreRejected
HostwrightNetworkProvidersTests.NetworkProviderSPITests/testReplayAndProtocolMismatchFailClosed
HostwrightNetworkProvidersTests.NetworkProviderSPITests/testRevocationPersistsBeforeStoppingAuthority
HostwrightNetworkProvidersTests.NetworkProviderSPITests/testRevokedGrantStopsBeforeExecution
HostwrightNetworkProvidersTests.NetworkProviderSPITests/testSignedReferenceUsesOnlyExactBrokeredAuthorities
HostwrightNetworkProvidersTests.NetworkProviderSPITests/testStrictDeclarationDigestSignatureAndGrantValidation
HostwrightStateTests.NetworkStateRepositoryTests/testAbsentNetworkRecreateRequiresExactCommittedDeleteSuccessor
HostwrightStateTests.NetworkStateRepositoryTests/testAmbiguousNetworkAndAttachmentOrphansAreQuarantined
HostwrightStateTests.NetworkStateRepositoryTests/testDurableIntentRequiresFreshCapabilityAndExactFence
HostwrightStateTests.NetworkStateRepositoryTests/testFutureSchemaRefusesNetworkReads
HostwrightStateTests.NetworkStateRepositoryTests/testIntegrityRejectsMalformedNetworkContent
HostwrightStateTests.NetworkStateRepositoryTests/testListsAreDeterministicAndExactUUIDsAreRequired
HostwrightStateTests.NetworkStateRepositoryTests/testNetworkAndAttachmentLifecycleUsesExactFences
HostwrightStateTests.NetworkStateRepositoryTests/testObservedEvidenceAcceptsCanonicalSubnetsAndGatewaysAndRejectsInvalidCIDRs
HostwrightStateTests.NetworkStateRepositoryTests/testRecoveryClassifiesCreatingAvailableDeletingAndFaulted
HostwrightStateTests.NetworkStateRepositoryTests/testReverseTeardownOrdersAttachmentsBeforeNetworks
HostwrightStateTests.NetworkStateRepositoryTests/testSchemaV15MigratesAdditivelyThroughV17NetworkState
HostwrightRegistryTests.OCIImageArchiveSBOMGeneratorTests/testBindsMultiPlatformArchiveToRootIndexAndMergesComponents
HostwrightRegistryTests.OCIImageArchiveSBOMGeneratorTests/testGeneratesSPDXAndCycloneDXFromExactOCIArchive
HostwrightRegistryTests.OCIImageArchiveSBOMGeneratorTests/testPreCancelledGenerationStopsBeforeArchiveEffects
HostwrightRegistryTests.OCIImageArchiveSBOMGeneratorTests/testRejectsDigestMismatchTraversalAndSymlinkEntries
HostwrightRegistryTests.OCIReferrerDiscoveryTests/test404UsesExactReferrersTagFallback
HostwrightRegistryTests.OCIReferrerDiscoveryTests/testCancellationStopsBeforeDiscoveryRequest
HostwrightRegistryTests.OCIReferrerDiscoveryTests/testCrossOriginPaginationAndMalformedFallbackFailClosed
HostwrightRegistryTests.OCIReferrerDiscoveryTests/testMissingFallbackTagIsExplicitEmptyCapability
HostwrightRegistryTests.OCIReferrerDiscoveryTests/testNativeDiscoveryFollowsSameSubjectPaginationAndFiltersLocally
HostwrightRegistryTests.OCIReferrerDiscoveryTests/testNativeDiscoveryRejectsDeclaredMismatchedSubject
HostwrightRegistryTests.OCIReferrerDiscoveryTests/testNativeDiscoveryReportsServerSideFilter
HostwrightRegistryTests.OCIReferrerDiscoveryTests/testSHA512RefusesNonInjectiveFallbackAfterNative404
HostwrightRegistryTests.OCIReferrerFetchTests/testFetchedObjectDescriptionsNeverReflectPayload
HostwrightRegistryTests.OCIReferrerFetchTests/testFetchRejectsDigestAndDescriptorLimitMismatch
HostwrightRegistryTests.OCIReferrerFetchTests/testFetchRejectsWrongSubjectBeforeFetchingChildren
HostwrightRegistryTests.OCIReferrerFetchTests/testFetchValidatesSubjectManifestAndBlobGraph
HostwrightRegistryTests.OCIReferrerModelsTests/testDigestRejectsNonCanonicalOrUnsupportedValues
HostwrightRegistryTests.OCIReferrerModelsTests/testDigestValidationAndFallbackTagAreCanonical
HostwrightRegistryTests.OCIReferrerModelsTests/testOnlySHA256HasAnExactFallbackTag
HostwrightRegistryTests.OCIReferrerModelsTests/testReferrerIndexParsesBoundedOpaqueDescriptors
HostwrightRegistryTests.OCIReferrerModelsTests/testReferrerIndexRejectsDuplicateFieldsAndConflictingDescriptors
HostwrightRegistryTests.OCIReferrerModelsTests/testReferrerIndexRejectsMalformedMediaAnnotationsAndLimits
HostwrightRegistryTests.OCIReferrerModelsTests/testRepositoryNameAndArtifactFilterRejectCredentialLikeInput
HostwrightRegistryTests.OCIReferrerPublishTests/testCancelledBlobUploadCancelsOnlyExactSession
HostwrightRegistryTests.OCIReferrerPublishTests/testCrossOriginUploadLocationIsRejectedWithoutForwardingBody
HostwrightRegistryTests.OCIReferrerPublishTests/testFallbackPublishUsesETagAndObservesUpdatedIndex
HostwrightRegistryTests.OCIReferrerPublishTests/testFallbackWithoutConflictValidatorRefusesBeforeMutation
HostwrightRegistryTests.OCIReferrerPublishTests/testNativePublishUploadsChildrenFirstAndObservesExactState
HostwrightRegistryTests.OCIReferrerPublishTests/testPublishReusesExactExistingObjectsWithoutMutation
HostwrightRegistryTests.OCIReferrerRemovalTests/testFallbackDeleteFailureRestoresIndexWithObservedETag
HostwrightRegistryTests.OCIReferrerRemovalTests/testFallbackRemovalFencesIndexThenDeletesExactManifest
HostwrightRegistryTests.OCIReferrerRemovalTests/testNativeRemovalDeletesOnlyExactVerifiedManifest
HostwrightRegistryTests.OCIReferrerRemovalTests/testRecoveryDeletesOwnedManifestWhenIndexIsAlreadyAbsent
HostwrightRegistryTests.OCIReferrerRemovalTests/testRemovalRefusesUnverifiedOwnershipBeforeTransport
HostwrightStateTests.OCIReferrerRepositoryTests/testCacheAccountingPinAndLeaseProtectExactUnreferencedObject
HostwrightStateTests.OCIReferrerRepositoryTests/testCacheLoadRejectsTamperedPayload
HostwrightStateTests.OCIReferrerRepositoryTests/testLatestDiscoveryRequiresExactArtifactFilter
HostwrightStateTests.OCIReferrerRepositoryTests/testLeaseBlocksExactDiscoveryRemovalUntilFencedRelease
HostwrightStateTests.OCIReferrerRepositoryTests/testPublicationOwnershipProofIsImmutableAndLoadable
HostwrightStateTests.OCIReferrerRepositoryTests/testSchemaV9PersistsVerifiedGraphAndPayloads
HostwrightCLITests.ObservabilityCLIIntegrationTests/testSinkFailureCannotChangeCommandResultOrFabricateSuccess
HostwrightCLITests.ObservabilityCLIIntegrationTests/testStatusParserAndVersionedJSONContract
HostwrightCLITests.ObservabilityCLIIntegrationTests/testSuccessfulCommandEmitsOneCorrelatedStartAndSuccessWithoutOutputContent
HostwrightCLITests.ObservabilityCLIIntegrationTests/testUsageFailureDoesNotLogUntrustedArgumentOrMisleadingSuccess
HostwrightStateTests.OperationGroupResumeTests/testInterruptedGroupResumesWhenNoAdmissionConflictExists
HostwrightStateTests.OperationGroupResumeTests/testInterruptedGroupStillRefusesActiveProjectConflict
HostwrightStateTests.OperationGroupResumeTests/testProjectlessInterruptedGroupRefusesActiveIdempotencyConflict
HostwrightCLITests.OwnershipCommandTests/testParserRequiresExactBoundedHandoffContract
HostwrightCLITests.OwnershipCommandTests/testStatusAndExpiredHandoffAreVersionedAndExact
HostwrightControlTransportTests.PersistentControlAdmissionIntegrationTests/testAdmissionDenyPreventsHandlerAndDurabilityAndRecordsBoundAuditReferences
HostwrightControlTransportTests.PersistentControlAdmissionIntegrationTests/testAdmissionDryRunReturnsEffectiveIntentWithoutHandlerOrDurability
HostwrightControlTransportTests.PersistentControlAdmissionIntegrationTests/testAdmissionEvaluatorErrorFailsClosedBeforeHandlerAndDurability
HostwrightControlTransportTests.PersistentControlAdmissionIntegrationTests/testAdmissionMutatedPreparedRequestIsRepreparedBeforeAuthorizationAndExecution
HostwrightControlTransportTests.PersistentControlAdmissionIntegrationTests/testEffectiveIntentRequiresSecondAuthorizationBeforeHandlerAndDurability
HostwrightControlTransportTests.PersistentControlAdmissionIntegrationTests/testIdempotencyBindsOriginalRequestAndAdmissionEffectiveIntent
HostwrightControlTransportTests.PersistentControlAuditIntegrationTests/testAcceptedReplayUsesAuditDeduplicationAndNeverReinvokesHandler
HostwrightControlTransportTests.PersistentControlAuditIntegrationTests/testAllowedObservationAuthorizationDoesNotRewriteMetricsSource
HostwrightControlTransportTests.PersistentControlAuditIntegrationTests/testAuditFailureFailsClosedForMutationWhileReadOnlyOperationRemainsCallable
HostwrightControlTransportTests.PersistentControlAuditIntegrationTests/testChangedAuthorizationDecisionUsesDistinctAuditIdentityAndDeniesReplay
HostwrightControlTransportTests.PersistentControlAuditIntegrationTests/testDeniedMutationIsAuditedBeforeDurabilityAndNeverInvokesHandler
HostwrightControlTransportTests.PersistentControlAuditIntegrationTests/testFrozenAuthenticationAcceptsExistingRevisionsAndGatesSchedulerReads
HostwrightControlTransportTests.PersistentControlAuditIntegrationTests/testMutationPersistsAcceptedAuditBeforeHandlerAndTerminalAuditBeforeResponse
HostwrightControlTransportTests.PersistentControlClientTests/testCancellationPinsDescriptorUntilShutdownCompletes
HostwrightControlTransportTests.PersistentControlClientTests/testChallengeSocketBindingMismatchIsRejected
HostwrightControlTransportTests.PersistentControlClientTests/testCurrentCodeAdHocIdentityCompletesRealHandshakeAndUnaryResponse
HostwrightControlTransportTests.PersistentControlClientTests/testListenerPublishesOnlyPrivateNonSymlinkSocket
HostwrightControlTransportTests.PersistentControlClientTests/testLiveConcurrentClientsAndDurableReplayAcrossListenerRestart
HostwrightControlTransportTests.PersistentControlClientTests/testResponseRequestIDMismatchIsRejected
HostwrightControlTransportTests.PersistentControlClientTests/testUnpinnedAdHocServerIsRejectedBeforeChallenge
HostwrightControlTransportTests.PersistentControlServerTests/testAcceptedMutationRejectionPersistsAsErrorAndReplaysOnProtocol22
HostwrightControlTransportTests.PersistentControlServerTests/testAuthenticatedMutationPersistsBeforeReplyAndIdempotentReplaySkipsHandler
HostwrightControlTransportTests.PersistentControlServerTests/testAuthenticatedUnaryBarrierCannotCompleteBeforeSessionPersistence
HostwrightControlTransportTests.PersistentControlServerTests/testDifferentRequestIDForSameIdempotencyKeyIsRejectedWithoutInvokingHandler
HostwrightControlTransportTests.PersistentControlServerTests/testExpiredRequestDeadlineClosesConnectionWithoutInvokingHandler
HostwrightControlTransportTests.PersistentControlServerTests/testListenerCreatesSecureSocketAndPreservesInodeSubstitutionOnCleanup
HostwrightControlTransportTests.PersistentControlServerTests/testListenerRecoversOnlyVerifiedStaleSocket
HostwrightControlTransportTests.PersistentControlServerTests/testOversizedFrameClosesConnectionBeforeRequestAllocation
HostwrightControlTransportTests.PersistentControlServerTests/testQueuedExpiredSessionCannotInvokeHandler
HostwrightControlTransportTests.PersistentControlServerTests/testQueuedRevokedSessionCannotInvokeHandler
HostwrightControlTransportTests.PersistentControlServerTests/testRevokedSessionPreventsNextPersistentRequestFromInvokingHandler
HostwrightControlTransportTests.PersistentControlServerTests/testSessionRevokedDuringPreparationCannotInvokeHandler
HostwrightControlTransportTests.PersistentControlServerTests/testSessionRevokedDuringPreparationCannotInvokePreparedExecution
HostwrightControlTransportTests.PersistentControlServerTests/testStreamingHooksRequireCompleteFourHookBundle
HostwrightControlTransportTests.PersistentControlServerTests/testUnaryRequestCoordinatorDefaultsToProcessingRequest
HostwrightControlTransportTests.PersistentControlServerTests/testUnaryRequestCoordinatorFailureClosesConnectionWithoutInvokingHandler
HostwrightControlTransportTests.PersistentControlServerTests/testUnaryRequestCoordinatorWrapsSynchronousProcessing
HostwrightControlTransportTests.PersistentControlStreamIntegrationTests/testAggregateUnreadFrameBudgetIsEnforcedAcrossStreams
HostwrightControlTransportTests.PersistentControlStreamIntegrationTests/testAuthenticatedStreamOpenDataAcknowledgementCreditAndEnd
HostwrightControlTransportTests.PersistentControlStreamIntegrationTests/testBlockedUnaryWriterAndHandlerOverrunExpireWithinFiveSecondBound
HostwrightControlTransportTests.PersistentControlStreamIntegrationTests/testClientCancellationInvokesProducerCancellation
HostwrightControlTransportTests.PersistentControlStreamIntegrationTests/testCompletedReadOnlyTombstonesAreCursorBoundedEvictedAndCleared
HostwrightControlTransportTests.PersistentControlStreamIntegrationTests/testConcurrentAcknowledgementsAndCancellationRemainOrderedAndConnectionUsable
HostwrightControlTransportTests.PersistentControlStreamIntegrationTests/testConcurrentInteractiveSendersReserveEachInputCreditExactlyOnce
HostwrightControlTransportTests.PersistentControlStreamIntegrationTests/testCursorValidationPrecedesAuthorizationAndProducerOpen
HostwrightControlTransportTests.PersistentControlStreamIntegrationTests/testDeterministicDuplexOrderingUnderHeartbeatInputAndCancellationStress
HostwrightControlTransportTests.PersistentControlStreamIntegrationTests/testDuplicateOpenRejectsOnlyDuplicateAndOriginalStreamStaysLive
HostwrightControlTransportTests.PersistentControlStreamIntegrationTests/testFullDuplexInputUsesBoundedCreditsAndServerAcknowledgements
HostwrightControlTransportTests.PersistentControlStreamIntegrationTests/testHalfCloseSerializesBehindInFlightFrameAndPermanentlyRejectsWrites
HostwrightControlTransportTests.PersistentControlStreamIntegrationTests/testInactiveSessionClosesTheActiveStreamConnection
HostwrightControlTransportTests.PersistentControlStreamIntegrationTests/testInvalidAndOverflowAcknowledgementsDoNotCorruptLiveCredit
HostwrightControlTransportTests.PersistentControlStreamIntegrationTests/testLateAcknowledgementAfterFiniteReadOnlyEndDoesNotCloseConnection
HostwrightControlTransportTests.PersistentControlStreamIntegrationTests/testLateAcknowledgementStrictnessCoversReuseMalformedCursorAndInteractiveStreams
HostwrightControlTransportTests.PersistentControlStreamIntegrationTests/testLateAcknowledgementWaitsForAtomicTerminalPublication
HostwrightControlTransportTests.PersistentControlStreamIntegrationTests/testLateUnaryResponseIsDiscardedWithoutClosingActiveStream
HostwrightControlTransportTests.PersistentControlStreamIntegrationTests/testMismatchedStreamAcceptanceClosesOnlyTheUntrustedConnection
HostwrightControlTransportTests.PersistentControlStreamIntegrationTests/testMoreThanUnaryConcurrencyLimitLateResponsesRemainTombstonedForFiveMinutes
HostwrightControlTransportTests.PersistentControlStreamIntegrationTests/testNearDeadlineSuccessfulWriteDoesNotResetUnaryResponseDeadline
HostwrightControlTransportTests.PersistentControlStreamIntegrationTests/testOpenWriteFailureWithConcurrentControlNeverPublishesUsableStream
HostwrightControlTransportTests.PersistentControlStreamIntegrationTests/testPreAcceptanceServerFramesAreRejectedExceptTerminalError
HostwrightControlTransportTests.PersistentControlStreamIntegrationTests/testPrewriteValidationFailureRefundsReservedInteractiveInputCredit
HostwrightControlTransportTests.PersistentControlStreamIntegrationTests/testReadOnlySourcesRejectInputEndDataAndInputAcknowledgements
HostwrightControlTransportTests.PersistentControlStreamIntegrationTests/testReauthorizationRevocationDuringControlClosesConnectionBeforeForwardingCredit
HostwrightControlTransportTests.PersistentControlStreamIntegrationTests/testReauthorizationRevocationDuringEmissionTerminatesOnlyThatStream
HostwrightControlTransportTests.PersistentControlStreamIntegrationTests/testServerCannotDeliverMoreDataThanClientGranted
HostwrightControlTransportTests.PersistentControlStreamIntegrationTests/testSessionFaultRejectsLaterOpenAndCancelsExistingProducerWithoutLeak
HostwrightControlTransportTests.PersistentControlStreamIntegrationTests/testShortDeadlineUnaryIncludesClientWriterHeadOfLineWait
HostwrightControlTransportTests.PersistentControlStreamIntegrationTests/testSlowReverseInputAcknowledgesOnlyAfterConsumptionAndThenRecovers
HostwrightControlTransportTests.PersistentControlStreamIntegrationTests/testThirtyThirdStreamIsRefusedAndFiniteStreamsTerminallyClose
HostwrightControlTransportTests.PersistentControlStreamIntegrationTests/testTwoMultiplexedStreamsProgressWhileUnaryResponseIsInFlight
HostwrightControlTransportTests.PersistentControlStreamIntegrationTests/testWriteHalfCloseDrainsFiniteFramesBeforeServerExit
HostwrightCLITests.Phase01ContractCLITests/testCapabilitiesJSONIsStableAndMachineReadable
HostwrightCLITests.Phase01ContractCLITests/testMigrationPreviewIsReadOnlyAndFailsClosedWithoutExplicitCapacity
HostwrightCLITests.Phase01ContractCLITests/testParserRecognizesCapabilitiesAndMigrationPreview
HostwrightCoreTests.Phase02QualificationHarnessTests/testHarnessSelfTestAndCommandSurface
HostwrightCoreTests.Phase02QualificationHarnessTests/testPowerLossLaneBlocksOutsideExplicitDisposableVM
HostwrightRuntimeTests.Phase03QualificationScriptTests/testChangedUnmanagedInventoryRejectsEvidenceAndCleansTemporaryFiles
HostwrightRuntimeTests.Phase03QualificationScriptTests/testMissingLocalAppleImageStopsWithoutPullOrRunnerMutation
HostwrightRuntimeTests.Phase03QualificationScriptTests/testPassingFixtureProducesCanonicalBoundedEvidenceAndExactCleanup
HostwrightRuntimeTests.Phase03QualificationScriptTests/testPriorHelperIsRefusedForEveryOtherRecoveryScenario
HostwrightRuntimeTests.Phase03QualificationScriptTests/testStaleHelperHarnessRejectsSyntheticTransitionBeforePublishing
HostwrightRuntimeTests.Phase03QualificationScriptTests/testStaleHelperRequiresOnePrivateNonsymlinkPriorHelper
HostwrightRuntimeTests.Phase03QualificationScriptTests/testUnsupportedLaneStopsBeforeToolExecution
HostwrightCLITests.Phase04ExampleExecutionIntegrationTests/testCheckedInExpectedFailuresStopBeforeExecution
HostwrightCLITests.Phase04ExampleExecutionIntegrationTests/testCheckedInInteractiveExamplesExecuteThroughProductionRunner
HostwrightCLITests.Phase04ExampleExecutionIntegrationTests/testCheckedInLifecycleExamplesExecuteThroughProductionRunner
HostwrightManifestTests.Phase04ExecutableExamplesTests/testCommandSequencesStayInsidePhase04Boundaries
HostwrightManifestTests.Phase04ExecutableExamplesTests/testExpectedFailureExamplesUseOnlyRepresentablePreMutationBoundaries
HostwrightManifestTests.Phase04ExecutableExamplesTests/testRunnableManifestsUseOnlyPinnedPreloadedImageAndRoundTrip
HostwrightManifestTests.Phase04ExecutableExamplesTests/testThreeServiceExampleLocksDependenciesReplicasProbesAndUpdates
HostwrightManifestTests.Phase04ExecutableExamplesTests/testUnhealthyRevisionChangesOnlyExecutableHealthOutcome
HostwrightContainerizationHelperTests.Phase07ContainerizationNetworkLiveTests/testRealContainerizationNetworksIsolateAndDualAttachmentConnects
HostwrightNetworkHelperTests.Phase07LANExposureLiveTests/testExplicitLANPolicyServesTahoeVMAndFailsClosed
HostwrightRuntimeTests.Phase07LocalNetworkForwardingLiveTests/testAuthorizedLocalhostForwardingSurvivesCancellationRestartAndConflict
HostwrightRuntimeTests.Phase07LocalNetworkForwardingLiveTests/testDeniedLocalNetworkPermissionFailsClosedAndCleansUpExactly
HostwrightRuntimeTests.Phase07NetworkGate01LiveTests/testAppleCLIProjectNetworksIsolateAndExplicitDualAttachmentConnects
HostwrightManifestTests.Phase07NetworkManifestTests/testCertificateDeclarationsRoundTripAndApplyDefaults
HostwrightManifestTests.Phase07NetworkManifestTests/testCertificatesRejectInvalidCombinationsAndMissingIngressReference
HostwrightManifestTests.Phase07NetworkManifestTests/testGuardedHostAccessRejectsIPv6OnlyProjectNetwork
HostwrightManifestTests.Phase07NetworkManifestTests/testGuardedHostAccessRejectsUnknownFieldsAndExcessiveEndpoints
HostwrightManifestTests.Phase07NetworkManifestTests/testGuardedHostAccessRejectsUnsafeAndDuplicateEndpoints
HostwrightManifestTests.Phase07NetworkManifestTests/testGuardedHostAccessRequiresEveryEndpointField
HostwrightManifestTests.Phase07NetworkManifestTests/testGuardedHostAccessRoundTripsCanonically
HostwrightManifestTests.Phase07NetworkManifestTests/testIngressMTLSPeersRequireCertificateAndCanonicalize
HostwrightManifestTests.Phase07NetworkManifestTests/testIngressParsesDefaultsAndRoundTripsCanonically
HostwrightManifestTests.Phase07NetworkManifestTests/testIngressRejectsMissingServiceUndeclaredTargetPortAndMaxima
HostwrightManifestTests.Phase07NetworkManifestTests/testIngressRejectsUnknownFieldsAndConflictingRoutes
HostwrightManifestTests.Phase07NetworkManifestTests/testIngressRejectsUnsafeRoutesAndInvalidExposure
HostwrightManifestTests.Phase07NetworkManifestTests/testIngressTLSAndLANRequireCertificate
HostwrightManifestTests.Phase07NetworkManifestTests/testIPv4OnlyIPv6OnlyAndDualStackRoundTripCanonically
HostwrightManifestTests.Phase07NetworkManifestTests/testLegacyManifestWithoutNetworksKeepsExistingMeaning
HostwrightManifestTests.Phase07NetworkManifestTests/testLocalhostBindAliasCanonicalizesWithoutChangingExposure
HostwrightManifestTests.Phase07NetworkManifestTests/testLocalLoopbackTunnelRejectsRemoteTrustFields
HostwrightManifestTests.Phase07NetworkManifestTests/testNetworkDeclarationsAndAttachmentsRoundTripCanonically
HostwrightManifestTests.Phase07NetworkManifestTests/testPublishedPortExposureParsesAndCanonicalizes
HostwrightManifestTests.Phase07NetworkManifestTests/testRejectsInvalidMissingAndDuplicateServiceAttachments
HostwrightManifestTests.Phase07NetworkManifestTests/testRejectsInvalidNetworkDriverAndUnknownFieldsStrictly
HostwrightManifestTests.Phase07NetworkManifestTests/testRejectsInvalidPublishedPortExposure
HostwrightManifestTests.Phase07NetworkManifestTests/testRejectsNonNetworkCIDRsAndOverlappingExplicitSubnets
HostwrightManifestTests.Phase07NetworkManifestTests/testRejectsWrongAddressFamiliesAndFullyDisabledNetworks
HostwrightManifestTests.Phase07NetworkManifestTests/testRemoteDialerTrustDoesNotRequireRemoteServiceLocally
HostwrightManifestTests.Phase07NetworkManifestTests/testRemoteListenerTrustRoundTripsCanonically
HostwrightManifestTests.Phase07NetworkManifestTests/testRemoteTunnelRolesRejectMissingOrAmbiguousTrust
HostwrightManifestTests.Phase07NetworkManifestTests/testServiceNetworkPolicyRejectsBroadMalformedAndDuplicateRules
HostwrightManifestTests.Phase07NetworkManifestTests/testServiceNetworkPolicyRoundTripsCanonicalAndKeepsAbsentPolicyCompatible
HostwrightManifestTests.Phase07NetworkManifestTests/testTunnelDeclarationRejectsNonCanonicalPeerAndUnsafeEndpoint
HostwrightManifestTests.Phase07NetworkManifestTests/testTunnelDeclarationRejectsNonTunnelPortAndReplicas
HostwrightManifestTests.Phase07NetworkManifestTests/testTunnelDeclarationRequiresResolvablePortAndDiscoveryPath
HostwrightManifestTests.Phase07NetworkManifestTests/testTunnelDeclarationsRoundTripCanonically
HostwrightManifestTests.Phase07NetworkManifestTests/testTunnelDeclarationSupportsCanonicalIPv6Endpoint
HostwrightManifestTests.Phase07NetworkManifestTests/testTunnelTargetRequiresSingleTCPLoopbackMapping
HostwrightManifestTests.Phase07NetworkManifestTests/testUnixSocketPublicationRejectsUnsafePathsAndCollisions
HostwrightManifestTests.Phase07NetworkManifestTests/testUnixSocketPublicationRejectsUnsafeShapeBeforeMutation
HostwrightManifestTests.Phase07NetworkManifestTests/testUnixSocketPublicationsRoundTripCanonically
HostwrightControlPlaneTests.Phase09XPCContractTests/testCodeIdentityProofAcceptsOnlyLowercaseFortyOrSixtyFourCharacterCDHashes
HostwrightControlPlaneTests.Phase09XPCContractTests/testFrozenRequestFixtureRoundTrips
HostwrightControlPlaneTests.Phase09XPCContractTests/testFrozenResponseFixturesRoundTripExactShapes
HostwrightControlPlaneTests.Phase09XPCContractTests/testFrozenServiceIdentityAndSandboxEntitlementAreExact
HostwrightControlPlaneTests.Phase09XPCContractTests/testRequestAndCancellationCombinationsAreExclusiveAndBounded
HostwrightControlPlaneTests.Phase09XPCContractTests/testResponseStatusPayloadsAreMutuallyExclusive
HostwrightDaemonTests.Phase10ControlCompatibilityQualificationTests/testEverySchedulerOperationRequiresCurrentRevision
HostwrightDaemonTests.Phase10ControlCompatibilityQualificationTests/testG15CapabilityCatalogKeepsOptimizationAndHostNativePending
HostwrightDaemonTests.Phase10ControlCompatibilityQualificationTests/testRevisionWindowKeepsSchedulerCurrentAndAuthenticationFrozen
HostwrightDaemonTests.Phase10ControlCompatibilityQualificationTests/testSchedulerRecoveryReleaseAndReplayRequireFreshLineageEvidence
HostwrightDaemonTests.Phase10ControlCompatibilityQualificationTests/testSchedulerReservationRaceCommitsOnlyOneCapacityWinner
HostwrightDaemonTests.Phase10ControlCompatibilityQualificationTests/testSchedulerReservationRaceDoesNotRetryAnExclusiveStateFence
HostwrightDaemonTests.Phase10ControlCompatibilityQualificationTests/testSchedulerReservationRaceWaitsForBoundedWriterContention
HostwrightDaemonTests.Phase10ControlCompatibilityQualificationTests/testSchedulerWireAndEnvelopeBoundariesRejectUnexpectedFields
HostwrightHealthTests.Phase10PressureReclamationQualificationTests/testPressurePowerFactsFailClosedWhenUnavailableOrInconsistent
HostwrightHealthTests.Phase10PressureReclamationQualificationTests/testPressureRecoveryRequiresConfiguredClearObservations
HostwrightHealthTests.Phase10PressureReclamationQualificationTests/testReclamationRejectsStaleFenceWithoutAdvancingIntent
HostwrightHealthTests.Phase10PressureReclamationQualificationTests/testReclamationRequiresOwnershipFenceAndStableSamples
HostwrightSchedulerTests.Phase10SchedulerQualificationTests/testPhase10SchedulerQualificationAllowsOwnedDurableClosureRoot
HostwrightSchedulerTests.Phase10SchedulerQualificationTests/testPhase10SchedulerQualificationBuilderRejectsEvaluationReuseAcrossScenarioDigests
HostwrightSchedulerTests.Phase10SchedulerQualificationTests/testPhase10SchedulerQualificationCanonicalCodableReplaySmoke
HostwrightSchedulerTests.Phase10SchedulerQualificationTests/testPhase10SchedulerQualificationCommittedMarkerRejectsUnknownAndDuplicateKeys
HostwrightSchedulerTests.Phase10SchedulerQualificationTests/testPhase10SchedulerQualificationCommittedReplayFilenamesRemainCanonicalOrdered
HostwrightSchedulerTests.Phase10SchedulerQualificationTests/testPhase10SchedulerQualificationConfigurationAcceptsQualificationMaximums
HostwrightSchedulerTests.Phase10SchedulerQualificationTests/testPhase10SchedulerQualificationDefaultReplayFixtureIsRetained
HostwrightSchedulerTests.Phase10SchedulerQualificationTests/testPhase10SchedulerQualificationEnvironmentMaximumsResolveExactLoopBounds
HostwrightSchedulerTests.Phase10SchedulerQualificationTests/testPhase10SchedulerQualificationExactMultiResourceFeasibilityOracleSmoke
HostwrightSchedulerTests.Phase10SchedulerQualificationTests/testPhase10SchedulerQualificationExplicitRootUsesOwnedChild
HostwrightSchedulerTests.Phase10SchedulerQualificationTests/testPhase10SchedulerQualificationGeneratedReceiptLeavesOracleDomainNilForMixedCases
HostwrightSchedulerTests.Phase10SchedulerQualificationTests/testPhase10SchedulerQualificationHardSelectorsAndTopologySpreadReplay
HostwrightSchedulerTests.Phase10SchedulerQualificationTests/testPhase10SchedulerQualificationHostileBoundaries
HostwrightSchedulerTests.Phase10SchedulerQualificationTests/testPhase10SchedulerQualificationPathIdentityRejectsSameTextReplacement
HostwrightSchedulerTests.Phase10SchedulerQualificationTests/testPhase10SchedulerQualificationPerformanceCell
HostwrightSchedulerTests.Phase10SchedulerQualificationTests/testPhase10SchedulerQualificationPerformanceCommittedArtifactBindsMeasurementTranscript
HostwrightSchedulerTests.Phase10SchedulerQualificationTests/testPhase10SchedulerQualificationPerformanceDecodeRechecksCurrentBinding
HostwrightSchedulerTests.Phase10SchedulerQualificationTests/testPhase10SchedulerQualificationPerformanceFingerprintsAreDeterministic
HostwrightSchedulerTests.Phase10SchedulerQualificationTests/testPhase10SchedulerQualificationPerformanceReceiptBindsCanonicalSchedulerInputDigest
HostwrightSchedulerTests.Phase10SchedulerQualificationTests/testPhase10SchedulerQualificationPerformanceReceiptRejectsFingerprintDrift
HostwrightSchedulerTests.Phase10SchedulerQualificationTests/testPhase10SchedulerQualificationPerformanceReceiptRejectsInvalidFingerprintOnDecode
HostwrightSchedulerTests.Phase10SchedulerQualificationTests/testPhase10SchedulerQualificationPerformanceReceiptRejectsShapeAndP95Drift
HostwrightSchedulerTests.Phase10SchedulerQualificationTests/testPhase10SchedulerQualificationPerformanceRecordCarriesReferenceIdentity
HostwrightSchedulerTests.Phase10SchedulerQualificationTests/testPhase10SchedulerQualificationReferenceGateRequiresRetainedOutputRoot
HostwrightSchedulerTests.Phase10SchedulerQualificationTests/testPhase10SchedulerQualificationRejectsDisallowedOutputRoots
HostwrightSchedulerTests.Phase10SchedulerQualificationTests/testPhase10SchedulerQualificationRejectsNonPrivateTemporaryRoot
HostwrightSchedulerTests.Phase10SchedulerQualificationTests/testPhase10SchedulerQualificationRejectsSymlinkAndMissingOutputRoots
HostwrightSchedulerTests.Phase10SchedulerQualificationTests/testPhase10SchedulerQualificationReplayMetadataIsDeterministicAndRetained
HostwrightSchedulerTests.Phase10SchedulerQualificationTests/testPhase10SchedulerQualificationReplayStrictDecodeAndSemanticBinding
HostwrightSchedulerTests.Phase10SchedulerQualificationTests/testPhase10SchedulerQualificationReplayStrictDecodeRejectsNestedUnknownKeys
HostwrightSchedulerTests.Phase10SchedulerQualificationTests/testPhase10SchedulerQualificationRunInputFingerprintIsDeterministic
HostwrightSchedulerTests.Phase10SchedulerQualificationTests/testPhase10SchedulerQualificationRunReceiptRechecksReplayHashAndBytes
HostwrightSchedulerTests.Phase10SchedulerQualificationTests/testPhase10SchedulerQualificationRunReceiptRejectsAbsoluteReplayPath
HostwrightSchedulerTests.Phase10SchedulerQualificationTests/testPhase10SchedulerQualificationRunReceiptRejectsCrossFieldDrift
HostwrightSchedulerTests.Phase10SchedulerQualificationTests/testPhase10SchedulerQualificationRunReceiptRejectsDuplicateReplayBinding
HostwrightSchedulerTests.Phase10SchedulerQualificationTests/testPhase10SchedulerQualificationRunReceiptRejectsTamperedBinding
HostwrightSchedulerTests.Phase10SchedulerQualificationTests/testPhase10SchedulerQualificationRunReceiptRoundTripsAndBinds
HostwrightSchedulerTests.Phase10SchedulerQualificationTests/testPhase10SchedulerQualificationSeededInvariantSmoke
HostwrightSchedulerTests.Phase10SchedulerQualificationTests/testPhase10SchedulerQualificationStrictJSONRejectsUnknownAndDuplicateKeys
HostwrightSchedulerTests.Phase10SchedulerQualificationTests/testPhase10SchedulerQualificationTopologyHostileGuardHandlesShortPlacementList
HostwrightSchedulerTests.Phase10SchedulerQualificationTests/testPhase10SchedulerQualificationWeightedSelectorsAndDuplicateRejection
HostwrightStateTests.Phase10StateRecoveryQualificationAdmissionTests/testPhase10PendingReservationSurvivesCrashReopenWithoutExpiryReuse
HostwrightStateTests.Phase10StateRecoveryQualificationAdmissionTests/testPhase10SchedulerAdmissionReservationRaceHasOneWinnerPerBoundedRound
HostwrightStateTests.Phase10StateRecoveryQualificationAdmissionTests/testPhase10SchedulerRecoveryFencesStaleReservationAndReleasesWithEvidence
HostwrightStateTests.Phase10StateRecoveryQualificationMigrationTests/testPhase10FutureSchemaRefusalPrecedesStateAndSchedulerReads
HostwrightStateTests.Phase10StateRecoveryQualificationMigrationTests/testPhase10SchedulerStateSurvivesV23UpgradeAndReopen
HostwrightStateTests.Phase10StateRecoveryQualificationMigrationTests/testPhase10UpgradeUsesVerifiedBackupAndReopensAfterRestore
HostwrightStateTests.Phase10StateRecoveryQualificationMigrationTests/testPhase10V21ToV22MigrationIsContiguousAcrossReopen
HostwrightStateTests.Phase10StateRecoveryQualificationMigrationTests/testPhase10V22MigrationReachesPublicLatestSchema
HostwrightExtensionsTests.PluginABIContractTests/testCheckedInPluginABIGoldenDecodesThroughProductionContract
HostwrightExtensionsTests.PluginABIContractTests/testExtensionDocumentsDefaultToPluginABIV1
HostwrightCLITests.PluginCLIOptionsTests/testAcceptsOnlyCanonicalLocalSourcesAndSingleOutputSelection
HostwrightCLITests.PluginCLIOptionsTests/testParsesEveryPluginLifecycleOperation
HostwrightCLITests.PluginCLIOptionsTests/testRejectsInvalidDuplicateAndUnsafePluginArguments
HostwrightCLITests.PluginCLIOptionsTests/testRejectsNonexistentAndPhysicalAliasLocalSourcesWithoutRewriting
HostwrightDaemonTests.PluginControlOperationsTests/testActivateKeepsStateOnHealthFailureThenPersistsHealthyActivation
HostwrightDaemonTests.PluginControlOperationsTests/testActiveUninstallRemovesOnlyExactImmutablePackageAndActivation
HostwrightDaemonTests.PluginControlOperationsTests/testCallerSuppliedTrustMaterialIsRejectedBeforePersistence
HostwrightDaemonTests.PluginControlOperationsTests/testCanonicalLocalSourceRemainsAcceptedForDiscoverAndInstall
HostwrightDaemonTests.PluginControlOperationsTests/testEveryPluginOperationRejectsUnknownBodyFieldsWithoutStateChange
HostwrightDaemonTests.PluginControlOperationsTests/testGetAndStatusRejectRequestsWithBothSelectors
HostwrightDaemonTests.PluginControlOperationsTests/testInstallAndUpdateRequireIdempotencyAndPersistDistinctVersions
HostwrightDaemonTests.PluginControlOperationsTests/testInstallRequiresDaemonConfiguredSignerAuthority
HostwrightDaemonTests.PluginControlOperationsTests/testLocalSourceRejectsSymlinkAndLexicallyNoncanonicalPathsBeforeMutation
HostwrightDaemonTests.PluginControlOperationsTests/testPackageSourceRejectsUnknownNestedKeysBeforeVerification
HostwrightDaemonTests.PluginControlOperationsTests/testRBACVisibleReadLifecycleListsGetsAndReportsInstalledPlugin
HostwrightDaemonTests.PluginControlOperationsTests/testRevokeAndQuarantineImmediatelyCancelAffectedProviders
HostwrightDaemonTests.PluginControlOperationsTests/testRollbackPersistsCompletedOperationAndPriorActivationAcrossReopen
HostwrightDaemonTests.PluginControlOperationsTests/testUnconfiguredSelfSignedSignerCannotInfluenceVerification
HostwrightCommandTransportTests.PluginControlRoutingTests/testEveryPluginVerbRoutesDirectlyToPersistentControlAPI
HostwrightCommandTransportTests.PluginControlRoutingTests/testLegacyCallerSuppliedSignerCertificateIsRejectedBeforeTransport
HostwrightCommandTransportTests.PluginControlRoutingTests/testPluginRequestsUseIdempotencyOnlyForMutationsAndEncodeOperationBodies
HostwrightCommandTransportTests.PluginControlRoutingTests/testPluginResultsRenderGenericPersistentResponseAndDirectCLIRefusesMutation
HostwrightExtensionsTests.PluginImmutableStoreTests/testCleanupRefusesChangedIdentityOrContent
HostwrightExtensionsTests.PluginImmutableStoreTests/testCleanupRefusesUnownedDeletionAndChangedContent
HostwrightExtensionsTests.PluginImmutableStoreTests/testContentChangeAfterVerificationCleansPartiallyCopiedStage
HostwrightExtensionsTests.PluginImmutableStoreTests/testInstallFailureCleansStageAndPersistsFailedRollbackAcrossReopen
HostwrightExtensionsTests.PluginImmutableStoreTests/testInstallPersistsDigestAddressedStagedPackageSucceededRollbackAndLedgerAcrossReopen
HostwrightExtensionsTests.PluginImmutableStoreTests/testInstallRefusesPreexistingDigestStorageAndLeavesFailedRollback
HostwrightExtensionsTests.PluginImmutableStoreTests/testRestartRecoveryAfterInstallRenameWithoutPackageCleansOwnedTreeAndFailsTerminal
HostwrightExtensionsTests.PluginImmutableStoreTests/testRestartRecoveryAfterPackagePersistenceValidatesOwnedTreeAndSucceedsTerminal
HostwrightExtensionsTests.PluginImmutableStoreTests/testRestartRecoveryAfterUninstallStateMutationCleansOwnedTreeAndSucceedsTerminal
HostwrightExtensionsTests.PluginImmutableStoreTests/testRestartRecoveryCleansPinnedStagingWithoutFollowingEscapingSymlink
HostwrightExtensionsTests.PluginImmutableStoreTests/testRestartRecoveryRefusesChangedOwnershipIdentityAndLeavesOperationIncomplete
HostwrightExtensionsTests.PluginImmutableStoreTests/testRestartRecoveryWhenRollbackActivationAlreadySwitchedSucceedsTerminal
HostwrightExtensionsTests.PluginImmutableStoreTests/testUninstallCleanupRemovesExactOwnedTreeAfterRepositoryTransition
HostwrightStateTests.PluginLifecycleRepositoryTests/testActivationRejectsCrossPluginPriorPackageDigestTampering
HostwrightStateTests.PluginLifecycleRepositoryTests/testCanonicalVerifiedPersistenceListAndReopenRoundTrip
HostwrightStateTests.PluginLifecycleRepositoryTests/testDuplicateIdentifierAndVersionSubstitutionIsRejected
HostwrightStateTests.PluginLifecycleRepositoryTests/testLegalVerifiedToStagedToActiveAndRollbackActivationUpdate
HostwrightStateTests.PluginLifecycleRepositoryTests/testOwnershipEscapeAndDuplicatePathsAreRejectedBeforePersistence
HostwrightStateTests.PluginLifecycleRepositoryTests/testPackageAndSignerRevocationUpdatePackagesGrantsAndActivation
HostwrightStateTests.PluginLifecycleRepositoryTests/testQuarantineMarksPackageAndActivationUnhealthy
HostwrightStateTests.PluginLifecycleRepositoryTests/testRollbackPersistsAcrossReopenAndDuplicateIdempotencyKeyIsDenied
HostwrightStateTests.PluginLifecycleRepositoryTests/testTamperedCanonicalManifestProvenanceGrantsAndDigestFailClosed
HostwrightExtensionsTests.PluginProviderHealthCheckerTests/testRevokeCancelsInflightWASICheckAndReturnsRevoked
HostwrightStateTests.PluginSchemaV21MigrationTests/testV20UpgradeCreatesExactPluginSchemaAndVerifiedRollbackRestoresV20
HostwrightStateTests.PluginSchemaV21MigrationTests/testV21MigrationChecksumTamperingFailsClosedWithoutFurtherWrites
HostwrightDaemonTests.PluginTrustedSignerAuthorityTests/testAbsentAuthorityFailsClosedForPluginTrustWithoutCreatingUserState
HostwrightDaemonTests.PluginTrustedSignerAuthorityTests/testLoadsCanonicalOwnerPrivateDaemonSignerAuthority
HostwrightDaemonTests.PluginTrustedSignerAuthorityTests/testLoadsStableMultiCertificateRotationForOneSigner
HostwrightDaemonTests.PluginTrustedSignerAuthorityTests/testProductionAuthorityIsFixedOutsideCurrentUserApplicationSupport
HostwrightDaemonTests.PluginTrustedSignerAuthorityTests/testRejectsAuthorityDirectoryWithNonAuthorityOwnerOrWritableMode
HostwrightDaemonTests.PluginTrustedSignerAuthorityTests/testRejectsExtraSymlinkAndDirectoryInventory
HostwrightDaemonTests.PluginTrustedSignerAuthorityTests/testRejectsFileOwnerMismatchThroughDescriptorPinnedReader
HostwrightDaemonTests.PluginTrustedSignerAuthorityTests/testRejectsMutableParentUnreadableFinalAndDirectorySymlink
HostwrightDaemonTests.PluginTrustedSignerAuthorityTests/testRejectsNonCanonicalOrOversizedAuthorityManifest
HostwrightDaemonTests.PluginTrustedSignerAuthorityTests/testRejectsPresentPartialAuthorityAndAccessGrantingACLs
HostwrightDaemonTests.PluginTrustedSignerAuthorityTests/testRejectsUnsafeManifestCertificateAndUnexpectedInventory
HostwrightNetworkProvidersTests.ProductionNetworkProviderSecurityTests/testConcreteRevocationIsDurableBeforeAuthorityStops
HostwrightNetworkProvidersTests.ProductionNetworkProviderSecurityTests/testFileBackedRevocationPersistsAtomicallyAcrossInstances
HostwrightNetworkProvidersTests.ProductionNetworkProviderSecurityTests/testFileBackedRevocationRejectsSymlinkAndCorruptState
HostwrightNetworkProvidersTests.ProductionNetworkProviderSecurityTests/testSecurityVerifierAcceptsOnePinnedDetachedCMSSigner
HostwrightNetworkProvidersTests.ProductionNetworkProviderSecurityTests/testSignedConformanceModuleUsesOnlyReviewedLocalHTTPSOrigin
HostwrightNetworkProvidersTests.ProductionNetworkProviderSecurityTests/testURLSessionBrokerCallsOnlyExactLocalHTTPSOrigin
HostwrightCLITests.ProjectDNSLifecycleCoordinatorTests/testCancellationLeavesResumableIntentAndNoCreatedEffects
HostwrightCLITests.ProjectDNSLifecycleCoordinatorTests/testCertificateEvidencePersistsAndReleasesExactState
HostwrightCLITests.ProjectDNSLifecycleCoordinatorTests/testCommittedDeleteAllowsMonotonicRecreateWithoutReplayingCreate
HostwrightCLITests.ProjectDNSLifecycleCoordinatorTests/testCompensationRemovesOnlyDNSCreatedByThisExecution
HostwrightCLITests.ProjectDNSLifecycleCoordinatorTests/testConflictingRuntimeOwnerQuarantinesWithoutMutation
HostwrightCLITests.ProjectDNSLifecycleCoordinatorTests/testCreatePersistsIntentBuildsExactInfrastructureAndIsIdempotent
HostwrightCLITests.ProjectDNSLifecycleCoordinatorTests/testDeleteAfterRefreshResumesWithDistinctRuntimeAndHelperAuthority
HostwrightCLITests.ProjectDNSLifecycleCoordinatorTests/testGuardedHostAccessRejectsMissingOrMismatchedHelperEvidence
HostwrightCLITests.ProjectDNSLifecycleCoordinatorTests/testGuardedHostAccessRejectsStaleActiveReservationEvidence
HostwrightCLITests.ProjectDNSLifecycleCoordinatorTests/testGuardedHostAccessReservationPersistsBeforeHelperAndCleansExactly
HostwrightCLITests.ProjectDNSLifecycleCoordinatorTests/testIngressDigestMismatchRejectsHelperEvidence
HostwrightCLITests.ProjectDNSLifecycleCoordinatorTests/testIngressInactiveHelperEvidenceIsRejected
HostwrightCLITests.ProjectDNSLifecycleCoordinatorTests/testInterruptedAbsentCreateResumesFromPersistedIntent
HostwrightCLITests.ProjectDNSLifecycleCoordinatorTests/testInterruptedRefreshAfterHelperApplyResumesWithoutFenceMismatch
HostwrightCLITests.ProjectDNSLifecycleCoordinatorTests/testInterruptedRemoveAfterRuntimeDeletionResumesExactDeletion
HostwrightCLITests.ProjectDNSLifecycleCoordinatorTests/testInterruptedStopEffectResumesWithDeleteWithoutDuplicateStop
HostwrightCLITests.ProjectDNSLifecycleCoordinatorTests/testNetworkPolicyIsAppliedObservedAndRemovedWithExactGeneration
HostwrightCLITests.ProjectDNSLifecycleCoordinatorTests/testPreMutationPrerequisitesRejectBeforeIntentOrEffects
HostwrightCLITests.ProjectDNSLifecycleCoordinatorTests/testRefreshRetainsPriorValidConfigurationOnApplyFailureThenCommits
HostwrightCLITests.ProjectDNSLifecycleCoordinatorTests/testRemoveDeletesExactRuntimeAndHelperBeforeState
HostwrightCLITests.ProjectDNSLiveDriversTests/testRuntimeDriverMapsCapabilityAndExactLocalCoreDNSEvidence
HostwrightCLITests.ProjectDNSLiveDriversTests/testRuntimeDriverMapsCreateStartStopAndExactOwnedRemoveActions
HostwrightCLITests.ProjectDNSLiveDriversTests/testRuntimeDriverRefusesRemoveAfterOwnershipDrift
HostwrightCLITests.ProjectDNSPlanBuilderTests/testBuildNormalizesObservedCIDRAddressesToDNSHosts
HostwrightCLITests.ProjectDNSPlanBuilderTests/testBuildPinsGuardedLoopbackHostAccessToOwnedGateway
HostwrightCLITests.ProjectDNSPlanBuilderTests/testBuildPublishesOnlyReadyObservedAddressesAndAliases
HostwrightCLITests.ProjectDNSPlanBuilderTests/testBuildRejectsMalformedObservedCIDRPrefix
HostwrightCLITests.ProjectDNSPlanBuilderTests/testIngressFallsBackToLifecycleLegacyUUIDAndRetainsUnhealthyTarget
HostwrightCLITests.ProjectDNSPlanBuilderTests/testIngressPlanIsDeterministicAcrossInputOrdering
HostwrightCLITests.ProjectDNSPlanBuilderTests/testIngressUsesPersistedUUIDAndOnlyReadyReplicaBackends
HostwrightCLITests.ProjectDNSPlanBuilderTests/testLANIngressRejectsDeniedLocalNetworkPermission
HostwrightCLITests.ProjectDNSPlanBuilderTests/testLANIngressRequiresExactApprovedHostEnvironment
HostwrightCLITests.ProjectDNSPlanBuilderTests/testNetworkPolicyPlanIsDeterministicAcrossReplicasAndGenerations
HostwrightCLITests.ProjectDNSPlanBuilderTests/testNetworkPolicyPlanRejectsReplicaPolicyDriftAndOmitsAbsentPolicy
HostwrightCLITests.ProjectDNSPlanBuilderTests/testPublicAuthenticatedTunnelIngressRequiresDedicatedTunnelPath
HostwrightCLITests.ProjectDNSPlanBuilderTests/testRunningServiceWithoutReadinessProbeIsReady
HostwrightCLITests.ProjectDNSPlanBuilderTests/testUnknownOrUnattachedRuntimeAddressesAreNotPublished
HostwrightNetworkingTests.ProjectDNSPlannerTests/testCorefileRendersBoundedCacheAndSortedUpstreams
HostwrightNetworkingTests.ProjectDNSPlannerTests/testCorefileUsesContainerResolverWhenNoExplicitUpstreamExists
HostwrightNetworkingTests.ProjectDNSPlannerTests/testDuplicateAndConflictingNamesFailClosed
HostwrightNetworkingTests.ProjectDNSPlannerTests/testHostAccessAllowsMultipleDeclaredPortsForOneBrokerHostname
HostwrightNetworkingTests.ProjectDNSPlannerTests/testInvalidNamesAddressesAndDomainsFailClosed
HostwrightNetworkingTests.ProjectDNSPlannerTests/testPlanIsDeterministicAcrossInputOrderingAndDuplicateAddresses
HostwrightNetworkingTests.ProjectDNSPlannerTests/testPlanRoundTripsThroughCodableWithoutChangingRenderedOutput
HostwrightNetworkingTests.ProjectDNSPlannerTests/testReadyReplicasPublishServiceReplicaAndAliasRecords
HostwrightNetworkingTests.ProjectDNSPlannerTests/testRecordsHaveStableNameTypeAddressOrdering
HostwrightNetworkingTests.ProjectDNSPlannerTests/testTTLAndCollectionBoundsFailClosed
HostwrightStateTests.ProjectDNSStateRepositoryTests/testAmbiguousDNSOwnershipIsQuarantined
HostwrightStateTests.ProjectDNSStateRepositoryTests/testCommittedDeletePermitsExactMonotonicRecreate
HostwrightStateTests.ProjectDNSStateRepositoryTests/testCreateIntentPrecedesAtomicReadyRecordCommit
HostwrightStateTests.ProjectDNSStateRepositoryTests/testExactReleasedDNSOwnershipIsRequiredForRemoval
HostwrightStateTests.ProjectDNSStateRepositoryTests/testHelperRestartRecoveryRequiresExactOwnership
HostwrightStateTests.ProjectDNSStateRepositoryTests/testIntegrityRejectsDNSBindingDrift
HostwrightStateTests.ProjectDNSStateRepositoryTests/testSchemaStoresOnlyFencedDNSIdentityAndDigests
HostwrightCoreTests.QualificationExportVerifierTests/testBindsPrivateRegularOutputToReceiptBytesAndDigest
HostwrightCoreTests.QualificationExportVerifierTests/testRejectsAccessGrantingACLsOnPinnedParentAndOutput
HostwrightCoreTests.QualificationExportVerifierTests/testRejectsReceiptMismatchUnsafeModesAndSymlinks
HostwrightCoreTests.QualificationExportVerifierTests/testSemanticDecodeUsesDescriptorPinnedBytesAfterPathReplacement
HostwrightPolicyTests.RBACAdministrationServiceTests/testDelegationRequiresDelegatorSubsetFutureExpiryAndNeverOwner
HostwrightPolicyTests.RBACAdministrationServiceTests/testDirectNonOwnerManagementCallsRequireExactPolicyVerbs
HostwrightPolicyTests.RBACAdministrationServiceTests/testNonOwnerConditionalAndUnprivilegedGrantsAreRejected
HostwrightPolicyTests.RBACAdministrationServiceTests/testOnlyDelegatorOrGlobalOwnerCanRevokeDelegation
HostwrightPolicyTests.RBACAdministrationServiceTests/testOwnerCanCreateRoleAndBindingsThenDeleteOnlyNonLastOwner
HostwrightPolicyTests.RBACAdministrationServiceTests/testSecurityAdminCanGrantOnlyExactSubsetOfEffectiveRules
HostwrightPolicyTests.RBACAdministrationServiceTests/testSecurityAdminLegitimateCreateUpdateDeleteRoleAndBindingFlowsPass
HostwrightPolicyTests.RBACAuthorizationEngineTests/testActiveDelegationWorksThenRevocationAndExpiryStopItImmediately
HostwrightPolicyTests.RBACAuthorizationEngineTests/testCLIImageRegistryAndVolumeMutationsNeverInheritViewerReadCapabilities
HostwrightPolicyTests.RBACAuthorizationEngineTests/testCLIImageRegistryAndVolumeReadsRetainViewerLeastPrivilege
HostwrightPolicyTests.RBACAuthorizationEngineTests/testDecisionCacheInvalidatesForBindingRoleAndDelegationChangesWithoutRestart
HostwrightPolicyTests.RBACAuthorizationEngineTests/testExplicitDenyOverridesAllowsWithDeterministicRuleExplanation
HostwrightPolicyTests.RBACAuthorizationEngineTests/testFrozenDefaultMatrixAndInheritedRolesAuthorizeOnlyTheirExactCapabilities
HostwrightPolicyTests.RBACAuthorizationEngineTests/testHorizontalAndVerticalEscalationAttemptsDeny
HostwrightPolicyTests.RBACAuthorizationEngineTests/testMalformedOrConflictingTargetFieldsFailClosedBeforePolicyEvaluation
HostwrightPolicyTests.RBACAuthorizationEngineTests/testNoBindingDefaultsToDenyAndUnknownOperationsRequireOwnerAdmin
HostwrightPolicyTests.RBACAuthorizationEngineTests/testProjectResourceAndANDOnlyConditionsConstrainAuthorization
HostwrightPolicyTests.RBACAuthorizationEngineTests/testRawLocalControlConflictingOrUnknownSelectorsFailClosed
HostwrightPolicyTests.RBACAuthorizationEngineTests/testRawLocalControlNestedOperationsCannotDowngradeMutationsToViewerReads
HostwrightPolicyTests.RBACAuthorizationEngineTests/testRawLocalControlNestedReadOperationsRetainViewerLeastPrivilege
HostwrightPolicyTests.RBACAuthorizationEngineTests/testStreamAuthorizationMapsWatchAndExecuteToExactProjectAndResourceScopes
HostwrightDaemonTests.RBACControlOperationsTests/testBindingsSupportCreateListAndDelete
HostwrightDaemonTests.RBACControlOperationsTests/testEveryRBACOperationRejectsUnknownBodyFieldsWithoutStateChanges
HostwrightDaemonTests.RBACControlOperationsTests/testMalformedAndUnknownBodiesAreRejectedWithoutStateChanges
HostwrightDaemonTests.RBACControlOperationsTests/testMutationResultsDoNotContainPeerCredentialOrCodeHashMaterial
HostwrightDaemonTests.RBACControlOperationsTests/testOptionalSubjectIDFieldsFailClosedWhenPresentButInvalid
HostwrightDaemonTests.RBACControlOperationsTests/testOwnerBindingsProtectLastOwnerWithoutMutatingState
HostwrightDaemonTests.RBACControlOperationsTests/testOwnerCanCreateListAndRevokeDelegation
HostwrightDaemonTests.RBACControlOperationsTests/testOwnerRoleListCreateUpdateAndDelete
HostwrightDaemonTests.RBACControlOperationsTests/testPreviewIsDeterministicForAllowedAndDeniedTargetRequests
HostwrightDaemonTests.RBACControlOperationsTests/testSchedulerReadsUseTopLevelProjectScopeForRBACAllowAndDeny
HostwrightDaemonTests.RBACControlOperationsTests/testSecurityAdminCannotMintServiceOperatorOrOwnerRights
HostwrightStateTests.RBACRepositoryTests/testBindingsAndDelegationsPersistAcrossReopen
HostwrightStateTests.RBACRepositoryTests/testBindingsRejectDuplicatesAndProtectLastActiveOwner
HostwrightStateTests.RBACRepositoryTests/testBootstrapPersistsExactDefaultsAndOneOwnerAcrossReopen
HostwrightStateTests.RBACRepositoryTests/testBootstrapRefusesToMintOwnerWhenMultipleActiveIdentitiesExistWithoutAnOwner
HostwrightStateTests.RBACRepositoryTests/testBuiltInsAndCanonicalCollectionConstraintsAreRejected
HostwrightStateTests.RBACRepositoryTests/testCustomRoleCRUDRequiresCurrentGeneration
HostwrightStateTests.RBACRepositoryTests/testDelegationRequiresNonOwnerExpiringRightsAndFiltersRevocation
HostwrightStateTests.RBACSchemaV20MigrationTests/testIntegrityRequiresTheExactFiveFrozenBuiltInRolesAtSchemaV20
HostwrightStateTests.RBACSchemaV20MigrationTests/testV19UpgradeCreatesExactPolicyProfileSchemaAndVerifiedRollbackRestoresV19
HostwrightStateTests.RBACSchemaV20MigrationTests/testV20ChecksumTamperingFailsClosedWithoutFurtherWrites
HostwrightRegistryTests.RegistryAuthContractTests/testBasicChallengeParsesQuotedEscapesAndUnknownParameters
HostwrightRegistryTests.RegistryAuthContractTests/testBearerChallengeParsesHTTPSRealmServiceAndScopes
HostwrightRegistryTests.RegistryAuthContractTests/testChallengesRejectDuplicatesInsecureRealmMalformedAndOversizedValues
HostwrightRegistryTests.RegistryAuthContractTests/testCredentialKeychainAccountIsDeterministicAndNonRevealing
HostwrightRegistryTests.RegistryAuthContractTests/testCredentialRejectsMalformedStorageAndSecretOverflow
HostwrightRegistryTests.RegistryAuthContractTests/testCredentialStorageRoundTripsAtBoundaryAndAlwaysRedacts
HostwrightRegistryTests.RegistryAuthContractTests/testDistributionScopesCanonicalizeAndEnforceSubsetWithoutEscalation
HostwrightRegistryTests.RegistryAuthContractTests/testEndpointCanonicalizesHTTPSOriginsAndDockerHubAliases
HostwrightRegistryTests.RegistryAuthContractTests/testEndpointRejectsNonOriginsAndInvalidAuthorities
HostwrightRegistryTests.RegistryAuthContractTests/testScopeSetMergesSameResourceDeterministically
HostwrightRegistryTests.RegistryAuthContractTests/testScopesRejectMalformedDuplicateUnknownAndOversizedValues
HostwrightRegistryTests.RegistryAuthContractTests/testTokenResponseParsesAliasExpiryRefreshAndUnknownFields
HostwrightRegistryTests.RegistryAuthContractTests/testTokenResponseRejectsIssuedAtBeyondClockSkew
HostwrightRegistryTests.RegistryAuthContractTests/testTokenResponseRejectsMalformedDuplicateConflictEscalationAndOversize
HostwrightRegistryTests.RegistryAuthContractTests/testTokenResponseUsesDeterministicDefaults
HostwrightRegistryTests.RegistryAuthenticationTests/testAnonymousRegistryReportsStructuredCapability
HostwrightRegistryTests.RegistryAuthenticationTests/testBasicChallengeUsesBoundedAuthorizationWithoutDisclosure
HostwrightRegistryTests.RegistryAuthenticationTests/testBearerTokenRefreshesAfterExpiryWithoutReprobingRegistry
HostwrightRegistryTests.RegistryAuthenticationTests/testChallengeCannotEscalateRequestedScope
HostwrightRegistryTests.RegistryAuthenticationTests/testCredentialRotationInvalidatesCachedToken
HostwrightRegistryTests.RegistryAuthenticationTests/testDirectIdentityTokenDoesNotClaimUnprovenRepositoryScope
HostwrightRegistryTests.RegistryAuthenticationTests/testLiveDockerHubBearerScopeWhenExplicitlyEnabled
HostwrightRegistryTests.RegistryAuthenticationTests/testUntrustedRedirectAndCancellationFailClosed
HostwrightRegistryTests.RegistryAuthorizedRequestTests/testAuthorizedRequestRejectsCrossOriginAndCallerAuthorization
HostwrightRegistryTests.RegistryAuthorizedRequestTests/testAuthorizedRequestReturnsRegistry404WithoutReclassifyingIt
HostwrightRegistryTests.RegistryAuthorizedRequestTests/testAuthorizedRequestReusesScopedTokenAndHonorsCancellation
HostwrightRegistryTests.RegistryAuthorizedRequestTests/testBearerChallengeAuthorizesExactRegistryRequest
HostwrightCLITests.RegistryCommandTests/testLoginStatusAndLogoutUseKeychainAndDurableStateWithoutDisclosure
HostwrightCLITests.RegistryCommandTests/testReferrerFetchParserUsesExactBoundedFields
HostwrightCLITests.RegistryCommandTests/testReferrerMutationParsersRequireExactIdentifiers
HostwrightCLITests.RegistryCommandTests/testReferrerParserRejectsCredentialsAndUnsafeCombinations
HostwrightCLITests.RegistryCommandTests/testRegistryLoginParsesWithoutCredentialArgument
HostwrightCLITests.RegistryCommandTests/testRegistryParserRejectsCredentialArgumentsAndInvalidCombinations
HostwrightCLITests.RegistryCommandTests/testRegistrySBOMParsersExposeExactCredentialFreeSurface
HostwrightCLITests.RegistryCommandTests/testRegistryStatusDefaultsRepositoryActionToPull
HostwrightCLITests.RegistryCommandTests/testRegistryStatusSortsExplicitActions
HostwrightCLITests.RegistryCommandTests/testRegistryTrustParsersExposeExactCredentialFreeSurface
HostwrightCLITests.RegistryCommandTests/testRejectedLoginDoesNotMutateKeychainOrState
HostwrightCLITests.RegistryCommandTests/testStatusUsesGuardedDockerCredentialCompatibility
HostwrightRegistryTests.RegistryCredentialFileTests/testDefaultLoaderReadsExactPrivateDockerAndOCIAuthFiles
HostwrightRegistryTests.RegistryCredentialFileTests/testLoaderRejectsAccessGrantingModesAndSymlinks
HostwrightRegistryTests.RegistryCredentialFileTests/testLoaderRejectsRelativeEnvironmentOverridesBeforeFileAccess
HostwrightRegistryTests.RegistryCredentialLookupTests/testCancellationStopsBeforeConfigurationOrHelperAccess
HostwrightRegistryTests.RegistryCredentialLookupTests/testCanonicalDuplicateEntriesFailClosed
HostwrightRegistryTests.RegistryCredentialLookupTests/testConfigurationAndCredentialBoundsFailWithoutReflectingValues
HostwrightRegistryTests.RegistryCredentialLookupTests/testCredentialHelperOverrideWinsOverCredsStoreAndInlineAuth
HostwrightRegistryTests.RegistryCredentialLookupTests/testCredsStoreAppliesWhenThereIsNoExactHelperOverride
HostwrightRegistryTests.RegistryCredentialLookupTests/testDockerHubInlineCredentialUsesCanonicalExactMatch
HostwrightRegistryTests.RegistryCredentialLookupTests/testExactRegistryKeyDoesNotUseSuffixOrPrefixMatch
HostwrightRegistryTests.RegistryCredentialLookupTests/testMismatchedHelperServerAndUnknownFieldsFailClosed
HostwrightRegistryTests.RegistryCredentialLookupTests/testOCIIdentityTokenIsTypedAndSourceIsStable
HostwrightRegistryTests.RegistryCredentialLookupTests/testSecureHelperExecutorBuildsOneBoundedGetRequest
HostwrightRegistryTests.RegistryCredentialLookupTests/testSecureHelperExecutorMapsCancellationAndCleanupFailuresWithoutStderr
HostwrightCLITests.RegistryProvenanceExecutionTests/testCancelledGenerationResumesOnlyWithExactTypedReference
HostwrightCLITests.RegistryProvenanceExecutionTests/testGenerateVerifyStatusAndSecretNonDisclosure
HostwrightCLITests.RegistryProvenanceExecutionTests/testParserRequiresTypedReferenceAndRejectsSecretArguments
HostwrightCLITests.RegistryReferrerExecutionTests/testDurablePublishPersistsIntentObservationAndOwnership
HostwrightCLITests.RegistryReferrerExecutionTests/testInterruptedPublishResumesExactPersistedIntent
HostwrightCLITests.RegistryReferrerExecutionTests/testOfflineDiscoverDoesNotSubstituteFilteredCache
HostwrightCLITests.RegistryReferrerExecutionTests/testOfflineFetchUsesOnlyVerifiedCache
HostwrightCLITests.RegistrySBOMExecutionTests/testCancelledGenerationPersistsResumableIntentWithoutGraph
HostwrightCLITests.RegistrySBOMExecutionTests/testExportFailureAfterFileEffectIsResumable
HostwrightCLITests.RegistrySBOMExecutionTests/testIngestQueryAndExportUseExactVerifiedGraph
HostwrightCLITests.RegistrySBOMExecutionTests/testPostWriteFinalizationFailurePersistsExactResumableExport
HostwrightCLITests.RegistrySBOMExecutionTests/testRequiredQueryReportsMissingWithoutEffects
HostwrightRegistryTests.RegistryTransportTests/testAuthorizationAndRequestDescriptionsAreRedacted
HostwrightRegistryTests.RegistryTransportTests/testCrossOriginRedirectCannotForwardAuthorization
HostwrightRegistryTests.RegistryTransportTests/testHTTPSAndBoundedRequestPolicy
HostwrightRegistryTests.RegistryTransportTests/testInvalidTimeoutFailsBeforeSynchronousTaskCreation
HostwrightRegistryTests.RegistryTransportTests/testRedirectPolicyAllowsOnlyThreeSameOriginHTTPSRedirects
HostwrightRegistryTests.RegistryTransportTests/testRedirectPolicyTreatsImplicitAndExplicitHTTPSPortsAsSameOrigin
HostwrightRegistryTests.RegistryTransportTests/testResponseHeaderNormalizationIsBounded
HostwrightRegistryTests.RegistryTransportTests/testSensitiveAndMalformedHeadersAreRejected
HostwrightRegistryTests.RegistryTransportTests/testStableErrorsDoNotReflectURLOrAuthorization
HostwrightRegistryTests.RegistryTransportTests/testSynchronousProtocolIsInjectableWithoutAsyncBridge
HostwrightRegistryTests.RegistryTransportTests/testSynchronousTransportCancelsBeforeNetworkAccess
HostwrightCLITests.RegistryTrustExecutionTests/testVerifyPersistsExactEvidenceAndStatusReadsIt
HostwrightCLITests.RegistryVulnerabilityExecutionTests/testCancelledEvaluationResumesWithExactPlanAndPersistsDecision
HostwrightCLITests.RegistryVulnerabilityExecutionTests/testEvaluateRejectsSignatureProofForDifferentBundles
HostwrightCLITests.RegistryVulnerabilityExecutionTests/testExactExceptionGrantStatusAndRevocation
HostwrightCLITests.RegistryVulnerabilityExecutionTests/testOlderDatabaseEvaluatedLaterCannotReplaceNewerReport
HostwrightCLITests.RegistryVulnerabilityExecutionTests/testRecoveryRejectsReportAfterTrustMaterialChanges
HostwrightCLITests.RegistryVulnerabilityExecutionTests/testStatusRejectsProofAfterTrustMaterialChanges
HostwrightReleaseQualificationTests.ReleaseQualificationCLITests/testDependencyLockLaneProducesPassingGateEvidenceFromExactCommit
HostwrightReleaseQualificationTests.ReleaseQualificationCLITests/testDocumentationLaneMarksEvidenceStaleWhenTrackedSourceChangesDuringExecution
HostwrightReleaseQualificationTests.ReleaseQualificationCLITests/testDocumentationLaneProducesExactNonPromotableOrPassingEvidence
HostwrightReleaseQualificationTests.ReleaseQualificationCLITests/testExactCommitSafeLaneCannotPromoteDirtyWorkingTree
HostwrightReleaseQualificationTests.ReleaseQualificationCLITests/testLaneEvidenceStatusPreservesPrimaryExecutionFailure
HostwrightReleaseQualificationTests.ReleaseQualificationCLITests/testLicensePolicyLaneMarksEvidenceStaleWhenSourceChangesDuringExecution
HostwrightReleaseQualificationTests.ReleaseQualificationCLITests/testLicensePolicyLaneProducesPassingExactCommitEvidenceWithoutTextLeakage
HostwrightReleaseQualificationTests.ReleaseQualificationCLITests/testLocalLaneEvidenceClassBindsProducerInsteadOfRegistryOrder
HostwrightReleaseQualificationTests.ReleaseQualificationCLITests/testParserRejectsUnknownAndDuplicateOptions
HostwrightReleaseQualificationTests.ReleaseQualificationCLITests/testPlanCommandIsCanonicalAndBounded
HostwrightReleaseQualificationTests.ReleaseQualificationCLITests/testPlanUsesDetectedExactCommitDirtyBoundaryForLicensePolicy
HostwrightReleaseQualificationTests.ReleaseQualificationCLITests/testPrivateLedgerStatusAndResumeAreExplicit
HostwrightReleaseQualificationTests.ReleaseQualificationCLITests/testSecretScanLanePreservesRealFailureAndCannotSatisfyGate
HostwrightReleaseQualificationTests.ReleaseQualificationCLITests/testVerifyAcceptsCommittedDependencyLicenseAndSecretLaneIDs
HostwrightReleaseQualificationTests.ReleaseQualificationCLITests/testVerifyAcceptsExactLocalDocumentationLane
HostwrightReleaseQualificationTests.ReleaseQualificationContractsTests/testCommittedMatrixIsClosedAndCanonical
HostwrightReleaseQualificationTests.ReleaseQualificationContractsTests/testFutureSchemaAndUnknownKeysFailClosed
HostwrightReleaseQualificationTests.ReleaseQualificationContractsTests/testLiveCellsRequireReleasedPhase08Ancestry
HostwrightReleaseQualificationTests.ReleaseQualificationContractsTests/testUncleanMockAndFixtureEvidenceCannotSatisfyAGate
HostwrightReleaseQualificationTests.ReleaseQualificationContractsTests/testUnsafeCommandArgumentsAndUnsupportedCellFailClosed
HostwrightReleaseQualificationTests.ReleaseQualificationContractsTests/testUnsupportedFutureAndNonAppleArchitectureAreBlocked
HostwrightReleaseQualificationTests.ReleaseQualificationEnvironmentTests/testDetectorBindsCleanSourceHostToolsAndFrameworkFacts
HostwrightReleaseQualificationTests.ReleaseQualificationEnvironmentTests/testDetectorCancellationStopsBeforeAnyProviderWork
HostwrightReleaseQualificationTests.ReleaseQualificationEnvironmentTests/testDetectorTreatsDiffAsDirtyEvenWhenStatusOutputIsEmpty
HostwrightReleaseQualificationTests.ReleaseQualificationEnvironmentTests/testMalformedToolOutputProducesUnavailableFactsRatherThanClaims
HostwrightReleaseQualificationTests.ReleaseQualificationEnvironmentTests/testQualificationSubprocessEnvironmentDisablesGitLazyFetch
HostwrightReleaseQualificationTests.ReleaseQualificationEnvironmentTests/testStandardInputRunnerConveniencePreservesNilAndExplicitBytes
HostwrightReleaseQualificationTests.ReleaseQualificationLedgerTests/testArtifactCleanupRemovesOnlyOwnedExactArtifacts
HostwrightReleaseQualificationTests.ReleaseQualificationLedgerTests/testArtifactSymlinkParentIsRejected
HostwrightReleaseQualificationTests.ReleaseQualificationLedgerTests/testEvidenceCompletionRejectsTamperAndStaleEnvironment
HostwrightReleaseQualificationTests.ReleaseQualificationLedgerTests/testReplayConflictRecoveryAndCancellation
HostwrightReleaseQualificationTests.ReleaseQualificationPerformanceReceiptTests/testLiveHardwareDecisionStillCannotPromoteWithoutExternalEvidence
HostwrightReleaseQualificationTests.ReleaseQualificationPerformanceReceiptTests/testReceiptRejectsMissingDuplicateAndUnknownDimensions
HostwrightReleaseQualificationTests.ReleaseQualificationPerformanceReceiptTests/testReceiptRejectsReleaseCommitAndMetricMismatches
HostwrightReleaseQualificationTests.ReleaseQualificationPerformanceReceiptTests/testReceiptRejectsUnknownMissingAndDuplicateKeys
HostwrightReleaseQualificationTests.ReleaseQualificationPerformanceReceiptTests/testSourceOnlyReceiptCannotClaimPromotionOrGateSatisfaction
HostwrightReleaseQualificationTests.ReleaseQualificationPerformanceReceiptTests/testStableMicrobenchmarkReceiptIsCanonicalAndAdvisoryOnly
HostwrightReleaseQualificationTests.ReleaseQualificationPerformanceTests/testCanonicalWireRoundTripAndUnknownFutureFieldsFailClosed
HostwrightReleaseQualificationTests.ReleaseQualificationPerformanceTests/testHigherIsBetterAndEvenSampleMediansAreExact
HostwrightReleaseQualificationTests.ReleaseQualificationPerformanceTests/testLiveHardwareThresholdIsStrictlyGreaterThanTenPercent
HostwrightReleaseQualificationTests.ReleaseQualificationPerformanceTests/testMicrobenchmarkThresholdIsStrictlyGreaterThanFivePercent
HostwrightReleaseQualificationTests.ReleaseQualificationPerformanceTests/testNonDivisibleRegressionsReportCeilingBasisPoints
HostwrightReleaseQualificationTests.ReleaseQualificationPerformanceTests/testReviewedTradeoffMustBindMeasuredBenefitCommitAndUpdatedBudget
HostwrightReleaseQualificationTests.ReleaseQualificationPerformanceTests/testSampleOrderingDoesNotChangeTheDecision
HostwrightReleaseQualificationTests.ReleaseQualificationPerformanceTests/testSeriesAndTradeoffValidationFailClosed
HostwrightReleaseQualificationTests.ReleaseQualificationRegistryTests/testCommittedLicensePolicyPassesWithExactDirectReceipts
HostwrightReleaseQualificationTests.ReleaseQualificationRegistryTests/testDefaultRegistryPlansReadyLocalLanesAndExplicitBlockers
HostwrightReleaseQualificationTests.ReleaseQualificationRegistryTests/testDependencyLockLaneBlocksWhenRequiredPackageManifestIsASymlink
HostwrightReleaseQualificationTests.ReleaseQualificationRegistryTests/testDependencyLockLaneIgnoresCanonicalTextInCommentAndRejectsRealFromCall
HostwrightReleaseQualificationTests.ReleaseQualificationRegistryTests/testDependencyLockLaneRejectsAdditionalDirectDependency
HostwrightReleaseQualificationTests.ReleaseQualificationRegistryTests/testDependencyLockLaneRejectsCrossPairedURLAndExactVersionText
HostwrightReleaseQualificationTests.ReleaseQualificationRegistryTests/testDependencyLockLaneRejectsCryptoRevisionDriftAndHTTP2Downgrade
HostwrightReleaseQualificationTests.ReleaseQualificationRegistryTests/testDependencyLockLaneTreatsOriginHashAsStructuralAndRequiresExactRevision
HostwrightReleaseQualificationTests.ReleaseQualificationRegistryTests/testDependencyLockLaneUsesExactCommitBlobsForPassFailureAndBlock
HostwrightReleaseQualificationTests.ReleaseQualificationRegistryTests/testDocumentationLaneExecutesImmutableCommitSnapshotAfterLiveSourceSwap
HostwrightReleaseQualificationTests.ReleaseQualificationRegistryTests/testDocumentationLaneFailsClosedWhenProviderScriptIsMissing
HostwrightReleaseQualificationTests.ReleaseQualificationRegistryTests/testDocumentationLanePlanBlocksWhenTrustedPythonIsUnavailable
HostwrightReleaseQualificationTests.ReleaseQualificationRegistryTests/testDocumentationLanePreservesFirstObservationWhenSecondCommandTimesOut
HostwrightReleaseQualificationTests.ReleaseQualificationRegistryTests/testDocumentationLaneRecordsOnlyBoundedCommandEvidence
HostwrightReleaseQualificationTests.ReleaseQualificationRegistryTests/testDocumentationLaneRejectsProviderSymlinkBeforeCommandExecution
HostwrightReleaseQualificationTests.ReleaseQualificationRegistryTests/testDocumentationLaneRejectsTamperedProviderBeforeCommandExecution
HostwrightReleaseQualificationTests.ReleaseQualificationRegistryTests/testLicensePolicyLaneBlocksMissingPolicyAndMissingDirectReceipt
HostwrightReleaseQualificationTests.ReleaseQualificationRegistryTests/testLicensePolicyLaneIgnoresOversizedUnselectedNotice
HostwrightReleaseQualificationTests.ReleaseQualificationRegistryTests/testLicensePolicyLanePassesOnlyExactCommittedReceiptsAndTexts
HostwrightReleaseQualificationTests.ReleaseQualificationRegistryTests/testLicensePolicyLaneRejectsCommittedSymlinkAndGitlinkLicenseTexts
HostwrightReleaseQualificationTests.ReleaseQualificationRegistryTests/testLicensePolicyLaneRejectsExtraReceiptAndDirectPinMismatch
HostwrightReleaseQualificationTests.ReleaseQualificationRegistryTests/testLicensePolicyLaneRejectsHashSizeAndTraversalWithoutTextLeakage
HostwrightReleaseQualificationTests.ReleaseQualificationRegistryTests/testLicensePolicyLaneRejectsMalformedUnknownSPDXDuplicateAndUnknownKeys
HostwrightReleaseQualificationTests.ReleaseQualificationRegistryTests/testLicensePolicyLaneStillRefusesOversizedSelectedInput
HostwrightReleaseQualificationTests.ReleaseQualificationRegistryTests/testLicensePolicyPlanBlocksExactCommitWithEmptyOrMissingReceipts
HostwrightReleaseQualificationTests.ReleaseQualificationRegistryTests/testLicensePolicyPlanBlocksFailedExactCommitIntegrityAsTampered
HostwrightReleaseQualificationTests.ReleaseQualificationRegistryTests/testLicensePolicyPlanMatchesExactCommittedReceiptsAndDirtyAuthority
HostwrightReleaseQualificationTests.ReleaseQualificationRegistryTests/testLicensePolicyPlanNeverPromotesMutableWorkingTreeFactsWithoutCommitAuthority
HostwrightReleaseQualificationTests.ReleaseQualificationRegistryTests/testLocalLaneRunnerExecutesExactlyFourCommittedSafeLocalProviders
HostwrightReleaseQualificationTests.ReleaseQualificationRegistryTests/testMissingOrTamperedSeededCorpusIsBlocked
HostwrightReleaseQualificationTests.ReleaseQualificationRegistryTests/testParserBoundaryHarnessAcceptsCanonicalAndRejectsUnknownData
HostwrightReleaseQualificationTests.ReleaseQualificationRegistryTests/testSafeChecksUseRealBoundedInputsAndAggregateDeterministically
HostwrightReleaseQualificationTests.ReleaseQualificationRegistryTests/testSafeLanesIgnoreValidatedUnrelatedSymlinkAndGitlinkEntries
HostwrightReleaseQualificationTests.ReleaseQualificationRegistryTests/testSecretScanLaneBlocksUnsupportedUTF32Input
HostwrightReleaseQualificationTests.ReleaseQualificationRegistryTests/testSecretScanLaneIgnoresConcurrentLivePathSwapAfterCommitBlobRead
HostwrightReleaseQualificationTests.ReleaseQualificationRegistryTests/testSecretScanLaneScansInvalidUTF8AndUTF16WithoutExposingCredentials
HostwrightReleaseQualificationTests.ReleaseQualificationRegistryTests/testSecretScanLaneUsesBoundedExactCommitBlobsForPassFailureAndBlock
HostwrightSchedulerTests.ResourceVectorTests/testArithmeticAndFitChecksUseAllNamedResources
HostwrightSchedulerTests.ResourceVectorTests/testArithmeticOverflowIsStable
HostwrightSchedulerTests.ResourceVectorTests/testCanonicalizesZeroValuesAndSortsResourceNames
HostwrightSchedulerTests.ResourceVectorTests/testCodableRoundTripUsesCanonicalObjectShape
HostwrightSchedulerTests.ResourceVectorTests/testRejectsInvalidAndNegativeValuesWithStableErrors
HostwrightManifestTests.RetentionManifestTests/testCompleteRetentionPolicyRoundTripsCanonically
HostwrightManifestTests.RetentionManifestTests/testMissingRetentionPolicyPreservesLegacyBehavior
HostwrightManifestTests.RetentionManifestTests/testRetentionRejectsMissingClassContradictoryBoundsAndUnsafeHold
HostwrightManifestTests.RetentionManifestTests/testRetentionRejectsUnknownFieldsAndDuplicateHoldIDs
HostwrightExtensionsTests.ReviewedLocalExtensionHostIntegrationTests/testDigestMismatchFailsBeforeExecutionAndStillCleansStaging
HostwrightExtensionsTests.ReviewedLocalExtensionHostIntegrationTests/testHostRejectsSymlinksAndUnsafeWriteModes
HostwrightExtensionsTests.ReviewedLocalExtensionHostIntegrationTests/testPolicyBlockerPreventsProcessLaunch
HostwrightExtensionsTests.ReviewedLocalExtensionHostIntegrationTests/testRealCompiledExtensionCompletesExactBoundHandshakeAndCleanup
HostwrightExtensionsTests.ReviewedLocalExtensionHostIntegrationTests/testRealProcessesFailClosedForTimeoutOverflowExitAndResponseViolations
HostwrightRuntimeTests.RuntimeCommandPolicyDNSTests/testPolicyAcceptsExactProjectDNSBinding
HostwrightRuntimeTests.RuntimeCommandPolicyDNSTests/testPolicyAcceptsSortedPrivateUnixSocketArguments
HostwrightRuntimeTests.RuntimeCommandPolicyDNSTests/testPolicyRejectsDNSOptionsWithoutProjectDNSLabels
HostwrightRuntimeTests.RuntimeCommandPolicyDNSTests/testPolicyRejectsDuplicateInvalidAndUnsortedServers
HostwrightRuntimeTests.RuntimeCommandPolicyDNSTests/testPolicyRejectsIncompleteProjectDNSLabels
HostwrightRuntimeTests.RuntimeCommandPolicyDNSTests/testPolicyRejectsInfrastructureCreateWithDNSOptions
HostwrightRuntimeTests.RuntimeCommandPolicyDNSTests/testPolicyRejectsProjectDNSLabelsWithoutResolution
HostwrightRuntimeTests.RuntimeCommandPolicyDNSTests/testPolicyRejectsUnixSocketOutsidePrivateRoot
HostwrightRuntimeTests.RuntimeCommandPolicyDNSTests/testPolicyRejectsWrongOrDuplicateSearchDomains
HostwrightRuntimeTests.RuntimeCreateSubsetPolicyTests/testAppleContainerCLIAcceptsCompleteExecutablePhase04Subset
HostwrightRuntimeTests.RuntimeCreateSubsetPolicyTests/testAppleContainerCLIAcceptsTmpfsWithoutUnsupportedMetadata
HostwrightRuntimeTests.RuntimeCreateSubsetPolicyTests/testAppleContainerCLIRejectsDeclaredLANExposureBeforeMutation
HostwrightRuntimeTests.RuntimeCreateSubsetPolicyTests/testAppleContainerCLIRejectsInvalidPlatformAndPortCombinations
HostwrightRuntimeTests.RuntimeCreateSubsetPolicyTests/testAppleContainerCLIRejectsSocketPathThatExceedsEffectiveGuestRelayLimit
HostwrightRuntimeTests.RuntimeCreateSubsetPolicyTests/testBothProvidersRequireCanonicalGuardedHostAccessBeforeMutation
HostwrightRuntimeTests.RuntimeCreateSubsetPolicyTests/testContainerizationAcceptsOnlyTypedHelperAndLifecycleFields
HostwrightRuntimeTests.RuntimeCreateSubsetPolicyTests/testContainerizationRejectsEveryUnsupportedPhase04FieldWithStableError
HostwrightRuntimeTests.RuntimeImageLifecycleTests/testCanonicalRequestAndPlanDigestAreDeterministic
HostwrightRuntimeTests.RuntimeImageLifecycleTests/testCapabilityContractRejectsMissingDuplicateAndContradictoryStatuses
HostwrightRuntimeTests.RuntimeImageLifecycleTests/testCapabilityContractSortsAllOperationsAndRequiresImplementedAvailable
HostwrightRuntimeTests.RuntimeImageLifecycleTests/testDigestLockBindsRequestedReferencePlatformAndProviderEvidence
HostwrightRuntimeTests.RuntimeImageLifecycleTests/testDigestLockRejectsAliasPlatformProviderAndCapabilityDrift
HostwrightRuntimeTests.RuntimeImageLifecycleTests/testEveryOperationHasOneStrictValidRequestShape
HostwrightRuntimeTests.RuntimeImageLifecycleTests/testIdentityDigestPlatformPathAndOutputBoundsFailClosed
HostwrightRuntimeTests.RuntimeImageLifecycleTests/testImageRecordNormalizesReferencesVariantsAndLayersDeterministically
HostwrightRuntimeTests.RuntimeImageLifecycleTests/testImageRecordReferenceAndVariantOrderingIsPermutationInvariant
HostwrightRuntimeTests.RuntimeImageLifecycleTests/testImageRecordRejectsDuplicateReferencesInvalidDigestAndNegativeSize
HostwrightRuntimeTests.RuntimeImageLifecycleTests/testImageRecordRejectsMissingDuplicateAndInvalidVariants
HostwrightRuntimeTests.RuntimeImageLifecycleTests/testImageReferenceCountLimitIsExact
HostwrightRuntimeTests.RuntimeImageLifecycleTests/testOneInputChangeChangesPlanDigest
HostwrightRuntimeTests.RuntimeImageLifecycleTests/testOperationSpecificFieldsFailClosed
HostwrightRuntimeTests.RuntimeImageLifecycleTests/testProgressPreservesExactIdentityAndEnforcesBounds
HostwrightRuntimeTests.RuntimeImageLifecycleTests/testReferencesRejectOptionsControlCharactersAndEmbeddedCredentials
HostwrightRuntimeTests.RuntimeImageLifecycleTests/testResultSortsImagesAndDeletedDigestsAndPreservesExactIdentity
HostwrightRuntimeTests.RuntimeImageLifecycleTests/testSourceReferenceCardinalityAndOrderingAreExact
HostwrightRuntimeTests.RuntimeImageLifecycleTests/testUnknownSecretAndForceLikeFieldsAreRejectedDuringDecode
HostwrightRuntimeTests.RuntimeInteractiveOperationsTests/testAppleContainerInvocationUsesExactStructuredCommands
HostwrightRuntimeTests.RuntimeInteractiveOperationsTests/testBinaryNDJSONFramesRoundTripAndEnforceChunkLimit
HostwrightRuntimeTests.RuntimeInteractiveOperationsTests/testCapabilityContractFailsBeforeProcessExecution
HostwrightRuntimeTests.RuntimeInteractiveOperationsTests/testCopyOutputValidatesPinnedTreeBeforeExclusivePromotion
HostwrightRuntimeTests.RuntimeInteractiveOperationsTests/testDescriptorConfinementRejectsTraversalAndSymlinkSwap
HostwrightRuntimeTests.RuntimeInteractiveOperationsTests/testExportNormalizationRejectsMalformedOrEscapingGuestRootLinks
HostwrightRuntimeTests.RuntimeInteractiveOperationsTests/testExportNormalizesGuestRootLinksWithoutChangingOtherTarBytes
HostwrightRuntimeTests.RuntimeInteractiveOperationsTests/testExportSynthesizesPAXWhenSafeRelativeLinkExceedsUstarField
HostwrightRuntimeTests.RuntimeInteractiveOperationsTests/testInputBackpressureTTYResizeAndSignalAllowlist
HostwrightRuntimeTests.RuntimeInteractiveOperationsTests/testInspectEmitsNormalizedHostwrightEnvelopeFromProductionAppleJSON
HostwrightRuntimeTests.RuntimeInteractiveOperationsTests/testInvalidIdentifiersArgumentsAndContainerTraversalFailBeforeLaunch
HostwrightRuntimeTests.RuntimeInteractiveOperationsTests/testLargeStructuredOutputReservesEverySequenceExactlyOnce
HostwrightRuntimeTests.RuntimeInteractiveOperationsTests/testPAXExtendedHeadersRejectMalformedUnsafeAndUnsupportedRecords
HostwrightRuntimeTests.RuntimeInteractiveOperationsTests/testPinnedFileStagingCrossesChildProcessBoundaryForCopyInAndExport
HostwrightRuntimeTests.RuntimeInteractiveOperationsTests/testPOSIXRunnerCancellationReapsProcessGroup
HostwrightRuntimeTests.RuntimeInteractiveOperationsTests/testPOSIXRunnerStreamsBinaryInputAndClosesStdin
HostwrightRuntimeTests.RuntimeInteractiveOperationsTests/testProviderContractsAdvertiseOnlyRestartSafeOperations
HostwrightRuntimeTests.RuntimeInteractiveOperationsTests/testSlowOutputSinkCannotBlockTimeoutAndProcessCleanupDecision
HostwrightRuntimeTests.RuntimeInteractiveOperationsTests/testStatsEmitsNormalizedHostwrightEnvelopeFromProductionAppleJSON
HostwrightRuntimeTests.RuntimeInteractiveOperationsTests/testStreamConsumerReadinessOwnsQueueBoundaryBeforeProducerStarts
HostwrightRuntimeTests.RuntimeInteractiveOperationsTests/testStreamQueueAppliesOneMiBBackpressureUntilConsumerDrains
HostwrightRuntimeTests.RuntimeInteractiveOperationsTests/testStructuredReaderRejectsMismatchedNormalizedIdentity
HostwrightRuntimeTests.RuntimeInteractiveOperationsTests/testTarSafetyRejectsInvalidChecksumsAndTerminators
HostwrightRuntimeTests.RuntimeInteractiveOperationsTests/testTarSafetyRejectsTraversalEscapingLinksAndSpecialEntries
HostwrightRuntimeTests.RuntimeInventoryTests/testBuilderIsIncompleteAndAuthorityIsAHashBoundMaterialBit
HostwrightRuntimeTests.RuntimeInventoryTests/testCompleteInventoryIsTypedSortedAndSemanticallyRepeatable
HostwrightRuntimeTests.RuntimeInventoryTests/testContainerDecodesOlderInventoryWithoutPublishedSockets
HostwrightRuntimeTests.RuntimeInventoryTests/testInitArgumentsAllowMultilineObservedCommandText
HostwrightRuntimeTests.RuntimeInventoryTests/testInitArgumentsStillRejectUnsafeControlCharacters
HostwrightRuntimeTests.RuntimeInventoryTests/testInventoryBuildHonorsCancellationWithoutPartialResult
HostwrightRuntimeTests.RuntimeInventoryTests/testInventoryRedactsLabelsInitConfigurationMountsAndReferences
HostwrightRuntimeTests.RuntimeInventoryTests/testLargeInventoryHonorsExactCollectionBoundary
HostwrightRuntimeTests.RuntimeInventoryTests/testMalformedHealthPortsAllocationsAndImagesFailClosed
HostwrightRuntimeTests.RuntimeInventoryTests/testManagedLabelsNeverCreateOwnershipWithoutUUIDEvidence
HostwrightRuntimeTests.RuntimeInventoryTests/testRequiredMachineServiceLossMustBeReportedAsDegradedOrUnavailable
HostwrightRuntimeTests.RuntimeInventoryTests/testRuntimeNamesMayCollideButRuntimeIDsMayNot
HostwrightRuntimeTests.RuntimeInventoryTests/testSemanticDigestExcludesVolatileUsageWhileRetainingSamples
HostwrightRuntimeTests.RuntimeInventoryTests/testSemanticDigestIsIndependentOfDiagnosticRedactionPolicy
HostwrightRuntimeTests.RuntimeNetworkProviderTests/testAppleAdapterDeleteAcceptsExactPriorOwnershipWithFreshOperationFenceAndRejectsMismatch
HostwrightRuntimeTests.RuntimeNetworkProviderTests/testAppleAdapterRejectsMutableAttachAndDetachWithoutExecuting
HostwrightRuntimeTests.RuntimeNetworkProviderTests/testAppleAdapterVerifiesCreateInspectAndDeleteThroughStructuredObservation
HostwrightRuntimeTests.RuntimeNetworkProviderTests/testAppleCommandBuildsOwnedDualStackNetworkAndRejectsDisabledIPv6
HostwrightRuntimeTests.RuntimeNetworkProviderTests/testAppleContainerCreateCarriesExactCreateTimeNetworkAttachment
HostwrightRuntimeTests.RuntimeNetworkProviderTests/testAttachmentRequestDecodeRejectsMismatchedNetworkIdentity
HostwrightRuntimeTests.RuntimeNetworkProviderTests/testDesiredNetworkUsesSharedUUIDAndRuntimeNameAuthority
HostwrightRuntimeTests.RuntimeNetworkProviderTests/testNetworkCapabilitiesAreExactAndTruthful
HostwrightRuntimeTests.RuntimeProjectDNSTests/testAbsentDNSLabelsProduceNoRequirement
HostwrightRuntimeTests.RuntimeProjectDNSTests/testPartialWrongKindAndWrongZoneRequirementsFailClosed
HostwrightRuntimeTests.RuntimeProjectDNSTests/testRequirementRejectsValidButNonDerivedDNSResourceUUID
HostwrightRuntimeTests.RuntimeProjectDNSTests/testRequirementRoundTripsExactWorkloadAndInfrastructureLabels
HostwrightRuntimeTests.RuntimeProjectDNSTests/testWorkloadAndInfrastructureLabelsUseExactProjectIdentity
HostwrightRuntimeTests.RuntimeProviderCapabilityProbeTests/testAppleProbeRunsOnlyExactResolvedReadOnlyCommands
HostwrightRuntimeTests.RuntimeProviderCapabilityProbeTests/testCancellationPropagatesWithoutProducingCapabilityEvidence
HostwrightRuntimeTests.RuntimeProviderCapabilityProbeTests/testHelperProbeRequiresAuthenticatedExactHandshakeAndNeverInfersAvailability
HostwrightRuntimeTests.RuntimeProviderCapabilityProbeTests/testMissingExecutableAndAPIServiceFailClosedWithoutPartialSnapshot
HostwrightRuntimeTests.RuntimeProviderCapabilityProbeTests/testMixedCLIAndAPIServiceIdentityFailsClosed
HostwrightRuntimeTests.RuntimeProviderCapabilityProbeTests/testSemanticHostOrComponentChangeProducesFreshDigestAndRejectsStaleHandshake
HostwrightRuntimeTests.RuntimeProviderCapabilityProbeTests/testSupportedAppleCLIMinorsAdvertiseOnlyImplementedLiveQualificationFeatures
HostwrightRuntimeTests.RuntimeProviderCapabilityProbeTests/testSupportedAppleCLIProbeIsCanonicalRepeatableAndComplete
HostwrightRuntimeTests.RuntimeProviderCapabilityProbeTests/testUnsupportedMacOSVersionAndArchitectureFailClosed
HostwrightRuntimeTests.RuntimeProviderConformanceTests/testCaseIdentityCategoryAndSubjectErrorsRejectMappedCapabilities
HostwrightRuntimeTests.RuntimeProviderConformanceTests/testDuplicateUnknownAndUnmappedAdvertisementsFailClosed
HostwrightRuntimeTests.RuntimeProviderConformanceTests/testEmptyAdvertisementCannotPassVacuously
HostwrightRuntimeTests.RuntimeProviderConformanceTests/testExecutableScriptedSubjectPassesCompleteSuiteAndCleansExactly
HostwrightRuntimeTests.RuntimeProviderConformanceTests/testFailedCasesRejectOnlyCapabilitiesMappedToThoseCases
HostwrightRuntimeTests.RuntimeProviderConformanceTests/testInvalidSubjectIdentityFailsNegotiationBeforeCapabilityQualification
HostwrightRuntimeTests.RuntimeProviderConformanceTests/testMatrixFailsClosedForMissingDuplicateUnexpectedAndFixtureOnlyEvidence
HostwrightRuntimeTests.RuntimeProviderConformanceTests/testMatrixRequiresEveryExactSubjectAndLiveEvidenceBeforeQualification
HostwrightRuntimeTests.RuntimeProviderConformanceTests/testReportOrderingIsDeterministicAcrossAdvertisementOrder
HostwrightRuntimeTests.RuntimeProviderConformanceTests/testRetryAndRecoveryMismatchesFailClosed
HostwrightRuntimeTests.RuntimeProviderContractTests/testCapabilityContractUsesStableProviderComponentFeatureStateAndReasonIdentifiers
HostwrightRuntimeTests.RuntimeProviderContractTests/testCapabilitySnapshotAndDigestAreCanonicalAndCaptureTimeFree
HostwrightRuntimeTests.RuntimeProviderContractTests/testCapabilityValidationCoversProviderMacOSBuildAndArchitectureBoundaries
HostwrightRuntimeTests.RuntimeProviderContractTests/testCheckedInCapabilityGoldenIsExactCanonicalV2AndNegotiates
HostwrightRuntimeTests.RuntimeProviderContractTests/testCheckedInRuntimeProviderMetadataGoldenDecodesThroughProductionContract
HostwrightRuntimeTests.RuntimeProviderContractTests/testComponentIdentityRejectsMixedAndUnsupportedVersionsAndMalformedEvidence
HostwrightRuntimeTests.RuntimeProviderContractTests/testComponentSetsFailClosedOnDuplicateMissingMixedAndUnknownEvidence
HostwrightRuntimeTests.RuntimeProviderContractTests/testContainerizationProviderRequiresHelperProtocolV1AndFramework0350
HostwrightRuntimeTests.RuntimeProviderContractTests/testMixedFeatureStatesAggregateDeterministically
HostwrightRuntimeTests.RuntimeProviderContractTests/testMutationCompatibilityRejectsMissingMutationAuthorizationAndCapability
HostwrightRuntimeTests.RuntimeProviderContractTests/testMutationCompatibilityRejectsOtherProviderAPIVersions
HostwrightRuntimeTests.RuntimeProviderContractTests/testMutationContextRequiresProviderDigestUUIDAndGenerationBindings
HostwrightRuntimeTests.RuntimeProviderContractTests/testRuntimeMetadataAdvertisesProviderAPIV2
HostwrightRuntimeTests.RuntimeProviderContractTests/testUnknownMissingDuplicateAndInvalidFeatureDeclarationsFailClosed
HostwrightStateTests.RuntimeProviderMetadataEvidenceStateTests/testLatestSchemaSnapshotPersistsCapabilitiesAsStringArrayWithReservedEvidenceSuffix
HostwrightStateTests.RuntimeProviderMetadataEvidenceStateTests/testLatestSnapshotFiltersMixedHistoryByStableProviderIdentity
HostwrightStateTests.RuntimeProviderMetadataEvidenceStateTests/testLegacySnapshotWithoutReservedMarkersDefaultsToRevisionOne
HostwrightRuntimeTests.RuntimeProviderMetadataEvidenceTests/testCanonicalEvidenceAppendsBoundedReservedSuffixWithoutChangingCapabilities
HostwrightRuntimeTests.RuntimeProviderMetadataEvidenceTests/testDuplicateIncompleteAndMalformedReservedEvidenceIsRejected
HostwrightRuntimeTests.RuntimeProviderMetadataEvidenceTests/testEvidenceParsingIsBoundedAndErrorsNeverContainInput
HostwrightRuntimeTests.RuntimeProviderMetadataEvidenceTests/testLegacyStringArrayDefaultsToRevisionOneWithoutExposingEntries
HostwrightCLITests.RuntimeProviderMigrationCLITests/testConfirmRefusesStaleTokenAfterDurableOwnershipFenceChanges
HostwrightCLITests.RuntimeProviderMigrationCLITests/testDryRunThenConfirmTransfersBindingAndRetiresOnlyTheExactSource
HostwrightStateTests.RuntimeProviderMigrationStateTests/testCommitAtomicallyAdvancesBindingAndTransfersUUIDOwnership
HostwrightStateTests.RuntimeProviderMigrationStateTests/testCommitRefusesStaleSourceAndTargetCollisionWithoutPartialState
HostwrightRuntimeTests.RuntimeProviderMigrationTests/testCancellationCompensatesAndConfirmationMismatchNeverMutates
HostwrightRuntimeTests.RuntimeProviderMigrationTests/testCompensationRefusesTargetWhoseOwnershipWasReplaced
HostwrightRuntimeTests.RuntimeProviderMigrationTests/testConcurrentMigrationLosesFenceBeforeAnySecondMutation
HostwrightRuntimeTests.RuntimeProviderMigrationTests/testDecodedPlanTamperingInvalidatesConfirmationBeforeJournalOrRuntimeMutation
HostwrightRuntimeTests.RuntimeProviderMigrationTests/testDryRunDoesNotRequireTargetNetworksForAppleRuntimeDefaultAttachment
HostwrightRuntimeTests.RuntimeProviderMigrationTests/testDryRunIsDeterministicAndContainsExactEffectsAndRollback
HostwrightRuntimeTests.RuntimeProviderMigrationTests/testDryRunRejectsActiveWorkStaleCapabilitiesOwnershipCollisionAndMissingImages
HostwrightRuntimeTests.RuntimeProviderMigrationTests/testDryRunRejectsUnsupportedTargetCreateSubsetBeforeJournalOrRuntimeMutation
HostwrightRuntimeTests.RuntimeProviderMigrationTests/testEveryDurableCheckpointResumesWithoutDuplicateOrLostIdentity
HostwrightRuntimeTests.RuntimeProviderMigrationTests/testExecuteAcceptsUsageOnlyObservationChangeAndStillRejectsLifecycleDrift
HostwrightRuntimeTests.RuntimeProviderMigrationTests/testFenceLossBeforeFirstMutationIsNotMisreportedAsCompensationFailure
HostwrightRuntimeTests.RuntimeProviderMigrationTests/testMigrationQuiescesCreatesVerifiesRestoresAndAtomicallyCommitsBinding
HostwrightRuntimeTests.RuntimeProviderMigrationTests/testResumeFromTargetCreatedDoesNotDuplicateEffects
HostwrightRuntimeTests.RuntimeProviderMigrationTests/testTargetFailureRemovesOnlyVerifiedTargetAndRestoresSource
HostwrightRuntimeTests.RuntimeProviderOutcomeTests/testBoundsRemainExactAtMultibyteUTF8Boundary
HostwrightRuntimeTests.RuntimeProviderOutcomeTests/testDiagnosticAndGuidanceAreBounded
HostwrightRuntimeTests.RuntimeProviderOutcomeTests/testEveryStableFailureCategoryHasDeterministicGuidanceAndAuditShape
HostwrightRuntimeTests.RuntimeProviderOutcomeTests/testProviderSpecificErrorsNormalizeWithoutLeakingSecrets
HostwrightCLITests.RuntimeProviderRecoverySelectionCLITests/testChangedDigestRequiresFreshStructuredReobservation
HostwrightCLITests.RuntimeProviderRecoverySelectionCLITests/testDuplicatePersistedReservedEvidenceIsRejectedWithoutExposingState
HostwrightCLITests.RuntimeProviderRecoverySelectionCLITests/testH1EvidenceIsNotRewrittenUntilFreshObservationIsPersisted
HostwrightCLITests.RuntimeProviderRecoverySelectionCLITests/testLegacyEvidenceRequiresFreshStructuredReobservation
HostwrightCLITests.RuntimeProviderRecoverySelectionCLITests/testNewerPersistedRevisionRefusesDowngradeBeforeReturningAdapter
HostwrightCLITests.RuntimeProviderRecoverySelectionCLITests/testProductionContainerizationAdapterNameSelectsLatestAndRefusesNewerRevision
HostwrightCLITests.RuntimeProviderRecoverySelectionCLITests/testStableLatestSameProviderEvidenceResumesAcrossMixedHistory
HostwrightRuntimeTests.RuntimeProviderRecoveryTests/testCLI10To11InvalidatesCapabilitiesAndReobservesBeforeResume
HostwrightRuntimeTests.RuntimeProviderRecoveryTests/testFingerprintOnlyDriftInvalidatesCapabilitiesBeforeResume
HostwrightRuntimeTests.RuntimeProviderRecoveryTests/testFutureHelperProtocolRefusesWithoutAdvancingMetadata
HostwrightRuntimeTests.RuntimeProviderRecoveryTests/testHelperH1ToH2UpgradeAdvancesMetadataOnlyAfterReobservationIsPersisted
HostwrightRuntimeTests.RuntimeProviderRecoveryTests/testLegacyBindingsMigrateDeterministicallyWithoutChangingGeneration
HostwrightRuntimeTests.RuntimeProviderRecoveryTests/testMacOSAndFrameworkChangesHaveStableSortedEvidence
HostwrightRuntimeTests.RuntimeProviderRecoveryTests/testMixedCLIAndAPIServiceVersionsRefuseRecovery
HostwrightRuntimeTests.RuntimeProviderRecoveryTests/testSchemaV7AndPositiveGenerationAreRequired
HostwrightRuntimeTests.RuntimeProviderRecoveryTests/testStaleH1HelperRollbackIsAllowedOnlyBeforeIncompatibleMetadataAdvances
HostwrightRuntimeTests.RuntimeProviderRecoveryTests/testUnchangedH1FingerprintAdvancesOnlyWithMatchingFreshPersistedEvidence
HostwrightRuntimeTests.RuntimeProviderRecoveryTests/testUnchangedH1FingerprintPlainResumeDoesNotAdvanceMetadata
HostwrightRuntimeTests.RuntimeProviderSelectionTests/testAutoPrefersCLIAndFallsBackOnlyToFullyCapableHelper
HostwrightRuntimeTests.RuntimeProviderSelectionTests/testBoundProviderRefusesPersistedMetadataFromNewerHostwright
HostwrightRuntimeTests.RuntimeProviderSelectionTests/testBoundProviderStableChangedAndLegacyEvidenceSetReobservationRequirement
HostwrightRuntimeTests.RuntimeProviderSelectionTests/testExistingBindingWinsAndExplicitSwitchRequiresMigration
HostwrightRuntimeTests.RuntimeProviderSelectionTests/testStaleCapabilityIsRejectedDeterministically
HostwrightRuntimeTests.RuntimeProviderSelectionTests/testUnknownLegacyBindingAndDuplicateSnapshotsFailClosed
HostwrightCLITests.RuntimeProvidersCommandTests/testHelpDocumentsReadOnlyRuntimeProviderDiscovery
HostwrightCLITests.RuntimeProvidersCommandTests/testJSONDiscoveryIsDeterministicAndPrefersCompatibleCLI
HostwrightCLITests.RuntimeProvidersCommandTests/testParserAcceptsOnlyRuntimeProvidersAndOptionalJSON
HostwrightCLITests.RuntimeProvidersCommandTests/testParserRequiresAnExplicitMigrationModeAndTargetProvider
HostwrightCLITests.RuntimeProvidersCommandTests/testSDKClientLifetimeDoesNotCacheFailedConfiguration
HostwrightCLITests.RuntimeProvidersCommandTests/testSDKClientLifetimeRetainsOneClientAcrossTemporaryAdaptersAndNetworkUse
HostwrightCLITests.RuntimeProvidersCommandTests/testTextDiscoveryReportsDigestStateAndSelectionReason
HostwrightCLITests.RuntimeProvidersCommandTests/testUnavailableAndInvalidProbeEvidenceFailsClosedWithStableReasons
HostwrightRuntimeConformanceToolTests.RuntimeQualificationCommandTests/testDanglingSymlinkOutputAndSymlinkParentAreRefusedFailClosed
HostwrightRuntimeConformanceToolTests.RuntimeQualificationCommandTests/testExistingOutputIsRefusedWithoutOverwriteOrQualification
HostwrightRuntimeConformanceToolTests.RuntimeQualificationCommandTests/testInvalidCommandProducesNoPassingReport
HostwrightRuntimeConformanceToolTests.RuntimeQualificationCommandTests/testParserAcceptsLockedMigrationAndProviderSpecificRecovery
HostwrightRuntimeConformanceToolTests.RuntimeQualificationCommandTests/testParserAcceptsOnlyLockedProviderVersionPairs
HostwrightRuntimeConformanceToolTests.RuntimeQualificationCommandTests/testParserRefusesGroupWritablePriorHelper
HostwrightRuntimeConformanceToolTests.RuntimeQualificationCommandTests/testParserRejectsUnsupportedOrAmbiguousQualificationRequests
HostwrightRuntimeConformanceToolTests.RuntimeQualificationCommandTests/testVersionIsExactSingleLineAndDoesNotInvokeQualification
HostwrightRuntimeConformanceToolTests.RuntimeQualificationEvidenceTests/testCommandRecorderFailsClosedForSensitiveArguments
HostwrightRuntimeConformanceToolTests.RuntimeQualificationEvidenceTests/testCommandRecorderNormalizesBasenamesAndDeduplicates
HostwrightRuntimeConformanceToolTests.RuntimeQualificationEvidenceTests/testEvidenceWriterCreates0600AtomicJSONWithTrailingNewline
HostwrightRuntimeConformanceToolTests.RuntimeQualificationMigrationDriverTests/testEvidenceRoundTripsWithoutLosingGateResults
HostwrightRuntimeConformanceToolTests.RuntimeQualificationMigrationDriverTests/testSpecificationAcceptsOnlyLockedCrossProviderDirections
HostwrightRuntimeConformanceToolTests.RuntimeQualificationMigrationDriverTests/testStableInventoryDigestIgnoresUsageButTracksLifecycleAndOwnership
HostwrightRuntimeConformanceToolTests.RuntimeQualificationMigrationDriverTests/testStateFoundationRefusesCleanupAfterOwnershipMarkerTampering
HostwrightRuntimeConformanceToolTests.RuntimeQualificationMigrationDriverTests/testStateFoundationUsesSchemaV7ExactUUIDOwnershipAndExactCleanup
HostwrightRuntimeConformanceToolTests.RuntimeQualificationMigrationReportTests/testComposerProducesExactHarnessSchemaFromValidatedDriverEvidence
HostwrightRuntimeConformanceToolTests.RuntimeQualificationMigrationReportTests/testComposerRejectsAnyUnverifiedDriverGate
HostwrightRuntimeConformanceToolTests.RuntimeQualificationMigrationReportTests/testComposerRejectsMismatchedImageAndUnsafeCommandShape
HostwrightRuntimeConformanceToolTests.RuntimeQualificationProcessControlTests/testCrashProbeTerminatesTheObservedDescendantTree
HostwrightRuntimeConformanceToolTests.RuntimeQualificationProcessControlTests/testFinalShutdownRequiresSocketPathToBeAbsent
HostwrightRuntimeConformanceToolTests.RuntimeQualificationProcessControlTests/testHelperUsesProductionTimeoutAndBoundedInjectedDeadline
HostwrightRuntimeConformanceToolTests.RuntimeQualificationProcessControlTests/testPartialEffectControllerFailsOnlyOnceAfterBeingArmed
HostwrightRuntimeConformanceToolTests.RuntimeQualificationRecoveryDriverTests/testFreshWorkerResumesDurableSchemaV7Checkpoint
HostwrightRuntimeConformanceToolTests.RuntimeQualificationRecoveryDriverTests/testHelperSignatureVerifierRejectsUnsignedAndWrongSignerExecutables
HostwrightRuntimeConformanceToolTests.RuntimeQualificationRecoveryDriverTests/testHelperSignatureVerifierRequiresExactProductionIdentity
HostwrightRuntimeConformanceToolTests.RuntimeQualificationRecoveryDriverTests/testInstalledHelperTransitionRefusesConcurrentFixedSlotUse
HostwrightRuntimeConformanceToolTests.RuntimeQualificationRecoveryDriverTests/testInstalledHelperTransitionRejectsTamperedStagingBeforeSwap
HostwrightRuntimeConformanceToolTests.RuntimeQualificationRecoveryDriverTests/testInstalledHelperTransitionRestoresAfterInterruptedPriorSlot
HostwrightRuntimeConformanceToolTests.RuntimeQualificationRecoveryDriverTests/testInstalledHelperTransitionUsesOneFixedSlotAndExactCleans
HostwrightRuntimeConformanceToolTests.RuntimeQualificationRecoveryDriverTests/testSpecificationAcceptsOnlyLockedProviderScenarioPairs
HostwrightRuntimeConformanceToolTests.RuntimeQualificationRecoveryDriverTests/testUnmanagedDigestExcludesMachineMetadataDrift
HostwrightRuntimeConformanceToolTests.RuntimeQualificationRecoveryDriverTests/testWorkerRejectsUnsafeOrIncompleteInvocationWithoutWriting
HostwrightRuntimeConformanceToolTests.RuntimeQualificationRecoveryDriverTests/testWriterIsKilledAndFreshExecutableResumesItsDurableCheckpoint
HostwrightRuntimeConformanceToolTests.RuntimeQualificationRecoveryReportTests/testDowngradeRefusalAllowsMetadataOnlyCapabilityInvalidation
HostwrightRuntimeConformanceToolTests.RuntimeQualificationRecoveryReportTests/testPassedReportMatchesStrictRecoveryEnvelope
HostwrightRuntimeConformanceToolTests.RuntimeQualificationRecoveryReportTests/testReportAcceptsEveryLockedRecoveryScenarioShape
HostwrightRuntimeConformanceToolTests.RuntimeQualificationRecoveryReportTests/testReportRefusesChangedInventoryOrMissingCommands
HostwrightRuntimeConformanceToolTests.RuntimeQualificationRecoveryReportTests/testReportRefusesCleanupDriftAndScenarioSpecificFalsePositive
HostwrightRuntimeConformanceToolTests.RuntimeQualificationRecoveryReportTests/testStaleHelperRequiresRealDistinctSignedTransitionAndRollbackRefusal
HostwrightRuntimeConformanceToolTests.RuntimeQualificationSDKSeederTests/testParserRequiresExactInputBindingsAndRejectsDuplicateUnknownOrRelativePaths
HostwrightRuntimeConformanceToolTests.RuntimeQualificationSDKSeederTests/testSecureInputRejectsSymlinksAndNonPrivateConfiguration
HostwrightRuntimeConformanceToolTests.RuntimeQualificationSDKSeederTests/testSeedScopeRejectsOverlapInEitherDirection
HostwrightRuntimeConformanceToolTests.RuntimeQualificationSDKSeederTests/testSignedPgrepAbsenceRequiresExactNoMatchResult
HostwrightRuntimeTests.RuntimeRevisionIdentityTests/testCreateCommandBindsScopedRevisionNameAndLabels
HostwrightRuntimeTests.RuntimeRevisionIdentityTests/testScopedRevisionIdentifierRejectsOtherProjectOrService
HostwrightRuntimeTests.RuntimeRevisionIdentityTests/testScopedRevisionIdentifierRetainsLogicalIdentityAndExactOwnership
HostwrightRuntimeTests.RuntimeUnixSocketPublicationSecurityTests/testCancellationBeforeRuntimeEffectRemovesOnlyOwnedMarker
HostwrightRuntimeTests.RuntimeUnixSocketPublicationSecurityTests/testDeleteRefusesAReplacedSocketInode
HostwrightRuntimeTests.RuntimeUnixSocketPublicationSecurityTests/testOwnedSocketLifecycleBindsInodeAppliesModeAndCleansExactly
HostwrightRuntimeTests.RuntimeUnixSocketPublicationSecurityTests/testPrepareRecoversOnlyExactOwnedInactiveSocket
HostwrightRuntimeTests.RuntimeUnixSocketPublicationSecurityTests/testPrepareRefusesSymlinkAndDuplicateHostPaths
HostwrightRuntimeTests.RuntimeUnixSocketPublicationSecurityTests/testPrepareRefusesUnmanagedSocketWithoutCreatingOwnershipMetadata
HostwrightStateTests.SQLiteHardeningTests/testApplicationIdentityClaimsLegacyStateAndRejectsForeignStateBeforeMutation
HostwrightStateTests.SQLiteHardeningTests/testAuthoritativeAndPortableProfilesEnforceRealSQLitePolicy
HostwrightStateTests.SQLiteHardeningTests/testCancellationAndStoragePressureRollBackAndLeaveConnectionUsable
HostwrightStateTests.SQLiteHardeningTests/testConcurrentSymlinkSwapsNeverRedirectSQLiteAccess
HostwrightStateTests.SQLiteHardeningTests/testFinalSymlinksAndUnsafeSQLiteSidecarsAreRejectedWithoutMutatingTargets
HostwrightStateTests.SQLiteHardeningTests/testFutureDeleteModeSchemaIsRefusedBeforeAnyPersistentWriteConfiguration
HostwrightStateTests.SQLiteHardeningTests/testManagedTransactionsRejectNestedAndEmbeddedControlWithoutCommitting
HostwrightStateTests.SQLiteHardeningTests/testRealProcessKillDiscardsUncommittedWALAndPreservesCommittedWAL
HostwrightStateTests.SQLiteHardeningTests/testWriterFenceSerializesWritersWhileAllowingReaders
HostwrightStateTests.SchedulerAdmissionPreemptionStateTests/testApplyPressureGenerationCASFailsClosedAndAllowsOnlyNominalOrElevated
HostwrightStateTests.SchedulerAdmissionPreemptionStateTests/testApplyReloadsArtifactAndCreatesOnlyPendingReservation
HostwrightStateTests.SchedulerAdmissionPreemptionStateTests/testAuthorityRecordsRoundTripWithStableDigests
HostwrightStateTests.SchedulerAdmissionPreemptionStateTests/testDecisionArtifactIsIndependentFromReservationsAndReplayKeepsFirstTimestamps
HostwrightStateTests.SchedulerAdmissionPreemptionStateTests/testFenceReleaseRoundTripUsesReservationLineageAndExactEvidenceTimes
HostwrightStateTests.SchedulerAdmissionPreemptionStateTests/testProjectResolverAndProjectScopedArtifactLookupAreExplicit
HostwrightStateTests.SchedulerAdmissionPreemptionStateTests/testRepositoryAuthorityApisAreAvailableAfterTheV22AuthorityAppend
HostwrightStateTests.SchedulerAdmissionRepositoryTests/testAdmissionRejectsStaleInputDuplicateWorkloadCapacityAndEpoch
HostwrightStateTests.SchedulerAdmissionRepositoryTests/testAtomicPlacementsRollBackTheWholeBatchAndFenceOnStaleSibling
HostwrightStateTests.SchedulerAdmissionRepositoryTests/testCodableDecodingRejectsInvalidSchedulerAdmissionInputs
HostwrightStateTests.SchedulerAdmissionRepositoryTests/testCodableDecodingRejectsInvalidStoredProofLineage
HostwrightStateTests.SchedulerAdmissionRepositoryTests/testConcurrentVMChargedReservationsCannotBothConsumeOneVMBudget
HostwrightStateTests.SchedulerAdmissionRepositoryTests/testHistoricalCapacityReplayIsAllowedButNewAdmissionRequiresLatestGeneration
HostwrightStateTests.SchedulerAdmissionRepositoryTests/testRecoveryEpochBumpRejectsOldMutationsAndRequiresSameLineageProof
HostwrightStateTests.SchedulerAdmissionRepositoryTests/testReleaseAcceptsLaterCurrentEpochForSameReservationLineage
HostwrightStateTests.SchedulerAdmissionRepositoryTests/testReservationHistoryPagesOneLineageAndValidatesLaterRows
HostwrightStateTests.SchedulerAdmissionRepositoryTests/testReservationsOnSameNodeCommitAndReleaseWithIndependentTokens
HostwrightStateTests.SchedulerAdmissionRepositoryTests/testReserveBindsCanonicalSnapshotAndReplaySurvivesSiblingReservation
HostwrightStateTests.SchedulerAdmissionRepositoryTests/testSchemaRejectsReleaseProofOlderThanFenceEpoch
HostwrightStateTests.SchedulerAdmissionRepositoryTests/testSiblingTokenCannotMutateAnotherReservationLineage
HostwrightStateTests.SchedulerAdmissionRepositoryTests/testStableKeysUseStructuredTokensAndCanonicalInterpolation
HostwrightStateTests.SchedulerAdmissionRepositoryTests/testVerifiedRuntimeAbsenceIsAnExplicitReleaseProof
HostwrightStateTests.SchedulerAdmissionRepositoryTests/testVMChargedReservationsRemainChargedThroughCommitAndCancellation
HostwrightReconcilerTests.SchedulerAuthorityBoundaryTests/testMapOnlyAdmissionCannotAuthorizeReconciliationMutation
HostwrightCLITests.SchedulerCLICommandTests/testDirectCLIExecutionFailsClosedWithoutAControlTransport
HostwrightCLITests.SchedulerCLICommandTests/testSchedulerActionsRequireOneStrictRequestSource
HostwrightCLITests.SchedulerCLICommandTests/testSchedulerParserRejectsMissingOrAmbiguousInputAndOutput
HostwrightCommandTransportTests.SchedulerCLIParityTests/testAllSchedulerRoutesUsePersistentUnaryControlOperations
HostwrightCommandTransportTests.SchedulerCLIParityTests/testApplyReadsStandardInputUsesCurrentRevisionAndIsMutating
HostwrightCommandTransportTests.SchedulerCLIParityTests/testDuplicateAndOversizedInputFailBeforePersistentDispatch
HostwrightCommandTransportTests.SchedulerCLIParityTests/testMalformedUnknownAndWrongShapeBodiesFailBeforePersistentDispatch
HostwrightCommandTransportTests.SchedulerCLIParityTests/testPlanRequestUsesCurrentRevisionAndCanonicalJSONOutput
HostwrightCommandTransportTests.SchedulerCLIParityTests/testPreviousRevisionIsRejectedForSchedulerOperations
HostwrightCommandTransportTests.SchedulerCLIParityTests/testReleaseUsesTheExactApplyReferenceAndIsMutating
HostwrightCommandTransportTests.SchedulerCLIParityTests/testStatusAndExplainForwardStrictDecisionReferences
HostwrightCommandTransportTests.SchedulerCLIParityTests/testUnavailableApplyResponseFailsClosedWithoutLocalFallback
HostwrightSchedulerTests.SchedulerContractsTests/testInvalidAffinityAndTolerationAreStable
HostwrightSchedulerTests.SchedulerContractsTests/testNodeResourceSnapshotDerivesAvailableCapacity
HostwrightSchedulerTests.SchedulerContractsTests/testNodeSnapshotCodableRoundTripPreservesDerivedAvailability
HostwrightSchedulerTests.SchedulerContractsTests/testPlacementRequirementsCanonicalizeCapabilitiesArchitecturesAndAffinity
HostwrightSchedulerTests.SchedulerContractsTests/testWorkloadRequestAndLimitAreImmutableAndValidated
HostwrightDaemonTests.SchedulerControlOperationsTests/testLocalReleaseRejectsMultiNodeAndPreemptingRequestsBeforePersistence
HostwrightDaemonTests.SchedulerControlOperationsTests/testPlanAndSimulationArePureAndReplayable
HostwrightDaemonTests.SchedulerControlOperationsTests/testProjectScopeRejectsCrossProjectEntitiesAndBudgets
HostwrightDaemonTests.SchedulerControlOperationsTests/testReleasePersistsIntentRequiresAbsenceEvidenceAndReplays
HostwrightSchedulerTests.SchedulerEngineContractTests/testAlternativeAndExplanationResultsAreBoundedAndReplayable
HostwrightSchedulerTests.SchedulerEngineContractTests/testCanonicalDigestBindsNormalizedInputsAndRejectsReuse
HostwrightSchedulerTests.SchedulerEngineContractTests/testDeclaredLimitIsChargedAtDefaultRatioOne
HostwrightSchedulerTests.SchedulerEngineContractTests/testDigestAndCallerStringLimitsAreStable
HostwrightSchedulerTests.SchedulerEngineContractTests/testFiniteCountLimitsRejectBeforePlanning
HostwrightSchedulerTests.SchedulerEngineContractTests/testUnsupportedLimitDimensionFailsAdmissionWithStableError
HostwrightSchedulerTests.SchedulerEngineTests/testCriticalUnknownAndUnavailablePressureAreHardFilterFailures
HostwrightSchedulerTests.SchedulerEngineTests/testHardFiltersRemainAuthoritativeBeforeScoring
HostwrightSchedulerTests.SchedulerEngineTests/testMultiResourceBestFitOrderingIgnoresResourceAndInputDictionaryOrder
HostwrightSchedulerTests.SchedulerEngineTests/testPendingWorkloadsUseBestFitDecreasingOrderIndependentOfInputOrder
HostwrightSchedulerTests.SchedulerEngineTests/testSequentialPlacementsConsumeCapacityAndUpdateTopologyAndFairness
HostwrightSchedulerTests.SchedulerEngineTests/testSimulationIsPureAndMatchesPlanning
HostwrightSchedulerTests.SchedulerEngineTests/testStableUUIDBreaksDominantAndTotalRequestTies
HostwrightSchedulerTests.SchedulerEngineTests/testVolumePortAndNetworkConstraintsHaveActionableReasons
HostwrightDaemonTests.SchedulerGenericProviderAdmissionTests/testActualSDKDaemonRejectsRawAndSpoofedGenericPlanBeforeStateOrRuntimeEffects
HostwrightDaemonTests.SchedulerGenericProviderAdmissionTests/testGenericApplyRejectsMissingOrSDKCanonicalOwnershipAndPreservesApple
HostwrightDaemonTests.SchedulerGenericProviderAdmissionTests/testGenericAuthorityRejectsMissingRuntimeBeforeStateEffects
HostwrightSchedulerTests.SchedulerHardAffinityTopologyTests/testHardTopologySpreadUsesContextAndScheduleAnywayRemainsSoft
HostwrightSchedulerTests.SchedulerHardAffinityTopologyTests/testManifestSelectorOperatorsAreCanonicalAndDeterministic
HostwrightSchedulerTests.SchedulerHardAffinityTopologyTests/testSelectorBoundsAndOperatorShapesFailClosed
HostwrightSchedulerTests.SchedulerHardAffinityTopologyTests/testSelectorOperatorsProduceActionableHardFilterReasons
HostwrightSchedulerTests.SchedulerHardAffinityTopologyTests/testTopologyContextAndSchedulerDigestAreStableAcrossInputOrder
HostwrightSchedulerTests.SchedulerManifestPreferenceTests/testPreferredSelectorInputOrderAndDuplicateSelectorsAreDeterministic
HostwrightSchedulerTests.SchedulerManifestPreferenceTests/testSignedPriorityRangeMatchesManifestContract
HostwrightSchedulerTests.SchedulerManifestPreferenceTests/testWeightedPreferredSelectorsPreserveOperatorsAndAffectTopologyScore
HostwrightDaemonTests.SchedulerPressureAuthorityCoordinatorTests/testDeweightedRecoveryPersistsIntermediateHysteresisState
HostwrightDaemonTests.SchedulerPressureAuthorityCoordinatorTests/testKernelPressureLevelsNeverDefaultUnknownSamplesToNormal
HostwrightDaemonTests.SchedulerPressureAuthorityCoordinatorTests/testPlanPressureFailureIsAnAuthorityFailureNotCallerInput
HostwrightDaemonTests.SchedulerPressureAuthorityCoordinatorTests/testSimulationDoesNotInvokePressurePersistence
HostwrightDaemonTests.SchedulerPressureAuthorityCoordinatorTests/testStaleGenerationAndMalformedPolicyEnvelopeFailClosed
HostwrightDaemonTests.SchedulerPressureAuthorityCoordinatorTests/testStartupAndReopenRecoverVersionedHysteresis
HostwrightDaemonTests.SchedulerPressureAuthorityCoordinatorTests/testUnknownClientNodeCannotCreatePressureRows
HostwrightDaemonTests.SchedulerPressureAuthorityCoordinatorTests/testWarningCriticalAndUnavailableAreDurableAdmissionPostures
HostwrightDaemonTests.SchedulerPressureCoordinationTests/testAllowedAndDeweightedHealthDecisionsMapToReadOnlySchedulerPosture
HostwrightDaemonTests.SchedulerPressureCoordinationTests/testInputIsBoundedAndRejectsAmbiguousOrInvalidEvidence
HostwrightDaemonTests.SchedulerPressureCoordinationTests/testOverlappingVMWindowsFailClosedAgainstOneGlobalMemoryDelta
HostwrightDaemonTests.SchedulerPressureCoordinationTests/testReclaimedCapacityUsesOnlyCompletedHostwrightHealthTransitions
HostwrightDaemonTests.SchedulerPressureCoordinationTests/testUnavailableBlockedHealthDecisionFailsClosedForScheduler
HostwrightDaemonTests.SchedulerProjectPreemptionControlTests/testSchedulerControlErrorsAreRedacted
HostwrightDaemonTests.SchedulerRuntimeAuthorityTests/testRuntimeWaitCancellationCancelsChildAndIsBounded
HostwrightDaemonTests.SchedulerRuntimeAuthorityTests/testRuntimeWaitRejectsUnboundedLimits
HostwrightDaemonTests.SchedulerRuntimeAuthorityTests/testRuntimeWaitTimesOutAndCancelsChild
HostwrightStateTests.SchedulerSchemaV22MigrationTests/testFutureSchemaVersionRefusalRemainsFailClosedAfterV22
HostwrightStateTests.SchedulerSchemaV22MigrationTests/testV21UpgradeAddsSchedulerSchemaWithoutChangingPriorRows
HostwrightStateTests.SchedulerSchemaV22MigrationTests/testV22ChecksumTamperingRefusesReopenAndFurtherMigration
HostwrightStateTests.SchedulerSchemaV22MigrationTests/testV22FencingSchemaUsesPairedTokensAndRejectsInvalidFenceState
HostwrightStateTests.SchedulerSchemaV22MigrationTests/testV22MigrationRollsBackAllSchedulerObjectsWhenOneStatementFails
HostwrightDaemonTests.SchedulerStartupRecoveryTests/testRuntimeInventoryObserverRequiresCompleteAuthoritativeSnapshot
HostwrightDaemonTests.SchedulerStartupRecoveryTests/testRuntimeInventoryObserverRetainsOnStaleOrForeignOwnershipTuple
HostwrightDaemonTests.SchedulerStartupRecoveryTests/testStartupRecoveryCommitsOnlyVerifiedPresentTargetAndReplays
HostwrightDaemonTests.SchedulerStartupRecoveryTests/testStartupRecoveryReleasesCommittedWorkloadThatStoppedWhileDaemonWasDown
HostwrightDaemonTests.SchedulerStartupRecoveryTests/testStartupRecoveryReleasesOnlyVerifiedAbsentTargetAndIsIdempotent
HostwrightDaemonTests.SchedulerStartupRecoveryTests/testStartupRecoveryRetainsAbsentObservationAfterNodeEpochBump
HostwrightDaemonTests.SchedulerStartupRecoveryTests/testStartupRecoveryRetainsCapacityWhenInventoryIsUnavailableOrThrows
HostwrightDaemonTests.SchedulerStartupRecoveryTests/testStartupRecoveryRetainsUnknownRuntimeStateAndNeverUsesExpiry
HostwrightSchedulerTests.SchedulerValidationTests/testUUIDOrderingUsesCanonicalCaseInsensitiveUUIDText
HostwrightSchedulerTests.SchedulerValidationTests/testValidationCodesAndStableKeysAreIndependentOfLocalizedDescription
HostwrightStateTests.SchemaV7ContractTests/testLegacyUUIDBackfillIsRepeatableForTheSameIdentifier
HostwrightStateTests.SchemaV7ContractTests/testManifestSnapshotResavePreservesProjectResourceIdentity
HostwrightStateTests.SchemaV7ContractTests/testMigrationChecksumIncludesNonSQLBackfillRevision
HostwrightStateTests.SchemaV7ContractTests/testOwnershipAuthorityProofAndEnvelopeAreDeterministicAndFailClosed
HostwrightStateTests.SchemaV7ContractTests/testOwnershipRejectsInvalidUUIDAndGenerationFields
HostwrightStateTests.SchemaV7ContractTests/testOwnershipRemovalRequiresTheExactResourceUUIDAndFence
HostwrightStateTests.SchemaV7ContractTests/testOwnershipUpsertRequiresExactIdentityFenceAndMonotonicGeneration
HostwrightStateTests.SchemaV7ContractTests/testPreviouslyAppliedSchemaV7RunsProviderBindingRevisionTransactionally
HostwrightStateTests.SchemaV7ContractTests/testProjectGenerationCannotSilentlySwitchMutationProviders
HostwrightStateTests.SchemaV7ContractTests/testSchemaV7AddsIdentityBackendAndSagaContractsWithDeterministicBackfill
HostwrightStateTests.SchemaV7ContractTests/testSchemaV7MigrationRejectsConflictingLegacyProjectProviders
HostwrightCLITests.SecretCommandTests/testActiveMutationForSameReferenceBlocksDifferentMutationDurably
HostwrightCLITests.SecretCommandTests/testAmbiguousKeychainEffectLeavesRedactedInterruptedRecoveryRecord
HostwrightCLITests.SecretCommandTests/testCRUDUsesInputBoundaryAndPersistsOnlyRedactedAuditMetadata
HostwrightCLITests.SecretCommandTests/testMalformedInputFailsBeforeKeychainMutation
HostwrightCLITests.SecretCommandTests/testParserAcceptsOnlyMetadataArgumentsAndNeverSecretValues
HostwrightCLITests.SecretCommandTests/testRejectedKeychainEffectLeavesTerminalFailedVerification
HostwrightCLITests.SecretCommandTests/testSecretInputReaderUsesPipedBytesWithoutTextConversion
HostwrightCLITests.SecretCommandTests/testUpdateRejectsInvalidMaximumVersionWithoutOverflowOrMutation
HostwrightCLITests.SecretProviderInjectionTests/testCLIInjectionRequiresExactGrantAcrossEveryScopeDimension
HostwrightCLITests.SecretProviderInjectionTests/testInvalidLifecycleIdentityFailsBeforeResolverOrRuntime
HostwrightCLITests.SecretProviderInjectionTests/testLifecycleScopePreservesEveryExactWorkloadIdentityField
HostwrightCLITests.SecretProviderInjectionTests/testResolvedValueAvoidsArgvPersistedSourceAndRedactedOutput
HostwrightSecretsTests.SecretProviderTests/testBuiltInDescriptorsAreStableAndVersioned
HostwrightSecretsTests.SecretProviderTests/testBuiltInProviderHonorsCancellationBeforeFileAccess
HostwrightSecretsTests.SecretProviderTests/testEnvironmentFileIsStrictCommandFreeAndRejectsDuplicateKeys
HostwrightSecretsTests.SecretProviderTests/testExternalAndPluginRegistrationRouteByTypedAuthority
HostwrightSecretsTests.SecretProviderTests/testGrantActivationAndExpiryFailClosed
HostwrightSecretsTests.SecretProviderTests/testGuardedFileProviderRejectsUnsafeModeSymlinkHardLinkAndOversize
HostwrightSecretsTests.SecretProviderTests/testKeychainProviderReturnsExactManagedVersion
HostwrightSecretsTests.SecretProviderTests/testMissingProviderAndProviderErrorsRemainRedacted
HostwrightSecretsTests.SecretProviderTests/testRegistryBlocksStaleRefreshAndExpiredProviderResults
HostwrightSecretsTests.SecretProviderTests/testRegistryRejectsGrantForDifferentTypedProvider
HostwrightSecretsTests.SecretProviderTests/testRegistryRequiresExactWorkloadReferenceAndEnvironmentGrant
HostwrightSecretsTests.SecretProviderTests/testWorkloadScopeRejectsNonPositiveGeneration
HostwrightCLITests.SecretRecoveryCommandTests/testConfirmationMismatchFailsBeforeKeychainObservation
HostwrightCLITests.SecretRecoveryCommandTests/testResumeCompletesPendingDeleteAndVerifiesExactAbsence
HostwrightCLITests.SecretRecoveryCommandTests/testResumeConflictUsesSecretConflictDiagnostic
HostwrightCLITests.SecretRecoveryCommandTests/testResumeDoesNotFinalizeSameVersionReplacement
HostwrightCLITests.SecretRecoveryCommandTests/testResumeFinalizesAnAlreadyAppliedCreateByExactMetadataObservation
HostwrightCLITests.SecretRecoveryCommandTests/testResumeReclaimsAnExpiredActiveSecretMutationAfterProcessLoss
HostwrightCLITests.SecretRecoveryCommandTests/testRollbackAndDeleteRecoveryNeverDeleteReplacementItem
HostwrightCLITests.SecretRecoveryCommandTests/testRollbackCompensatesOnlyTheVerifiedCreateAndIsIdempotent
HostwrightCLITests.SecretRecoveryCommandTests/testValueUnsafeUpdateRemainsInSafeHoldUntilTargetIsObserved
HostwrightCoreTests.SecureExecutableACLTests/testAddingWriteGrantInvalidatesPreviouslyVerifiedExecutable
HostwrightCoreTests.SecureExecutableACLTests/testCanonicalSymlinkTargetWithWriteGrantIsRejected
HostwrightCoreTests.SecureExecutableACLTests/testDenyOnlyACLsRemainSupported
HostwrightCoreTests.SecureExecutableACLTests/testExecutableWithWriteGrantIsRejectedDespiteSafeMode
HostwrightCoreTests.SecureExecutableACLTests/testLexicalSymlinkParentWithWriteGrantIsRejected
HostwrightCoreTests.SecureExecutableACLTests/testWritableParentACLRejectsExecutableAndWorkingDirectory
HostwrightStateTests.SecureLocalPathTests/testAccessGrantingStateACLIsRejectedBeforeSQLiteUse
HostwrightStateTests.SecureLocalPathTests/testDefaultStateCreatesPrivateMacOSLayoutAndDatabase
HostwrightStateTests.SecureLocalPathTests/testHardLinkedStateFileIsRejectedBeforeSQLiteUse
HostwrightStateTests.SecureLocalPathTests/testLegacyConflictAndSidecarsFailWithoutChangingEitherDatabase
HostwrightStateTests.SecureLocalPathTests/testLegacyMigrationRefusesAnActiveWriterAndResumesAfterRelease
HostwrightStateTests.SecureLocalPathTests/testLegacyMigrationRejectsAnInvalidHostwrightLedgerBeforeMove
HostwrightStateTests.SecureLocalPathTests/testLegacyMigrationRejectsEmptyLedgerAndSpecialPermissionBitsBeforeMove
HostwrightStateTests.SecureLocalPathTests/testLegacyStateMigratesAtomicallyAndPreservesUnknownLegacyFiles
HostwrightStateTests.SecureLocalPathTests/testMigrationJournalResumesAfterAtomicRenameCheckpoint
HostwrightStateTests.SecureLocalPathTests/testMigrationResumeRefusesSourceAndDestinationSidecarsCreatedAfterIntent
HostwrightStateTests.SecureLocalPathTests/testPrivateCreationIsIndependentOfARestrictiveUmask
HostwrightStateTests.SecureLocalPathTests/testProspectiveValidationRejectsUnsafeMissingTargetsAndAcceptsResumableRename
HostwrightStateTests.SecureLocalPathTests/testUnsafeExplicitParentsSymlinksModesAndOwnersFailBeforeSQLiteUse
HostwrightExtensionsTests.SecurePluginPackageTests/testCompatibilityRangeIsBoundedAndUsesANDSemantics
HostwrightExtensionsTests.SecurePluginPackageTests/testManifestSigningPayloadAndPackageDigestAreDeterministic
HostwrightExtensionsTests.SecurePluginPackageTests/testSemanticVersionPrereleaseOrderingMatchesSemVer
HostwrightExtensionsTests.SecurePluginPackageTests/testVerifierAcceptsValidCMSSignedPackage
HostwrightExtensionsTests.SecurePluginPackageTests/testVerifierRejectsArtifactContentAndChecksumMismatch
HostwrightExtensionsTests.SecurePluginPackageTests/testVerifierRejectsNonCanonicalManifestAndUndeclaredDependency
HostwrightExtensionsTests.SecurePluginPackageTests/testVerifierRejectsNonSemVerManifestPackageVersionsBeforeAcceptance
HostwrightExtensionsTests.SecurePluginPackageTests/testVerifierRejectsPathTraversalSymlinkAndSpecialFiles
HostwrightExtensionsTests.SecurePluginPackageTests/testVerifierRejectsWrongSignerUnsafePermissionsAndOversizedWASIEntrypoint
HostwrightCoreTests.SecureSubprocessTests/testBoundedStandardInputRoundTripsWithoutTruncation
HostwrightCoreTests.SecureSubprocessTests/testCancellationBeforeLaunchCreatesNoProcess
HostwrightCoreTests.SecureSubprocessTests/testCancellationTerminatesLeaderAndIgnoringDescendant
HostwrightCoreTests.SecureSubprocessTests/testDetachedNaturalLeaderExitCleansOwnedDescendantGroup
HostwrightCoreTests.SecureSubprocessTests/testDetachedProcessRecordsExactNaturalExitAndExcludesForcedTermination
HostwrightCoreTests.SecureSubprocessTests/testDetachedProcessStreamDescriptorsRoundTripWithoutInheritingExtraPipeEnds
HostwrightCoreTests.SecureSubprocessTests/testEarlyStandardInputClosureFailsWithBoundedTypedError
HostwrightCoreTests.SecureSubprocessTests/testEnvironmentIsExactAndDoesNotInheritParentSecrets
HostwrightCoreTests.SecureSubprocessTests/testExactArgumentsDoNotInvokeShellExpansion
HostwrightCoreTests.SecureSubprocessTests/testExecutableIdentityDetectsMutationAndUnsafeParent
HostwrightCoreTests.SecureSubprocessTests/testLeaderExitAfterReapingItsChildReturnsNormally
HostwrightCoreTests.SecureSubprocessTests/testLeaderExitWithLiveDescendantFailsAndCleansProcessGroup
HostwrightCoreTests.SecureSubprocessTests/testOutputFloodIsBoundedAndTerminated
HostwrightCoreTests.SecureSubprocessTests/testPinnedExecutableIdentityCannotDriftBetweenTrustCheckAndSuspendedSpawn
HostwrightCoreTests.SecureSubprocessTests/testRepeatedCancellationRacesReturnOnlyCancelled
HostwrightCoreTests.SecureSubprocessTests/testRequestRejectsLoaderEnvironmentAndOversizedInputBeforeLaunch
HostwrightCoreTests.SecureSubprocessTests/testResolverFailsClosedOnUnsafePathCandidate
HostwrightCoreTests.SecureSubprocessTests/testShellExecutablesAreRejectedBeforeLaunch
HostwrightCoreTests.SecureSubprocessTests/testStandardErrorFloodIsBoundedAndTerminated
HostwrightCoreTests.SecureSubprocessTests/testSuspendedProcessValidatorRejectsAndReapsBeforeExecution
HostwrightCoreTests.SecureSubprocessTests/testSystemSymlinkResolvesToVerifiedCanonicalExecutable
HostwrightCoreTests.SecureSubprocessTests/testTaskCancellationTerminatesTheProcess
HostwrightCoreTests.SecureSubprocessTests/testTimeoutTerminatesLeaderAndIgnoringDescendant
HostwrightCoreTests.SecureSubprocessTests/testTimeoutUsesBoundedTermination
HostwrightCoreTests.SecureSubprocessTests/testUnrelatedFileDescriptorsAreClosedAcrossExec
HostwrightCoreTests.SecureSubprocessTests/testWorkingDirectoryAndLexicalTraversalValidationFailClosed
HostwrightCoreTests.SecureSubprocessTests/testWorkingDirectoryUsesVerifiedDirectoryDescriptor
HostwrightNetworkHelperTests.ServiceTunnelControllerTests/testAsymmetricDiscoveryUsesOnlyExplicitRelay
HostwrightNetworkHelperTests.ServiceTunnelControllerTests/testCrashRecoveryAndSleepWakeNeverBypassDurableIntent
HostwrightNetworkHelperTests.ServiceTunnelControllerTests/testDirectIsPreferredAndReplayAndStaleFenceAreRejected
HostwrightNetworkHelperTests.ServiceTunnelControllerTests/testPartitionReconnectRotationAndExactTeardownPersistIntent
HostwrightNetworkHelperTests.ServiceTunnelControllerTests/testRejectsRevocationDowngradeAndConflictingGeneration
HostwrightCLITests.ServiceTunnelLifecycleCoordinatorTests/testBonjourOnlyDeclarationFailsClosedWithoutCandidate
HostwrightCLITests.ServiceTunnelLifecycleCoordinatorTests/testDeclarationAndTunnelPortMaterializeExactRoute
HostwrightCLITests.ServiceTunnelLifecycleCoordinatorTests/testDialerMaterializesWithoutLocalTargetBinding
HostwrightCLITests.ServiceTunnelLifecycleCoordinatorTests/testListenerMaterializesExactForwardingEndpoint
HostwrightCLITests.ServiceTunnelLifecycleCoordinatorTests/testReciprocalPeersDeriveSameWireAuthorityFromDifferentLocalFences
HostwrightNetworkHelperTests.ServiceTunnelLifecycleManagerTests/testCrashRestartRecoversPersistedIntentThroughSetup
HostwrightNetworkHelperTests.ServiceTunnelLifecycleManagerTests/testProtocolRejectsMismatchedIdentityAndStaleFence
HostwrightNetworkHelperTests.ServiceTunnelLifecycleManagerTests/testReconnectBackoffDoesNotHoldManagerWideLock
HostwrightNetworkHelperTests.ServiceTunnelLifecycleManagerTests/testRemoteRolesUseSharedWireBindingAcrossDifferentLocalFences
HostwrightNetworkHelperTests.ServiceTunnelLifecycleManagerTests/testSetupIsLiveIdempotentReconnectsDrainsAndCleansExactly
HostwrightNetworkingTests.ServiceTunnelModelsTests/testDecodesLegacyDeclarationAsLocalLoopback
HostwrightNetworkingTests.ServiceTunnelModelsTests/testDecodesLegacyRouteAsLocalLoopback
HostwrightNetworkingTests.ServiceTunnelModelsTests/testDialerRouteRequiresLoopbackBindAndNoForwardEndpoint
HostwrightNetworkingTests.ServiceTunnelModelsTests/testListenerRouteBindsExactTrustAndForwardEndpoint
HostwrightStateTests.ServiceTunnelStateRepositoryTests/testAuthenticatedEndpointTamperingFailsLoadAndIntegrity
HostwrightStateTests.ServiceTunnelStateRepositoryTests/testDuplicatePeerAndConflictingGenerationFailClosed
HostwrightStateTests.ServiceTunnelStateRepositoryTests/testInvalidStoredTunnelRouteCountsAsAuthoritativeCorruption
HostwrightStateTests.ServiceTunnelStateRepositoryTests/testRelayEndpointTamperingFailsLoadAndIntegrity
HostwrightStateTests.ServiceTunnelStateRepositoryTests/testRemoteListenerIntentUsesExactProjectAndOperationAuthority
HostwrightStateTests.ServiceTunnelStateRepositoryTests/testSchemaV15MigrationAddsTunnelAuthorityTable
HostwrightStateTests.ServiceTunnelStateRepositoryTests/testSQLiteAdapterRecoversAndExactlyCleansSession
HostwrightStateTests.ServiceTunnelStateRepositoryTests/testStateIntegrityRequiresTunnelSchemaObjects
HostwrightStateTests.ServiceTunnelStateRepositoryTests/testSucceededGroupAllowsExactReplacementButNotNewIntent
HostwrightNetworkHelperTests.ServiceTunnelTahoeVMHarnessTests/testExistingTahoeVMEchoesAuthenticatedFrame
HostwrightNetworkHelperTests.ServiceTunnelTahoeVMHarnessTests/testQualificationConfigurationUsesCanonicalHelperFrame
HostwrightNetworkHelperTests.ServiceTunnelTransportTests/testCancellationAndRevokedPeerEvidenceFailClosed
HostwrightNetworkHelperTests.ServiceTunnelTransportTests/testDirectFailureFallsBackOnlyToExplicitRelay
HostwrightNetworkHelperTests.ServiceTunnelTransportTests/testTLS13LoopbackMultiplexesChannelsAndDrains
HostwrightCLITests.StateMaintenanceCLITests/testCLIBackupCatalogDryRunRestoreAndConfirmedRestoreRoundTrip
HostwrightCLITests.StateMaintenanceCLITests/testCLIConfirmationMismatchAndCorruptIntegrityUseStableErrors
HostwrightCLITests.StateMaintenanceCLITests/testCLIRecoverIsIdempotentWithoutPendingJournal
HostwrightCLITests.StateMaintenanceCLITests/testCLIRepairDryRunAndConfirmationUseStableJSONContracts
HostwrightCLITests.StateMaintenanceCLITests/testCLIRetentionStatusDryRunAndExactConfirmationRoundTrip
HostwrightCLITests.StateMaintenanceCLITests/testParserRecognizesCompleteStateMaintenanceSurface
HostwrightStateTests.StateMaintenanceTests/testAutomaticRestoreRollbackHandlesPublicationBeforeJournalUpdate
HostwrightStateTests.StateMaintenanceTests/testBackupCancellationAndDiskFullLeaveNoPublishedOrPartialArtifact
HostwrightStateTests.StateMaintenanceTests/testBackupRefusesLockedAndFutureSchemaSourcesWithoutPublishingArtifacts
HostwrightStateTests.StateMaintenanceTests/testCatalogDetectsTamperedBackupWithoutSilentlyDroppingIt
HostwrightStateTests.StateMaintenanceTests/testCatalogRejectsStrictManifestViolationsHardlinksAndOversizeWithoutDroppingEntries
HostwrightStateTests.StateMaintenanceTests/testCatalogRootPolicyFailureReturnsAnErrorWithoutInventingAnEntry
HostwrightStateTests.StateMaintenanceTests/testConfirmedRestoreIsBoundToCurrentStateAndClearsRebuildableProjections
HostwrightStateTests.StateMaintenanceTests/testDaemonAndOfflineRecoveryLeasesExcludeEachOther
HostwrightStateTests.StateMaintenanceTests/testExclusiveStateAccessFenceBoundsConcurrentStateOperations
HostwrightStateTests.StateMaintenanceTests/testIntegrityAndVerifiedOnlineBackupRoundTrip
HostwrightStateTests.StateMaintenanceTests/testIntegrityClassifiesATruncatedSQLiteDatabaseAsUnrecoverable
HostwrightStateTests.StateMaintenanceTests/testIntegrityRequiresIndexesUUIDsAndCompleteSagaEnums
HostwrightStateTests.StateMaintenanceTests/testMissingDatabaseReadStillHonorsExclusiveStateAccessFenceWithoutCreatingDatabase
HostwrightStateTests.StateMaintenanceTests/testOnlineBackupIsConsistentDuringRealWALWriterAndReplacementMutationsRefuseOpenExternalHandle
HostwrightStateTests.StateMaintenanceTests/testPendingMaintenanceJournalBlocksOrdinaryStateAccess
HostwrightStateTests.StateMaintenanceTests/testPublicBackupObservesCurrentTaskCancellationWithoutArtifacts
HostwrightStateTests.StateMaintenanceTests/testRecoveryFinalizesRepairCommittedBeforeJournalCheckpoint
HostwrightStateTests.StateMaintenanceTests/testRecoveryHandlesEveryDurableRestoreCheckpointWithoutInventingState
HostwrightStateTests.StateMaintenanceTests/testRecoveryHandlesEveryTornRestoreMutationWindow
HostwrightStateTests.StateMaintenanceTests/testRecoveryPromotesTornPublicationWhenRestoreTargetWasMissing
HostwrightStateTests.StateMaintenanceTests/testRepairDeletesOnlyInvalidRebuildableProjectionRows
HostwrightStateTests.StateMaintenanceTests/testRepairRecoveryUsesRollbackSnapshotWhenCommittedStateBecomesUnrecoverable
HostwrightStateTests.StateMaintenanceTests/testRepairRefusesAuthoritativeLogicalDamage
HostwrightStateTests.StateMaintenanceTests/testRepairRollbackFailurePreservesJournalUntilSafeRecovery
HostwrightStateTests.StateMaintenanceTests/testRestoreCanRecreateADeletedDatabaseWithoutInventingAuthority
HostwrightStateTests.StateMaintenanceTests/testRestoreConfirmationRefusesStateChangedAfterDryRun
HostwrightStateTests.StateMaintenanceTests/testRestoreRefusesAnUnmanagedFileThatAppearsAfterAMissingStatePlan
HostwrightStateTests.StateMaintenanceTests/testRestoreRejectsASelectedBackupChangedAfterConfirmationBeforeCopy
HostwrightStateTests.StateMaintenanceTests/testRestoreReplacesCorruptStateAndPreservesOriginalAsQuarantine
HostwrightStateTests.StateMaintenanceTests/testStateAccessFenceRejectsAnUnmanagedHardLinkWithoutChangingItsMode
HostwrightStateTests.StateMaintenanceTests/testTamperedRecoveryJournalFailsClosedAndRemainsForInspection
HostwrightStateTests.StateMaintenanceTests/testUnknownPartialBackupIsReportedAndPreserved
HostwrightStateTests.StateMetricsTests/testEmptyProjectionHasEveryFixedSeriesAndInsufficientSLOs
HostwrightStateTests.StateMetricsTests/testMissingAndFutureDatabasesAreRefusedWithoutCreationOrMigration
HostwrightStateTests.StateMetricsTests/testProjectionDoesNotExposeStoredIdentifiersPathsErrorsOrCredentials
HostwrightStateTests.StateMetricsTests/testProjectionIsFixedDeterministicAndCalculatesDeclaredSLOsAcrossTenThousandCycles
HostwrightStateTests.StateMetricsTests/testVersionSixteenRequiresExplicitUpgradeAndProjectsAfterVersionTwentyMigration
HostwrightStateTests.StateNonMutatingInspectionTests/testIntegrityInspectionCreatesNoCoordinationOrSQLiteArtifacts
HostwrightStateTests.StateNonMutatingInspectionTests/testIntegrityInspectionRefusesActiveWALWithoutChangingIt
HostwrightStateTests.StateNonMutatingInspectionTests/testIntegrityInspectionRefusesExistingExclusiveFenceWithoutChangingIt
HostwrightStateTests.StateNonMutatingInspectionTests/testIntegrityInspectionUsesExistingFenceWithoutChangingIt
HostwrightStateTests.StateRetentionTests/testCancellationBeforeMutationLeavesNoBackupJournalOrDeletion
HostwrightStateTests.StateRetentionTests/testCandidatePageIsBoundedWithoutLosingDeterminism
HostwrightStateTests.StateRetentionTests/testConfirmationRefusesChangedCandidateSetWithoutDeletingRecords
HostwrightStateTests.StateRetentionTests/testConfirmationUsesTheExactPlanEvaluationTimeAcrossProcessDelay
HostwrightStateTests.StateRetentionTests/testConfirmedCompactionCreatesVerifiedBackupDeletesExactCandidatesAndRetainsAudit
HostwrightStateTests.StateRetentionTests/testEveryDurableCheckpointResumesExactPlanWithoutDuplicateDeletion
HostwrightStateTests.StateRetentionTests/testPlanIsDeterministicAndPreservesHoldsRecoveryAndUnavailableProducers
HostwrightStateTests.StateRetentionTests/testPressureUsesOnlyAlreadyEligibleRecordsAndHoldFailsClosed
HostwrightStateTests.StateRetentionTests/testSecurityAndOperatorEvidenceUsesTheAuditRetentionClass
HostwrightStateTests.StateRetentionTests/testSucceededUnreferencedOperationGroupCompactsWithItsSteps
HostwrightStateTests.StateRetentionTests/testTamperedRetentionJournalFailsClosedAndPreservesEvidence
HostwrightStateTests.StateRetentionTests/testTamperedTerminalPhaseCannotSkipUnperformedDeletion
HostwrightStateTests.StateRetentionTests/testTombstoneRequiresCompletedFinalizersAndExpiredGroupLeaseBeforeExactDeletion
HostwrightStateTests.StateRetentionTests/testTraceRowsHaveAnExactIndependentRetentionClass
HostwrightStateTests.StateRetentionTests/testVerifiedBackupCandidatesAreStagedExactlyAndPreCompactionBackupIsPreserved
HostwrightStateTests.StateSupportBundleTests/testConfirmedCompactionExpiresOnlyTheExactSupportEvidenceReceipt
HostwrightStateTests.StateSupportBundleTests/testSnapshotAcceptsCommittedNonemptyWALFromAnActiveWriter
HostwrightStateTests.StateSupportBundleTests/testSnapshotHashesIdentifiersAndNeverCopiesMessagesPayloadsOrProjectNames
HostwrightStateTests.StateSupportBundleTests/testSnapshotQueriesBoundLargeEventAndOperationLedgersWithExactDroppedCounts
HostwrightStateTests.StateSupportBundleTests/testSupportEvidenceRetentionIsAvailableAndDisjointFromEventsAuditsAndTraces
HostwrightStateTests.StateSupportBundleTests/testVersionSixteenRequiresExplicitUpgradeAndFutureVersionIsRefused
HostwrightStateTests.StateTraceTests/testCompleteTraceHasStableHashAndRejectsMalformedOrMissingRecords
HostwrightStateTests.StateTraceTests/testPersistenceCorrelatesEventsOperationsAndSurvivesRestart
HostwrightStateTests.StateTraceTests/testSinkFailureIsDegradedAndDoesNotFabricateSuccess
HostwrightStateTests.StateTraceTests/testVersionSixteenRequiresExplicitUpgradeAndFutureVersionIsRefused
HostwrightStateTests.StateUpgradeTests/testAbsentDatabaseInitializesLatestWithoutRollbackSnapshot
HostwrightStateTests.StateUpgradeTests/testAbsentUninstallRecoveryPublishesOnlyRevokedSessionsAndCredentialsBeforeInterruption
HostwrightStateTests.StateUpgradeTests/testAbsentUninstallRecoveryRequiresExactSnapshotAuditAnchor
HostwrightStateTests.StateUpgradeTests/testAsyncExclusiveLifecycleFenceWaitsBehindMutationAndIsNestedReentrant
HostwrightStateTests.StateUpgradeTests/testAsyncLifecycleFenceAllowsNestedAccessAcrossAwaitAndExcludesCompetingAccessor
HostwrightStateTests.StateUpgradeTests/testAuditContinuousRollbackPreservesIndependentNativeHashRevocation
HostwrightStateTests.StateUpgradeTests/testAuditContinuousRollbackRefusesTamperedCurrentChainBeforeStateReplacement
HostwrightStateTests.StateUpgradeTests/testAuditContinuousRollbackRestoresStateAndRetainsNewerExternalHead
HostwrightStateTests.StateUpgradeTests/testBootstrapContinuityRejectsCorruptModernAuditWithEmptyIdentities
HostwrightStateTests.StateUpgradeTests/testBootstrapContinuityRejectsRetainedExternalAuthorityBeforeLegacyMigration
HostwrightStateTests.StateUpgradeTests/testBoundedStateAccessWaitPropagatesAcrossAwaitWithoutBypassingTheFence
HostwrightStateTests.StateUpgradeTests/testBoundedStateAccessWaitRejectsUnboundedWaits
HostwrightStateTests.StateUpgradeTests/testEscapedInheritedSerializedLifecycleMutationAuthorityIsRevoked
HostwrightStateTests.StateUpgradeTests/testExclusiveLifecycleFenceRejectsConcurrentWriterAndAllowsNestedStateWork
HostwrightStateTests.StateUpgradeTests/testExclusiveLifecycleFenceRejectsUnboundedWaits
HostwrightStateTests.StateUpgradeTests/testExclusiveLifecycleFenceSupportsBoundedControlPlaneWait
HostwrightStateTests.StateUpgradeTests/testIdentityAuthorityInspectionDoesNotMigrateCompatibleOlderStores
HostwrightStateTests.StateUpgradeTests/testInheritedLifecycleFenceAuthorityIsRevokedWhenTheFenceReturns
HostwrightStateTests.StateUpgradeTests/testSchemaV10MigratesToV11ImageSBOMStateWithoutGaps
HostwrightStateTests.StateUpgradeTests/testSchemaV13MigratesAdditivelyToV14ContentCacheState
HostwrightStateTests.StateUpgradeTests/testSchemaV16MigratesRestartBudgetsToV17WithSafeDefaults
HostwrightStateTests.StateUpgradeTests/testSchemaV8MigratesThroughV11ReferrerStateWithoutGaps
HostwrightStateTests.StateUpgradeTests/testSerializedLifecycleMutationDoesNotBlockOrdinarySharedStateAccess
HostwrightStateTests.StateUpgradeTests/testSerializedLifecycleMutationsFailClosedAtTheirWaitBound
HostwrightStateTests.StateUpgradeTests/testSynchronousExclusiveLifecycleFenceAuthorityPropagatesToInheritingTask
HostwrightStateTests.StateUpgradeTests/testTamperedUpgradeSnapshotCannotReplaceCurrentState
HostwrightStateTests.StateUpgradeTests/testV17MigrationCreatesVerifiedRollbackPackageAndReachesLatestSchema
HostwrightStateTests.StateUpgradeTests/testV17SnapshotMigratesToLatestAndRestoresExactV17
HostwrightStateTests.StateUpgradeTests/testVerifiedStandaloneWALSnapshotInspectionDoesNotCreateSidecars
HostwrightStateTests.StateUpgradeTests/testVerifiedStateRemovalDeletesOnlyTheManagedSQLiteFileSet
HostwrightStateTests.StateUpgradeTests/testVerifiedStateRemovalRefusesForeignSQLiteWithoutDeletingIt
HostwrightStateTests.StateUpgradeTests/testVerifiedV16SnapshotMigratesAndRestoresExactPriorSchema
HostwrightCLITests.StatusObservedAllocationTests/testStatusJSONPreservesActualAllocationAndOmitsUnavailableValuesThroughHealthCopy
HostwrightStorageTests.StorageAttachmentCoordinatorTests/testAttachInterruptionIsResumableOrHeldAtExactEffect
HostwrightStorageTests.StorageAttachmentCoordinatorTests/testAttachPersistsEveryCheckpointInOrderAndReplaysExactly
HostwrightStorageTests.StorageAttachmentCoordinatorTests/testCancellationAtEveryCheckpointPreservesAResumableRecord
HostwrightStorageTests.StorageAttachmentCoordinatorTests/testDetachInterruptionObservationAndExactCleanupAreOrdered
HostwrightStorageTests.StorageAttachmentCoordinatorTests/testSingleWriterHolderLeaseAndFenceConflictsFailClosed
HostwrightStorageTests.StorageAttachmentCoordinatorTests/testStaleHolderRequiresExactBoundedForceDetachAuthorization
HostwrightStorageTests.StorageBackupEngineTests/testCreateListInspectVerifyAndDeleteBackupSet
HostwrightStorageTests.StorageBackupEngineTests/testDiskFullBeforePromotionPreservesEveryActiveTargetAndCleansStages
HostwrightStorageTests.StorageBackupEngineTests/testMultiVolumeApplicationConsistentBackupFreezesAllThenThawsInReverse
HostwrightStorageTests.StorageBackupEngineTests/testMultiVolumeRestoreToNewTargetsPreservesExactDataAndModes
HostwrightStorageTests.StorageBackupEngineTests/testRemoteBackupHydratesMissingLocalArtifactsRestoresAndDeletesExactly
HostwrightStorageTests.StorageBackupEngineTests/testRemoteCreateInterruptionLeavesDurableCleanupAndRecoveryRemovesExactObjects
HostwrightStorageTests.StorageBackupEngineTests/testRemoteTransportCancelsTaskWhenBoundedWaitExpires
HostwrightStorageTests.StorageBackupEngineTests/testRemoteTransportUsesStubbedHTTPSAndRejectsRedirects
HostwrightStorageTests.StorageBackupEngineTests/testRestoreRollbackCleanupIncompleteManifestAndUnmanagedTargetRefusal
HostwrightStorageTests.StorageBackupEngineTests/testTamperedChunkWrongKeyRetentionAndCancellation
HostwrightStorageTests.StorageCapacityPolicyTests/testAccountingAndThresholdBoundariesRejectOverflow
HostwrightStorageTests.StorageCapacityPolicyTests/testBytesInodesAndPressureRejectBeforeUnsafeGrowth
HostwrightStorageTests.StorageCapacityPolicyTests/testCancellationTimeoutAndAmbiguityHaveStableRecovery
HostwrightStorageTests.StorageCapacityPolicyTests/testGCPlanIsDeterministicAndNeverSelectsUnsafeResources
HostwrightStorageTests.StorageCapacityPolicyTests/testPressureBoundariesAndHysteresisAreDeterministic
HostwrightStorageTests.StorageCapacityPolicyTests/testQuotaClaimsAndLimitsFailClosed
HostwrightStorageTests.StorageCapacityPolicyTests/testStaleSamplesAndRetriesAreBounded
HostwrightStorageTests.StorageCapacityProbeTests/testInjectedFilesystemCountersProduceExactAccounting
HostwrightStorageTests.StorageCapacityProbeTests/testRealStatFSSampleIsBoundedWithoutFabricatingQuota
HostwrightStorageTests.StorageCapacityProbeTests/testUnknownInodesOverflowAndHardQuotaClaimsFailClosed
HostwrightCLITests.StorageCommandTests/testBackupCommandsPersistProtectionStateAndEnforceHolds
HostwrightCLITests.StorageCommandTests/testBackupHonorsExistingProjectFence
HostwrightCLITests.StorageCommandTests/testCapacityStatusIncludesPersistedPressureAccounting
HostwrightCLITests.StorageCommandTests/testDestructiveOperationsRequireExactlyOnePlanMode
HostwrightCLITests.StorageCommandTests/testEveryVolumeOperationHasOneStrictCLIShape
HostwrightCLITests.StorageCommandTests/testMultiVolumeBackupRestoreUsesRecordedSourceSet
HostwrightCLITests.StorageCommandTests/testReadOnlyVolumeCommandsUseTheSharedProviderContract
HostwrightCLITests.StorageCommandTests/testRejectedSnapshotExportReleasesProjectFence
HostwrightCLITests.StorageCommandTests/testRemoteBackupDestinationHasStrictParityAcrossMutations
HostwrightCLITests.StorageCommandTests/testRemoteBackupDestinationRejectsPartialOrUnsafeConfiguration
HostwrightCLITests.StorageCommandTests/testSnapshotCommandsPersistProtectionStateAndEnforceHolds
HostwrightCLITests.StorageCommandTests/testVolumeGrammarRejectsUnsafeAndAmbiguousInput
HostwrightCLITests.StorageLifecycleCoordinatorTests/testCapacityRefusalOccursBeforeProviderMutation
HostwrightCLITests.StorageLifecycleCoordinatorTests/testDeletedNamedVolumeRecreatesWithAdvancedFenceAndQuota
HostwrightCLITests.StorageLifecycleCoordinatorTests/testInterruptedCreateRepairsOnlyExactProviderMetadata
HostwrightCLITests.StorageLifecycleCoordinatorTests/testMetadataRepairDoesNotStealActiveCreateOperation
HostwrightCLITests.StorageLifecycleCoordinatorTests/testNamedVolumeCreateAttachExpandDetachAndReplayConverge
HostwrightCLITests.StorageLifecycleCoordinatorTests/testRuntimeQuiescenceRefusesRunningHolderBeforeFence
HostwrightStorageTests.StorageOrphanEngineTests/testActiveHoldVolumeIsQuarantinedAndNeverReclaimable
HostwrightStorageTests.StorageOrphanEngineTests/testDeletedOwnedVolumeAgesIntoExactReclaimPlan
HostwrightStorageTests.StorageOrphanEngineTests/testDurableOperationHoldsExactOwnedVolume
HostwrightStorageTests.StorageOrphanEngineTests/testLiveAttachmentsBlockReclaim
HostwrightStorageTests.StorageOrphanEngineTests/testMetadataMismatchQuarantinesVolume
HostwrightStorageTests.StorageOrphanEngineTests/testMissingAuthoritativeVolumeIsClassifiedAsHeld
HostwrightStorageTests.StorageOrphanEngineTests/testReadySnapshotAndBackupBecomeHeldWhenSourceVolumeIsMissing
HostwrightStorageTests.StorageOrphanEngineTests/testRetainPolicyNeverBecomesReclaimable
HostwrightStorageTests.StorageOrphanEngineTests/testSelectionIsBoundedToExactMaximum
HostwrightStorageTests.StorageOrphanEngineTests/testTrackedDiscoveryAgeCarriesForwardDeterministically
HostwrightStorageTests.StorageOrphanEngineTests/testUnknownAttachmentIsQuarantined
HostwrightStorageTests.StorageOrphanEngineTests/testUnmanagedAndAmbiguousEntriesAreHashedAndRedacted
HostwrightStorageTests.StorageProviderContractTests/testCapabilityNegotiationFailsClosedForEveryNonAvailableState
HostwrightStorageTests.StorageProviderContractTests/testDescriptorDigestIsCanonicalAndCaptureTimeFree
HostwrightStorageTests.StorageProviderContractTests/testDescriptorRejectsVersionIdentifierReasonAndBoundViolations
HostwrightStorageTests.StorageProviderContractTests/testDescriptorRequiresEveryOperationExactlyOnce
HostwrightStorageTests.StorageProviderContractTests/testFailureBoundsAndRedactsDiagnostics
HostwrightStorageTests.StorageProviderContractTests/testOperationContractIsExact
HostwrightStorageTests.StorageProviderHelperBootstrapTests/testCancellationTerminatesAndReapsLaunch
HostwrightStorageTests.StorageProviderHelperBootstrapTests/testChangedExecutableTerminatesSuspendedProcessAndCleans
HostwrightStorageTests.StorageProviderHelperBootstrapTests/testConfigurationRejectsUnsafeAndOverlappingPaths
HostwrightStorageTests.StorageProviderHelperBootstrapTests/testCrashAndHangTerminateAndLeaveNoSocketOrProcess
HostwrightStorageTests.StorageProviderHelperBootstrapTests/testExplicitRequestDeadlineOverridesSessionDefaultWithinProtocolBound
HostwrightStorageTests.StorageProviderHelperBootstrapTests/testFrameAndOutputOverflowAndWrongPeerTerminateSession
HostwrightStorageTests.StorageProviderHelperBootstrapTests/testLaunchConnectsWithExpectedPIDAndCleansExactly
HostwrightStorageTests.StorageProviderHelperBootstrapTests/testProductionValidatorRejectsMissingSymlinkAndUntrustedCode
HostwrightStorageTests.StorageProviderHelperBootstrapTests/testRestartAfterExactCleanupAndUnknownEntryRefusal
HostwrightStorageTests.StorageProviderHelperBootstrapTests/testRevokedSignerFailsBeforeResumeAndCleans
HostwrightStorageTests.StorageProviderHelperBootstrapTests/testSystemLauncherResumesSuspendedProcessBeforeReaping
HostwrightStorageTests.StorageProviderHelperBootstrapTests/testWrongSignerFailsBeforeResumeAndCleans
HostwrightStorageTests.StorageProviderHelperCommandTests/testRunCommandAcceptsEveryRequiredFlagInAnyOrder
HostwrightStorageTests.StorageProviderHelperCommandTests/testRunCommandRejectsMissingDuplicateAndUnknownArguments
HostwrightStorageTests.StorageProviderHelperCommandTests/testRunCommandRejectsOverlappingPrivateDirectories
HostwrightStorageTests.StorageProviderHelperCommandTests/testRunCommandRejectsUnsupportedProviderPathAndCapacity
HostwrightStorageTests.StorageProviderHelperCommandTests/testVersionCommandIsExact
HostwrightStorageTests.StorageProviderProtocolTests/testCanonicalDecoderRejectsWhitespaceUnknownAndDuplicateFields
HostwrightStorageTests.StorageProviderProtocolTests/testCanonicalErrorRoundTripsWithTypedRetryAndRecovery
HostwrightStorageTests.StorageProviderProtocolTests/testCanonicalRequestAndResultRoundTrip
HostwrightStorageTests.StorageProviderProtocolTests/testDeadlineIsPositiveFutureAndBounded
HostwrightStorageTests.StorageProviderProtocolTests/testProtocolErrorsNormalizeWithStableRetrySemantics
HostwrightStorageTests.StorageProviderProtocolTests/testReplayWindowFailsClosedAtItsMemoryBound
HostwrightStorageTests.StorageProviderProtocolTests/testRequestValidatorRejectsProtocolMismatchStaleCapabilityAndMissingContext
HostwrightStorageTests.StorageProviderProtocolTests/testRequestValidatorRejectsStaleGenerationsReplayAndCancellation
HostwrightStorageTests.StorageProviderProtocolTests/testResponseValidatorRejectsMismatchedRequestAndOperation
HostwrightStorageTests.StorageProviderProtocolTests/testTransportTerminationMapsHangOverflowAndAmbiguityFailClosed
HostwrightStorageTests.StorageProviderProtocolTests/testWireBoundsRejectEmptyAndOverflow
HostwrightStorageTests.StorageProviderTransportTests/testDispatcherCancellationCancelsExactProviderRequest
HostwrightStorageTests.StorageProviderTransportTests/testDispatcherEnforcesAdvertisedRequestAndResultBounds
HostwrightStorageTests.StorageProviderTransportTests/testDispatcherFailsClosedForProviderCrashInvalidResponseAndHang
HostwrightStorageTests.StorageProviderTransportTests/testDispatcherRoutesCanonicalRequestAndRejectsReplayAndProtocolMismatch
HostwrightStorageTests.StorageProviderTransportTests/testFramingUsesBigEndianLengthAndRejectsTruncationOverflowAndTrailingBytes
HostwrightStorageTests.StorageProviderTransportTests/testPeerIdentityPolicyRejectsWrongUIDPIDSignerTeamAndRequirement
HostwrightStorageTests.StorageProviderTransportTests/testRuntimeDirectoryAndSocketUsePrivateModesAndExactCleanup
HostwrightStorageTests.StorageProviderTransportTests/testRuntimeDirectoryRejectsUnsafeModeSymlinkAndUnsafeParent
HostwrightStorageTests.StorageProviderTransportTests/testUnixServerRejectsNonPositiveConnectionTimeout
HostwrightStorageTests.StorageProviderTransportTests/testUnixServerRoundTripAndCancellationRemoveSocketAndDirectory
HostwrightCLITests.StoragePruneProcessRecoveryIntegrationTests/testPruneRecoversAfterSIGKILLAroundProviderDelete
HostwrightCLITests.StorageReclaimCommandCoordinatorTests/testDeleteDryRunIsDeterministicAndExactConfirmationDeletes
HostwrightCLITests.StorageReclaimCommandCoordinatorTests/testDeleteRefusesAttachmentHoldRetainAndRecycle
HostwrightCLITests.StorageReclaimCommandCoordinatorTests/testLifecyclePolicyUsesExistingAuthorizationWithoutSecondConfirmation
HostwrightCLITests.StorageReclaimCommandCoordinatorTests/testPrerequisiteArtifactsAreFreshlyVerifiedBeforeDelete
HostwrightCLITests.StorageReclaimCommandCoordinatorTests/testProviderMissingDeletingReplayFinalizesState
HostwrightCLITests.StorageReclaimCommandCoordinatorTests/testPruneDeletesOnlyAgedExactOwnedDeletedState
HostwrightCLITests.StorageReclaimCommandCoordinatorTests/testPruneResolvesStaleTrackedOrphanMetadata
HostwrightCLITests.StorageReclaimCommandCoordinatorTests/testPruneResumesExactCandidatesAfterPartialProviderDeletion
HostwrightCLITests.StorageReclaimCommandCoordinatorTests/testVolumeDeleteCommandRoutesThroughReclaimCoordinator
HostwrightStorageTests.StorageReclaimEngineTests/testCancellationAndAmbiguityHaveSafeRecovery
HostwrightStorageTests.StorageReclaimEngineTests/testCanonicalRequestOrderingAndIdentityAffectToken
HostwrightStorageTests.StorageReclaimEngineTests/testCheckpointIsIdempotentAndRejectsNonPrefix
HostwrightStorageTests.StorageReclaimEngineTests/testErrorsAndResultsAreBoundedAndRedacted
HostwrightStorageTests.StorageReclaimEngineTests/testExactConfirmationAndFreshPlanAreRequired
HostwrightStorageTests.StorageReclaimEngineTests/testMismatchedProofCannotReachDelete
HostwrightStorageTests.StorageReclaimEngineTests/testPlansEveryPolicyWithExactDeterministicActions
HostwrightStorageTests.StorageReclaimEngineTests/testPolicyChangeAndDestructionRejectUnsafeState
HostwrightStorageTests.StorageReclaimEngineTests/testSnapshotAndBackupProofGateDestructiveDelete
HostwrightStorageTests.StorageReclaimEngineTests/testUnavailableSnapshotAndBackupFailBeforePlan
HostwrightStorageTests.StorageSemanticEngineTests/testCapacityTopologyAndHealthFailuresAreBounded
HostwrightStorageTests.StorageSemanticEngineTests/testCompleteControllerAndNodeLifecycleIsIdempotent
HostwrightStorageTests.StorageSemanticEngineTests/testDecodedRequestCannotBypassContextValidation
HostwrightStorageTests.StorageSemanticEngineTests/testReadOnlyManyRejectsReadWritePublish
HostwrightStorageTests.StorageSemanticEngineTests/testReorderedCallsFailWithoutPretendSuccess
HostwrightStorageTests.StorageSemanticEngineTests/testStaleGenerationFenceAndInterruptionsHaveStableRetryClasses
HostwrightStorageTests.StorageSnapshotEngineTests/testApplicationConsistentSnapshotUsesHooksAndThawsOnceAfterFailure
HostwrightStorageTests.StorageSnapshotEngineTests/testCreateListInspectAndRestorePreserveBytes
HostwrightStorageTests.StorageSnapshotEngineTests/testInterruptedCopyCleansPendingDirectory
HostwrightStorageTests.StorageSnapshotEngineTests/testSnapshotExportAndRestorePreserveModesAndHashModeChanges
HostwrightStorageTests.StorageSnapshotEngineTests/testStaleFenceRetainedDeleteReferencedDeleteAndRollback
HostwrightStorageTests.StorageSnapshotEngineTests/testSymlinkAndWrongParentAreRejected
HostwrightStorageTests.StorageSnapshotEngineTests/testTamperDetectedBeforeExportAndRestore
HostwrightStateTests.StorageStateRepositoryTests/testAttachmentCheckpointsHoldDetachAndCleanupAreDurable
HostwrightStateTests.StorageStateRepositoryTests/testAttachmentConflictStaleFenceAndReorderingFailClosed
HostwrightStateTests.StorageStateRepositoryTests/testAttachmentSnapshotBackupHoldAndOrphanRoundTrip
HostwrightStateTests.StorageStateRepositoryTests/testCapacityQuotaAndAdmissionPersistAcrossReopen
HostwrightStateTests.StorageStateRepositoryTests/testCapacityRetryLedgerIsBoundedAndResumable
HostwrightStateTests.StorageStateRepositoryTests/testFutureSchemaRefusesStorageReadAsDowngradeProtection
HostwrightStateTests.StorageStateRepositoryTests/testHardQuotaCannotBeRecordedWithoutEvidence
HostwrightStateTests.StorageStateRepositoryTests/testOrphanReclaimAndOperationFenceFailClosed
HostwrightStateTests.StorageStateRepositoryTests/testSchemaV14MigratesAdditivelyToV15StorageState
HostwrightStateTests.StorageStateRepositoryTests/testTerminalOperationGroupRetainsFencedRecoveryState
HostwrightStateTests.StorageStateRepositoryTests/testVolumeSaveIsIdempotentAndReplacementRequiresExactFence
HostwrightCLITests.SupportBundleCLIIntegrationTests/testCreateRefusesOverwriteAndDeleteRefusesHardLinkedOwnedBundle
HostwrightCLITests.SupportBundleCLIIntegrationTests/testDomainFailuresExposeStableStructuredSupportCodes
HostwrightCLITests.SupportBundleCLIIntegrationTests/testDurableJournalRecoversWrittenCreationAndConfirmedDeletionAcrossRestart
HostwrightCLITests.SupportBundleCLIIntegrationTests/testInjectedEncryptionNeverWritesPlaintextAndUsesOnlyRecipientHashEvidence
HostwrightCLITests.SupportBundleCLIIntegrationTests/testManifestInventoryExportsShapeOnlyWithoutNamesImagesCommandsOrProbeDetails
HostwrightCLITests.SupportBundleCLIIntegrationTests/testOSLogPlatformTimestampNormalizationIsStrictAndCanonical
HostwrightCLITests.SupportBundleCLIIntegrationTests/testParserPreservesDiagnosticsV1AndAcceptsOnlyLockedSupportSurface
HostwrightCLITests.SupportBundleCLIIntegrationTests/testPlatformCMSUsesDisposableKeychainCertificateAndDecryptsExactPlaintext
HostwrightCLITests.SupportBundleCLIIntegrationTests/testPostPersistReplacementIsRefusedWithoutDeletingTheSubstitute
HostwrightCLITests.SupportBundleCLIIntegrationTests/testPreviewCreateAndReceiptProvenDeleteAreBoundedPrivateAndSecretFree
HostwrightCLITests.SupportBundleCLIIntegrationTests/testRecoverySafeHoldsWhenWrittenOutputIdentityChanges
HostwrightCLITests.SupportBundleCLIIntegrationTests/testStaleCancellationUnsafePathsAndUnownedDeletionLeaveNoOwnedArtifact
HostwrightObservabilityTests.SupportBundleContractTests/testContractIsVersionedFixedAndBounded
HostwrightObservabilityTests.SupportBundleContractTests/testErrorCodesAreStableAndDistinct
HostwrightObservabilityTests.SupportBundleContractTests/testRecipientReferenceIsNonSecretBoundedAndArgumentSafe
HostwrightStateTests.TamperEvidentAuditTrailTests/testActiveKeySubstitutionIsDetectedBeforeAnotherAppend
HostwrightStateTests.TamperEvidentAuditTrailTests/testAppendVerifyAndExportHappyPath
HostwrightStateTests.TamperEvidentAuditTrailTests/testBackwardClockIsRejectedWithoutCorruptingTheTrail
HostwrightStateTests.TamperEvidentAuditTrailTests/testDeduplicationRejectsEveryChangedSignedSecurityField
HostwrightStateTests.TamperEvidentAuditTrailTests/testKeyStatusTamperingIsDetectedBeforeVerifyOrExport
HostwrightStateTests.TamperEvidentAuditTrailTests/testMacOSKeychainBackedSigningVerifiesAcrossStoreReopen
HostwrightStateTests.TamperEvidentAuditTrailTests/testModificationDeletionReorderAndTruncationAreDetected
HostwrightStateTests.TamperEvidentAuditTrailTests/testP256RotationContinuityAndSignedPrefixRetention
HostwrightStateTests.TamperEvidentAuditTrailTests/testPendingRotationRecoversAcrossActivationFailure
HostwrightStateTests.TamperEvidentAuditTrailTests/testSigningFailureAndExternalHeadStoreCrashRecovery
HostwrightStateTests.TamperEvidentAuditTrailTests/testVerifiedBackupRestoreSynchronizesSignedAuditHead
HostwrightCLITests.TeamWorkflowCLITests/testApprovalCannotBypassCleanupOwnership
HostwrightCLITests.TeamWorkflowCLITests/testApprovalCannotBypassManagedStartOwnership
HostwrightCLITests.TeamWorkflowCLITests/testApprovalCannotBypassMissingSchedulerAuthority
HostwrightCLITests.TeamWorkflowCLITests/testCleanupBindsProfileIntoTokenAndPersistsApprovalAudit
HostwrightCLITests.TeamWorkflowCLITests/testDirectCommandConstructionCannotBypassTeamPathPairing
HostwrightCLITests.TeamWorkflowCLITests/testInvalidProfileProducesStableRedactedJSONError
HostwrightCLITests.TeamWorkflowCLITests/testMismatchedApprovalStopsBeforeRuntimeMutation
HostwrightCLITests.TeamWorkflowCLITests/testParserRequiresExplicitProfileAndApprovalPairForMutations
HostwrightCLITests.TeamWorkflowCLITests/testReadOnlyCommandsLoadRealProfileFilesAndEnforceDigestPolicy
HostwrightPolicyTests.TeamWorkflowPolicyTests/testApprovalMustMatchExactScopeAndHashes
HostwrightPolicyTests.TeamWorkflowPolicyTests/testApprovalParserCanonicalHashAndManifestSHA256
HostwrightPolicyTests.TeamWorkflowPolicyTests/testProfileFailsClosedForInvalidIdentityVersionKindOptInAndGates
HostwrightPolicyTests.TeamWorkflowPolicyTests/testProfileParserRejectsDuplicateAndEscapedDuplicateKeys
HostwrightPolicyTests.TeamWorkflowPolicyTests/testProfileParserRejectsMissingAndInvalidTypedFieldsWithoutEchoingValues
HostwrightPolicyTests.TeamWorkflowPolicyTests/testProfileParserUsesCanonicalHashAndRejectsUnknownWeakeningFields
HostwrightPolicyTests.TeamWorkflowPolicyTests/testRejectedOrMalformedApprovalNeverAuthorizesMutation
HostwrightPolicyTests.TeamWorkflowPolicyTests/testStrictProfileIsAcceptedDeterministically
HostwrightCLITests.TraceCLIIntegrationTests/testDetachedCLIBridgePreservesTheOwningTraceContext
HostwrightCLITests.TraceCLIIntegrationTests/testInspectAndConfirmedExportUseExistingStateAndPrivateExactFile
HostwrightCLITests.TraceCLIIntegrationTests/testMissingDatabaseIsNotCreated
HostwrightCLITests.TraceCLIIntegrationTests/testParserAcceptsOnlyInspectAndConsentBoundExport
HostwrightCLITests.TraceCLIIntegrationTests/testStaleConfirmationCancellationAndSymlinkParentLeaveNoArtifact
HostwrightObservabilityTests.TraceContractTests/testConcurrentChildContextsStayUnderTheOwningRoot
HostwrightObservabilityTests.TraceContractTests/testContractIsVersionedFixedAndBounded
HostwrightObservabilityTests.TraceContractTests/testDeterministicSamplingRetainsOnlySummaryAndFailureOverrideRetainsChildren
HostwrightObservabilityTests.TraceContractTests/testLimitsAndDegradedSinkNeverThrowIntoControlFlow
HostwrightObservabilityTests.TraceContractTests/testSensitiveLookingEventAndOperationLinksAreDroppedAtConstruction
HostwrightDistributionTests.TrustedReleaseTests/testArchiveNotaryTicketsAcceptRecordedDesktopBundleAndExecutable
HostwrightDistributionTests.TrustedReleaseTests/testArchiveNotaryTicketsBindBundleToFinalDesktopExecutableHash
HostwrightDistributionTests.TrustedReleaseTests/testArchiveNotaryTicketsRejectChangedRecordedDesktopInventory
HostwrightDistributionTests.TrustedReleaseTests/testArchiveNotaryTicketsRequireEverySignedExecutableHash
HostwrightDistributionTests.TrustedReleaseTests/testCleanBuildArgumentsUseOneDeterministicReleaseContract
HostwrightDistributionTests.TrustedReleaseTests/testCleanBuildCommandEvidenceRecordsExactDeterministicInvocation
HostwrightDistributionTests.TrustedReleaseTests/testCleanBuildDependencyInventoryUsesParsedSwiftPMGraph
HostwrightDistributionTests.TrustedReleaseTests/testCleanBuildInventoryRequiresQualifiedSecurityRevisions
HostwrightDistributionTests.TrustedReleaseTests/testCMSDecoderAuthenticatesPublicDetachedFixtureAndReadsActualSubjectKeyIdentifier
HostwrightDistributionTests.TrustedReleaseTests/testCMSDecoderRejectsEmbeddedContentForMatchingAndDifferentDetachedInput
HostwrightDistributionTests.TrustedReleaseTests/testCMSDecoderRejectsEmptyEmbeddedContentWithNonemptyDetachedInput
HostwrightDistributionTests.TrustedReleaseTests/testCMSDecoderRejectsTamperedDetachedContentDespiteUnchangedSignerCertificate
HostwrightDistributionTests.TrustedReleaseTests/testCMSSignerInspectorRejectsMalformedAndEmptyInputs
HostwrightDistributionTests.TrustedReleaseTests/testCMSSigningCertificateRejectsMissingAndAmbiguousIdentifiers
HostwrightDistributionTests.TrustedReleaseTests/testCMSSigningCertificateRequiresExactFingerprintAndCommonName
HostwrightDistributionTests.TrustedReleaseTests/testContainerizationHelperSigningUsesOnlyVirtualizationEntitlement
HostwrightDistributionTests.TrustedReleaseTests/testCurrentSchemaRejectsEmptyDependencyInventory
HostwrightDistributionTests.TrustedReleaseTests/testDeveloperIDParserSelectsOnlyExactApplicationAndInstallerIdentities
HostwrightDistributionTests.TrustedReleaseTests/testDistributionHashHonorsPreCancellation
HostwrightDistributionTests.TrustedReleaseTests/testDistributionRunnerRestrictsDeterministicSwiftEnvironment
HostwrightDistributionTests.TrustedReleaseTests/testHomebrewFormulaUsesImmutableArtifactAndCompleteInstalledSurface
HostwrightDistributionTests.TrustedReleaseTests/testNotarytoolLogParserRejectsIncompleteOrMismatchedArchiveTickets
HostwrightDistributionTests.TrustedReleaseTests/testNotarytoolLogParserRequiresExactArchiveTicketContents
HostwrightDistributionTests.TrustedReleaseTests/testNotarytoolParserRequiresAcceptedUUIDBoundJSON
HostwrightDistributionTests.TrustedReleaseTests/testPackageComponentPolicyPreservesPublishedSchemaTwoDesktopCompatibility
HostwrightDistributionTests.TrustedReleaseTests/testPackageComponentPolicyProducesExactNonrelocatingPkgbuildMetadata
HostwrightDistributionTests.TrustedReleaseTests/testPackageComponentPolicyRejectsSkippedOrInexactBundleMetadata
HostwrightDistributionTests.TrustedReleaseTests/testPreCancelledTrustedReleaseCreatesNoOutputAndReadsNoIdentity
HostwrightDistributionTests.TrustedReleaseTests/testPublishedPhaseTwoReleaseSchemaRemainsVerifiable
HostwrightDistributionTests.TrustedReleaseTests/testPublishedSchemaOneEmptyDependencyInventoryRemainsVerifiable
HostwrightDistributionTests.TrustedReleaseTests/testRenderedHomebrewFormulaPassesRealRubyAndHomebrewStyle
HostwrightDistributionTests.TrustedReleaseTests/testReproducibilityMismatchNamesSortedDifferingPayloadPaths
HostwrightDistributionTests.TrustedReleaseTests/testRevisionOnlyProvenanceKeepsExactCommitAndRejectsMissingOrDuplicateIdentity
HostwrightDistributionTests.TrustedReleaseTests/testStructuredReleaseOutputsAndRetentionPolicyAreStable
HostwrightDistributionTests.TrustedReleaseTests/testTrustedManifestAndProvenanceBindEveryPublishedArtifact
HostwrightDistributionTests.TrustedReleaseTests/testTrustedReleaseRequestRejectsSecretsAndMutableIdentifiersBeforeIO
HostwrightDistributionTests.TrustedReleaseTests/testTrustedReleaseRequiresMatchingActualToolVersionsFromBothCleanBuilds
HostwrightDistributionTests.TrustedReleaseTests/testTrustedSPDXInventoriesArchiveAndPackageWithLicense
HostwrightDistributionTests.TrustedReleaseTests/testVerifierRejectsUntrustedTeamAndMissingReleaseInventory
HostwrightReconcilerTests.TypedProbeStateMachineTests/testAttemptDiagnosticsAreBounded
HostwrightReconcilerTests.TypedProbeStateMachineTests/testExecutingAttemptIsResumableWithoutCountingAFalseFailure
HostwrightReconcilerTests.TypedProbeStateMachineTests/testLivenessFailureUsesExistingBoundedRestartPolicy
HostwrightReconcilerTests.TypedProbeStateMachineTests/testManifestProbeMappingPreservesEveryTypedField
HostwrightReconcilerTests.TypedProbeStateMachineTests/testReadinessThresholdPreservesLastStableOutcome
HostwrightReconcilerTests.TypedProbeStateMachineTests/testRedirectPolicyAllowsAtMostThreeSameOriginLoopbackRedirects
HostwrightReconcilerTests.TypedProbeStateMachineTests/testStableHealthCheckpointSurvivesRepeatedSuccessAndResetsOnDeclaredFailure
HostwrightReconcilerTests.TypedProbeStateMachineTests/testStaleAttemptResultIsRejected
HostwrightReconcilerTests.TypedProbeStateMachineTests/testStartPeriodDefersStartupExecution
HostwrightReconcilerTests.TypedProbeStateMachineTests/testStartupSuccessThresholdGatesReadinessAndLiveness
HostwrightReconcilerTests.TypedProbeStateMachineTests/testUnavailableLivenessIsExplicitAndDoesNotRestartWorkload
HostwrightReconcilerTests.TypedProbeStateMachineTests/testValidatorRejectsUnboundedAndAmbiguousProbeInputs
HostwrightReconcilerTests.TypedProbeStateMachineTests/testValidatorReportsUnavailableProbeActionBeforeExecution
HostwrightReconcilerTests.TypedProbeStateMachineTests/testValidatorRequiresDeclaredLoopbackPort
HostwrightHealthTests.VMReclamationTests/testChangedReclamationConfigurationFailsClosedBeforeTransition
HostwrightHealthTests.VMReclamationTests/testDuplicateAndOutOfOrderTransitionsFailClosed
HostwrightHealthTests.VMReclamationTests/testEveryTransitionRejectsCallerTimeRegressionAndPrePlanObservation
HostwrightHealthTests.VMReclamationTests/testHappyPathRequiresBothConfirmedMutationsAndStableMeasuredRecovery
HostwrightHealthTests.VMReclamationTests/testIdentityFenceDigestAndOwnershipMismatchesFailClosed
HostwrightHealthTests.VMReclamationTests/testIntentAndMemorySamplesRoundTripAsCodableContracts
HostwrightHealthTests.VMReclamationTests/testIntentRequiresBoundedDigestAndNonzeroFence
HostwrightHealthTests.VMReclamationTests/testInvalidDecreasingAndOutOfOrderMemorySamplesFailClosed
HostwrightHealthTests.VMReclamationTests/testInvalidReclamationConfigurationIsRejected
HostwrightHealthTests.VMReclamationTests/testNonMemoryTransitionsRejectUnexpectedMemoryPayloads
HostwrightHealthTests.VMReclamationTests/testPersistedIntentDecoderRejectsForgedReclaimedBytes
HostwrightHealthTests.VMReclamationTests/testReclaimedBytesAreCappedToOwnedRequestedAmount
HostwrightHealthTests.VMReclamationTests/testReclamationConfigurationCarriesReplayVersion
HostwrightHealthTests.VMReclamationTests/testRecoveryBelowThresholdIsHeldWithoutReportingReclaimedBytes
HostwrightHealthTests.VMReclamationTests/testRejectedStaleRequestDoesNotPreventValidReplay
HostwrightHealthTests.VMReclamationTests/testTimeoutAndExpiryNeverProduceReclaimedCapacity
HostwrightDistributionTests.VendorTapQualificationTests/testQualificationContractAcceptsOnlyDistinctExactCommits
HostwrightNetworkProvidersTests.WasmKitNetworkProviderExecutorTests/testCrashedWorkerFailsClosedAndTemporaryFilesAreRemoved
HostwrightNetworkProvidersTests.WasmKitNetworkProviderExecutorTests/testHungWorkerIsKilledAtDeadlineAndTemporaryFilesAreRemoved
HostwrightNetworkProvidersTests.WasmKitNetworkProviderExecutorTests/testOutputOverflowFailsClosed
HostwrightNetworkProvidersTests.WasmKitNetworkProviderExecutorTests/testRealWasmEchoesCanonicalBytesInRestrictedWorker
HostwrightNetworkProvidersTests.WasmKitNetworkProviderExecutorTests/testRejectsModuleWhoseDeclaredMaximumExceeds64MiB
HostwrightNetworkProvidersTests.WasmKitNetworkProviderExecutorTests/testTrapFailsClosed
HostwrightNetworkProvidersTests.WasmKitNetworkProviderExecutorTests/testWorkerPrintsSPIContractVersion
HostwrightDaemonTests.WorkloadProfileControlOperationsTests/testAdmissionBindsResolvedWorkloadProfileHashAndRejectsMismatch
HostwrightDaemonTests.WorkloadProfileControlOperationsTests/testEveryProfileOperationRejectsUnknownBodyFieldsWithoutStateChange
HostwrightDaemonTests.WorkloadProfileControlOperationsTests/testOwnerControlsCreateUpdateResolvePreviewDriftAndDelete
HostwrightDaemonTests.WorkloadProfileControlOperationsTests/testRBACReadWriteAndWeakeningApprovalAreFailClosed
HostwrightPolicyTests.WorkloadProfilePolicyEngineTests/testLegacyRequestsWithoutProfileRemainUnbound
HostwrightPolicyTests.WorkloadProfilePolicyEngineTests/testManifestAdmissionReasonsAreSortedAndStableAcrossClaimOrder
HostwrightPolicyTests.WorkloadProfilePolicyEngineTests/testManifestAdmissionUsesLimitsAndSchedulingClaimsAsProfileCeilings
HostwrightPolicyTests.WorkloadProfilePolicyEngineTests/testProfileCPUMemoryCeilingsApplyToRuntimeLimitValues
HostwrightPolicyTests.WorkloadProfilePolicyEngineTests/testProfileV1RejectsInvalidVersionPathsNetworkIdentityAndGrants
HostwrightPolicyTests.WorkloadProfilePolicyEngineTests/testProviderCapabilityDesiredWorkloadAndDriftFailuresAreExplicit
HostwrightPolicyTests.WorkloadProfilePolicyEngineTests/testResolutionInheritsOptionalLimitsAndProducesStableHash
HostwrightPolicyTests.WorkloadProfilePolicyEngineTests/testRuntimeAllowedProviderInheritanceTreatsEmptyBaseAsUnrestricted
HostwrightPolicyTests.WorkloadProfilePolicyEngineTests/testWeakeningApprovalCannotReplayAfterInheritedBaseChanges
HostwrightPolicyTests.WorkloadProfilePolicyEngineTests/testWeakeningReasonsCoverEveryFrozenProfileDimension
HostwrightPolicyTests.WorkloadProfilePolicyEngineTests/testWeakeningRequiresExactRbacApprovedFutureApproval
HostwrightStateTests.WorkloadProfileRepositoryTests/testCanonicalCreateListAndReopenRoundTrip
HostwrightStateTests.WorkloadProfileRepositoryTests/testCycleUpdateIsRejectedAndTransactionRollsBack
HostwrightStateTests.WorkloadProfileRepositoryTests/testInheritanceDepthAboveThirtyTwoIsRejectedTransactionally
HostwrightStateTests.WorkloadProfileRepositoryTests/testLatestSchemaPersistsWorkloadProfiles
HostwrightStateTests.WorkloadProfileRepositoryTests/testMissingParentIsRejectedBeforePersistence
HostwrightStateTests.WorkloadProfileRepositoryTests/testParentDeletionIsProtectedWhileChildExists
HostwrightStateTests.WorkloadProfileRepositoryTests/testSchemaV20RejectsWorkloadProfilePersistence
HostwrightStateTests.WorkloadProfileRepositoryTests/testTamperedCanonicalJSONAndDigestFailClosed
HostwrightStateTests.WorkloadProfileRepositoryTests/testUpdateAdvancesGenerationAndPreservesCreator
HostwrightXPCProviderTests.XPCProviderCodecTests/testEveryResponseShapeRoundTripsAndCannotOverlap
HostwrightXPCProviderTests.XPCProviderCodecTests/testFrozenRequirementsAndServiceNameValidation
HostwrightXPCProviderTests.XPCProviderCodecTests/testRequestAndCancelRoundTripThroughExactDictionary
HostwrightXPCProviderTests.XPCProviderCodecTests/testUnknownOversizedAndWrongTypedFieldsFailClosed
HostwrightCLITests.ApplyLifecycleCompatibilityTests/approvedApplyExecutesTheConfirmedUpPlanAndRecordsApproval()
HostwrightCLITests.ApplyLifecycleCompatibilityTests/mismatchedApprovalFailsBeforeLifecyclePreparationOrMutation()
HostwrightCLITests.ApplyLifecycleCompatibilityTests/profiledLegacyApplyHashDoesNotConstructLifecycleDriver()
HostwrightCLITests.ApplyLifecycleCompatibilityTests/unprofiledLegacyApplyHashDoesNotConstructLifecycleDriver()
HostwrightCLITests.InteractiveCLIOptionsTests/attachTTYSelectionIsExactAndDefaultsToEnabled()
HostwrightCLITests.InteractiveCLIOptionsTests/parsesCopyWithExactlyOneContainerEndpoint()
HostwrightCLITests.InteractiveCLIOptionsTests/parsesExecWithoutShellInterpretation()
HostwrightCLITests.InteractiveCLIOptionsTests/parsesLogsFollowIntoTheExactNoninteractiveStreamOperation()
HostwrightCLITests.InteractiveCLIOptionsTests/rejectsFollowOnlyOptionsWithoutFollow()
HostwrightCLITests.InteractiveCLIOptionsTests/rejectsUnsafeOrAmbiguousStreamingArguments(arguments:)
HostwrightCLITests.LifecycleCLIOptionsTests/parsesCompleteDryRunContractDeterministically()
HostwrightCLITests.LifecycleCLIOptionsTests/parsesExactConfirmationAndRunTarget()
HostwrightCLITests.LifecycleCLIOptionsTests/rejectsAmbiguousOrUnsafeMutationArguments(arguments:)
HostwrightCLITests.LifecycleCommandRunnerTests/confirmationMismatchHasZeroImageOrMutationEffects()
HostwrightCLITests.LifecycleCommandRunnerTests/desiredSpecificationSortsPortsByStableTypedFields()
HostwrightCLITests.LifecycleCommandRunnerTests/downPreservesAndRemoveDeletesOnlyExactOwnedResource()
HostwrightCLITests.LifecycleCommandRunnerTests/dryRunBindsMutableTagToExactDescriptorAndPlatformVariant()
HostwrightCLITests.LifecycleCommandRunnerTests/dryRunCompilesSharedSagaPlanNormalizesBindsAndNeverPersistsSecrets()
HostwrightCLITests.LifecycleCommandRunnerTests/exactConfirmationRevalidatesThenExecutesOnce()
HostwrightCLITests.LifecycleCommandRunnerTests/existingAbsoluteBindSourceCompiles()
HostwrightCLITests.LifecycleCommandRunnerTests/existingMutationWithoutUUIDOwnershipFailsClosed()
HostwrightCLITests.LifecycleCommandRunnerTests/failedImageEvidencePreventsRevalidationAndExecution()
HostwrightCLITests.LifecycleCommandRunnerTests/imageLockingAndMountNormalizationPreserveNetworkIntent()
HostwrightCLITests.LifecycleCommandRunnerTests/missingRelativeAndAbsoluteBindSourcesFailBeforeMutation()
HostwrightCLITests.LifecycleCommandRunnerTests/movedTagProducesANewPlanAndRefusesTheReviewedConfirmation()
HostwrightCLITests.LifecycleCommandRunnerTests/namedVolumeFailsBeforeRuntimeMutation()
HostwrightCLITests.LifecycleCommandRunnerTests/partialSafeHoldRendersExactCanonicalResourceOutcomesAsJSON()
HostwrightCLITests.LifecycleCommandRunnerTests/recreateAvailabilityImpactIsVisibleAndConfirmationBound()
HostwrightCLITests.LifecycleCommandRunnerTests/repeatedLifecycleGroupReusesOnlyExactPlanScopedImageLockEvidence()
HostwrightCLITests.LifecycleCommandRunnerTests/resolvedNamedVolumeCompilesBeforeProviderPathExists()
HostwrightCLITests.LifecycleCommandRunnerTests/resourceOutcomeOrderIsDeterministicAcrossInputAndCompletionOrder()
HostwrightCLITests.LifecycleCommandRunnerTests/runUsesOneDeterministicEphemeralIdentityAndRequiresLocalImage()
HostwrightCLITests.LifecycleCommandRunnerTests/runningRestartDurablyOrdersStopThenStartBeforeHooksAndProbes()
HostwrightCLITests.LifecycleCommandRunnerTests/schedulerReleaseUsesOwnedRemovalRatherThanStop()
HostwrightCLITests.LifecycleCommandRunnerTests/startDoesNotCreateAMissingResource()
HostwrightCLITests.LifecycleCommandRunnerTests/stoppedRestartSkipsPreStopButRunsPostStartAfterActualStart()
HostwrightCLITests.LifecycleCommandRunnerTests/unattendedDaemonAuthorityFailsClosedWithoutValidatorAndOnNodeEpochTOCTOU()
HostwrightCLITests.LifecycleCommandRunnerTests/unattendedMaintenanceOverrideCancelledBeforeEffectFailsClosed()
HostwrightCLITests.LifecycleCommandRunnerTests/unattendedMaintenanceOverridePastHardDeadlineFailsClosed()
HostwrightCLITests.LifecycleCommandRunnerTests/unattendedMaintenanceWindowClosingBeforeEffectFailsClosed()
HostwrightCLITests.LifecycleCommandRunnerTests/unattendedReconciliationDefersAnEmptyBudgetSelectionWithoutExecution()
HostwrightCLITests.LifecycleCommandRunnerTests/unattendedReconciliationHonorsCancellationBeforePlanning()
HostwrightCLITests.LifecycleCommandRunnerTests/unattendedReconciliationPreservesPostAdmissionFailureAsInterruptedMutation()
HostwrightCLITests.LifecycleCommandRunnerTests/unattendedReconciliationRejectsChangedManifestBytesBeforePlanning()
HostwrightCLITests.LifecycleCommandRunnerTests/unattendedReconciliationRejectsChangedPolicyTargetBeforeExecution()
HostwrightCLITests.LifecycleCommandRunnerTests/unattendedReconciliationReportsAnEmptySharedDAGAsConverged()
HostwrightCLITests.LifecycleCommandRunnerTests/unattendedReconciliationReportsVerificationOnlyDAGAsConverged()
HostwrightCLITests.LifecycleCommandRunnerTests/unattendedReconciliationUsesTheExactSharedPlanAndSagaOnce()
HostwrightCLITests.LifecycleCommandRunnerTests/upRepairsSupportedDesiredDriftThroughTheExistingUpdatePlanner()
HostwrightCLITests.LifecycleCommandRunnerTests/updateCompilesRealRollingPlanFromVerifiedPreviousRevision()
HostwrightCLITests.LifecycleCommandRunnerTests/updatePreservesPriorTagLockWhileResolvingTheDesiredTagAgain()
HostwrightCLITests.LifecycleCommandRunnerTests/updateRejectsLegacyMutablePriorRevisionWithoutAnImmutableLock()
HostwrightCLITests.LifecycleCommandRunnerTests/updateResultExposesVersionedExactRolloutStageAndRevisionIdentities()
HostwrightCLITests.LifecycleProfileIntegrationTests/exactProfileBindingSurvivesLifecycleParsing()
HostwrightCLITests.LifecycleProfileIntegrationTests/incompleteOrUnsafeProfileBindingFailsClosed(arguments:)
HostwrightCLITests.LifecycleProfileIntegrationTests/mixedPriorProfileAuthorityFailsBeforeRuntimeMutation()
HostwrightCLITests.LifecycleProfileIntegrationTests/profileBindingIsPersistedInDesiredRuntimeLabelsAndCannotBeOmitted()
HostwrightCLITests.LifecycleProfileIntegrationTests/switchingToAWeakerProfileFailsBeforeRuntimeMutation()
HostwrightStorageTests.StorageProviderClientTests/invokesTypedCanonicalOperation()
HostwrightStorageTests.StorageProviderClientTests/preservesNormalizedProviderFailure()
HostwrightStorageTests.StorageProviderClientTests/refusesUnavailableCapabilityBeforeInvocation()
