[1/1] Compiling plugin WITExtractorPlugin
[2/2] Compiling plugin WITOverlayPlugin
[3/3] Compiling plugin GenerateManual
[4/4] Compiling plugin GenerateDoccReference
[5/5] Compiling plugin generate-grpc-code-from-protos
[6/6] Compiling plugin GRPCProtobufGenerator
[7/7] Compiling plugin SwiftProtobufPlugin
Building for debugging...
[7/1194] /SOURCE/.build/arm64-apple-macosx/debug/hostwrightPackageTests.derived/runner.swift
[8/1194] Write swift-version--58304C5D6DBC2206.txt
[9/1194] Copying PrivacyInfo.xcprivacy
[17/1194] Compiling zdict.c
[18/1194] Compiling fastcover.c
[19/1194] Compiling divsufsort.c
[20/1194] Compiling cover.c
[21/1194] Compiling zstd_decompress_block.c
[22/1194] Compiling zstd_decompress.c
[23/1194] Compiling zstd_ddict.c
[24/1194] Compiling huf_decompress_amd64.S
[25/1194] Compiling huf_decompress.c
[26/1194] Compiling zstdmt_compress.c
[27/1194] Compiling zstd_preSplit.c
[28/1194] Compiling zstd_opt.c
[29/1194] Compiling zstd_ldm.c
[30/1194] Compiling zstd_lazy.c
[31/1194] Compiling zstd_fast.c
[32/1194] Compiling zstd_double_fast.c
[33/1194] Compiling zstd_compress_superblock.c
[34/1194] Compiling zstd_compress_sequences.c
[35/1194] Compiling zstd_compress_literals.c
[36/1194] Compiling zstd_compress.c
[37/1194] Compiling huf_compress.c
[38/1194] Compiling hist.c
[39/1194] Compiling fse_compress.c
[40/1194] Compiling zstd_common.c
[41/1194] Compiling xxhash.c
[42/1194] Compiling threading.c
[43/1194] Compiling pool.c
[44/1194] Compiling fse_decompress.c
[45/1194] Compiling error_private.c
[46/1194] Compiling entropy_common.c
[47/1194] Compiling debug.c
[48/1194] Write hostwrightd-entitlement.plist
[49/1194] Copying apple-container-list-running.txt
[50/1194] Copying apple-container-list-redaction.txt
[51/1194] Copying apple-container-list-proof-created-real-json.txt
[52/1194] Copying apple-container-list-empty.txt
[53/1194] Copying apple-container-list-empty-real-json.txt
[54/1194] Copying apple-container-list-builder-real-json.txt
[55/1194] Copying apple-container-image-list-real-json.txt
[56/1194] Copying apple-container-1.1.0-volume-list.json
[57/1194] Copying apple-container-1.1.0-version.txt
[58/1194] Copying apple-container-1.1.0-system-status.json
[59/1194] Copying apple-container-1.1.0-stats.json
[60/1194] Copying apple-container-1.1.0-network-list.json
[61/1194] Copying apple-container-1.1.0-machine-list.json
[62/1194] Copying apple-container-1.1.0-list.json
[63/1194] Copying apple-container-1.1.0-inventory-containers.json
[64/1194] Copying apple-container-1.1.0-image-list.json
[65/1194] Copying apple-container-1.0.0-volume-list.json
[66/1194] Copying apple-container-1.0.0-version.txt
[67/1194] Copying apple-container-1.0.0-system-status.json
[68/1194] Copying apple-container-1.0.0-stats.json
[69/1194] Copying apple-container-1.0.0-network-list.json
[70/1194] Copying apple-container-1.0.0-machine-list.json
[71/1194] Copying apple-container-1.0.0-list.json
[72/1194] Copying apple-container-1.0.0-inventory-containers.json
[73/1194] Copying apple-container-1.0.0-image-list.json
[74/1194] Copying qualification-budget-valid.json
[75/1194] Copying qualification-budget-unknown-key.json
[76/1194] Copying evidence-report-valid.json
[77/1194] Copying evidence-report-unknown-key.json
[78/1194] Copying resource-report-phase26.json
[79/1194] Copying benchmark-report-phase36.json
[80/1194] Copying ExtensionFixture.swift
[81/1194] Copying dev12-installation-status.json
[82/1194] Copying dev12-install-manifest.json
[83/1194] Copying README.md
[84/1194] Copying SecureSubprocessFixture.swift
[85/1194] Write sources
[86/1194] Write hostwright-xpc-provider-service-entitlement.plist
[87/1194] Write hostwright-xpc-provider-qualification-entitlement.plist
[88/1194] Write hostwright-wasi-reference-provider-entitlement.plist
[89/1194] Write hostwright-wasi-provider-worker-entitlement.plist
[90/1194] Write hostwright-wasi-provider-qualification-entitlement.plist
[91/1194] Write hostwright-wasi-adversarial-provider-entitlement.plist
[92/1194] Write hostwright-tunnel-qualification-entitlement.plist
[93/1194] Write hostwright-stream-qualification-entitlement.plist
[94/1194] Write hostwright-storage-helper-entitlement.plist
[95/1194] Write hostwright-runtime-conformance-entitlement.plist
[96/1194] Write hostwright-release-qualify-entitlement.plist
[97/1194] Write hostwright-rbac-qualification-entitlement.plist
[98/1194] Write hostwright-profile-qualification-entitlement.plist
[99/1194] Write hostwright-pod-sandbox-guest-entitlement.plist
[100/1194] Write hostwright-network-provider-worker-entitlement.plist
[101/1194] Write hostwright-network-helper-entitlement.plist
[102/1194] Write hostwright-entitlement.plist
[103/1194] Write hostwright-docker-proxy-entitlement.plist
[104/1194] Write hostwright-dist-entitlement.plist
[105/1194] Write hostwright-desktop-entitlement.plist
[106/1194] Write hostwright-critical-fuzzer-entitlement.plist
[107/1194] Write hostwright-control-security-qualification-entitlement.plist
[108/1194] Write hostwright-control-entitlement.plist
[109/1194] Write hostwright-containerization-helper-entitlement.plist
[110/1194] Write hostwright-audit-qualification-entitlement.plist
[111/1194] Write hostwright-admission-qualification-entitlement.plist
[112/1194] Write hostwright-accelerator-service-entitlement.plist
[113/1194] Write sources
[114/1194] Compiling _NumericsShims _NumericsShims.c
[115/1194] Write sources
[119/1195] Emitting module _NIODataStructures
[120/1198] Compiling _NIODataStructures Heap.swift
[121/1198] Compiling _NIODataStructures PriorityQueue.swift
[122/1198] Compiling _NIODataStructures _TinyArray.swift
[123/1199] Emitting module _NIOBase64
[124/1200] Compiling _NIOBase64 Base64.swift
[124/1200] Write sources
[126/1200] Compiling _CWasmKit _CWasmKit.c
[128/1201] Emitting module _CertificateInternals
[129/1202] Compiling _CertificateInternals _TinyArray.swift
[129/1202] Compiling _CWasmKit TrapGuard.c
[130/1202] Compiling _AtomicsShims.c
[131/1202] Write sources
[136/1203] Emitting module WasmTypes
[137/1205] Compiling WasmTypes GuestMemory.swift
[138/1205] Compiling WasmTypes WasmTypes.swift
[138/1205] Write sources
[145/1205] Copying PrivacyInfo.xcprivacy
[146/1205] Write sources
[149/1206] Emitting module SwiftProtobuf
[150/1230] Compiling SwiftProtobuf AnyMessageStorage.swift
[151/1230] Compiling SwiftProtobuf AnyUnpackError.swift
[152/1230] Compiling SwiftProtobuf AsyncMessageSequence.swift
[153/1230] Compiling SwiftProtobuf BinaryDecoder.swift
[154/1230] Compiling SwiftProtobuf BinaryDecodingError.swift
[155/1230] Compiling SwiftProtobuf BinaryDecodingOptions.swift
[156/1230] Compiling SwiftProtobuf BinaryDelimited.swift
[157/1230] Compiling SwiftProtobuf BinaryEncoder.swift
[158/1230] Compiling SwiftProtobuf BinaryEncodingError.swift
[159/1230] Compiling SwiftProtobuf BinaryEncodingOptions.swift
[160/1230] Compiling SwiftProtobuf BinaryEncodingSizeVisitor.swift
[161/1230] Compiling SwiftProtobuf BinaryEncodingVisitor.swift
[162/1230] Compiling SwiftProtobuf BytecodeInterpreter.swift
[163/1230] Compiling SwiftProtobuf BytecodeReader.swift
[164/1230] Compiling SwiftProtobuf CustomJSONCodable.swift
[165/1230] Compiling SwiftProtobuf Decoder.swift
[166/1230] Compiling SwiftProtobuf DoubleParser.swift
[167/1230] Compiling SwiftProtobuf Enum.swift
[168/1230] Compiling SwiftProtobuf ExtensibleMessage.swift
[169/1230] Compiling SwiftProtobuf ExtensionFieldValueSet.swift
[170/1230] Compiling SwiftProtobuf ExtensionFields.swift
[171/1230] Compiling SwiftProtobuf ExtensionMap.swift
[172/1230] Compiling SwiftProtobuf FieldTag.swift
[173/1230] Compiling SwiftProtobuf FieldTypes.swift
[174/1254] Compiling SwiftProtobuf Google_Protobuf_Any+Extensions.swift
[175/1254] Compiling SwiftProtobuf Google_Protobuf_Any+Registry.swift
[176/1254] Compiling SwiftProtobuf Google_Protobuf_Duration+Extensions.swift
[177/1254] Compiling SwiftProtobuf Google_Protobuf_FieldMask+Extensions.swift
[178/1254] Compiling SwiftProtobuf Google_Protobuf_ListValue+Extensions.swift
[179/1254] Compiling SwiftProtobuf Google_Protobuf_NullValue+Extensions.swift
[180/1254] Compiling SwiftProtobuf Google_Protobuf_Struct+Extensions.swift
[181/1254] Compiling SwiftProtobuf Google_Protobuf_Timestamp+Extensions.swift
[182/1254] Compiling SwiftProtobuf Google_Protobuf_Value+Extensions.swift
[183/1254] Compiling SwiftProtobuf Google_Protobuf_Wrappers+Extensions.swift
[184/1254] Compiling SwiftProtobuf HashVisitor.swift
[185/1254] Compiling SwiftProtobuf Internal.swift
[186/1254] Compiling SwiftProtobuf JSONDecoder.swift
[187/1254] Compiling SwiftProtobuf JSONDecodingError.swift
[188/1254] Compiling SwiftProtobuf JSONDecodingOptions.swift
[189/1254] Compiling SwiftProtobuf JSONEncoder.swift
[190/1254] Compiling SwiftProtobuf JSONEncodingError.swift
[191/1254] Compiling SwiftProtobuf JSONEncodingOptions.swift
[192/1254] Compiling SwiftProtobuf JSONEncodingVisitor.swift
[193/1254] Compiling SwiftProtobuf JSONMapEncodingVisitor.swift
[194/1254] Compiling SwiftProtobuf JSONScanner.swift
[195/1254] Compiling SwiftProtobuf MathUtils.swift
[196/1254] Compiling SwiftProtobuf Message+AnyAdditions.swift
[197/1254] Compiling SwiftProtobuf Message+BinaryAdditions.swift
[198/1278] Compiling SwiftProtobuf Message+BinaryAdditions_Data.swift
[199/1278] Compiling SwiftProtobuf Message+FieldMask.swift
[200/1278] Compiling SwiftProtobuf Message+JSONAdditions.swift
[201/1278] Compiling SwiftProtobuf Message+JSONAdditions_Data.swift
[202/1278] Compiling SwiftProtobuf Message+JSONArrayAdditions.swift
[203/1278] Compiling SwiftProtobuf Message+JSONArrayAdditions_Data.swift
[204/1278] Compiling SwiftProtobuf Message+TextFormatAdditions.swift
[205/1278] Compiling SwiftProtobuf Message.swift
[206/1278] Compiling SwiftProtobuf MessageExtension.swift
[207/1278] Compiling SwiftProtobuf NameMap.swift
[208/1278] Compiling SwiftProtobuf PathDecoder.swift
[209/1278] Compiling SwiftProtobuf PathVisitor.swift
[210/1278] Compiling SwiftProtobuf ProtoNameProviding.swift
[211/1278] Compiling SwiftProtobuf ProtobufAPIVersionCheck.swift
[212/1278] Compiling SwiftProtobuf ProtobufMap.swift
[213/1278] Compiling SwiftProtobuf SelectiveVisitor.swift
[214/1278] Compiling SwiftProtobuf SimpleExtensionMap.swift
[215/1278] Compiling SwiftProtobuf StringUtils.swift
[216/1278] Compiling SwiftProtobuf SwiftProtobufContiguousBytes.swift
[217/1278] Compiling SwiftProtobuf SwiftProtobufError.swift
[218/1278] Compiling SwiftProtobuf TextFormatDecoder.swift
[219/1278] Compiling SwiftProtobuf TextFormatDecodingError.swift
[220/1278] Compiling SwiftProtobuf TextFormatDecodingOptions.swift
[221/1278] Compiling SwiftProtobuf TextFormatEncoder.swift
[222/1301] Compiling SwiftProtobuf TextFormatEncodingOptions.swift
[223/1301] Compiling SwiftProtobuf TextFormatEncodingVisitor.swift
[224/1301] Compiling SwiftProtobuf TextFormatScanner.swift
[225/1301] Compiling SwiftProtobuf TimeUtils.swift
[226/1301] Compiling SwiftProtobuf UnknownStorage.swift
[227/1301] Compiling SwiftProtobuf UnsafeRawPointer+Shims.swift
[228/1301] Compiling SwiftProtobuf Varint.swift
[229/1301] Compiling SwiftProtobuf Version.swift
[230/1301] Compiling SwiftProtobuf Visitor.swift
[231/1301] Compiling SwiftProtobuf WireFormat.swift
[232/1301] Compiling SwiftProtobuf ZigZag.swift
[233/1301] Compiling SwiftProtobuf any.pb.swift
[234/1301] Compiling SwiftProtobuf api.pb.swift
[235/1301] Compiling SwiftProtobuf descriptor.pb.swift
[236/1301] Compiling SwiftProtobuf duration.pb.swift
[237/1301] Compiling SwiftProtobuf empty.pb.swift
[238/1301] Compiling SwiftProtobuf field_mask.pb.swift
[239/1301] Compiling SwiftProtobuf source_context.pb.swift
[240/1301] Compiling SwiftProtobuf struct.pb.swift
[241/1301] Compiling SwiftProtobuf timestamp.pb.swift
[242/1301] Compiling SwiftProtobuf type.pb.swift
[243/1301] Compiling SwiftProtobuf wrappers.pb.swift
[244/1301] Compiling SwiftProtobuf resource_bundle_accessor.swift
[245/1302] Emitting module SwiftASN1
[246/1320] Compiling SwiftASN1 ASN1.swift
[247/1320] Compiling SwiftASN1 BER.swift
[248/1320] Compiling SwiftASN1 ASN1Any.swift
[249/1320] Compiling SwiftASN1 ASN1BitString.swift
[250/1320] Compiling SwiftASN1 ASN1Boolean.swift
[251/1320] Compiling SwiftASN1 ASN1Identifier.swift
[252/1320] Compiling SwiftASN1 ASN1Integer.swift
[253/1320] Compiling SwiftASN1 ASN1Null.swift
[254/1320] Compiling SwiftASN1 ASN1OctetString.swift
[255/1320] Compiling SwiftASN1 ASN1Strings.swift
[256/1320] Compiling SwiftASN1 ArraySliceBigint.swift
[257/1320] Compiling SwiftASN1 GeneralizedTime.swift
[258/1320] Compiling SwiftASN1 ObjectIdentifier.swift
[259/1320] Compiling SwiftASN1 PEMDocument.swift
[260/1320] Compiling SwiftASN1 TimeUtilities.swift
[261/1320] Compiling SwiftASN1 UTCTime.swift
[262/1320] Compiling SwiftASN1 DER.swift
[263/1320] Compiling SwiftASN1 Errors.swift
[263/1320] Write sources
[267/1321] Emitting module ServiceContextModule
[268/1323] Compiling ServiceContextModule ServiceContext.swift
[269/1323] Compiling ServiceContextModule ServiceContextKey.swift
[270/1324] Emitting module RealModule
[271/1335] Compiling RealModule AlgebraicField.swift
[272/1335] Compiling RealModule ApproximateEquality.swift
[273/1335] Compiling RealModule AugmentedArithmetic.swift
[274/1335] Compiling RealModule Double+Real.swift
[275/1335] Compiling RealModule ElementaryFunctions.swift
[276/1335] Compiling RealModule Float+Real.swift
[277/1335] Compiling RealModule Float16+Real.swift
[278/1335] Compiling RealModule Float80+Real.swift
[279/1335] Compiling RealModule Real.swift
[280/1335] Compiling RealModule RealFunctions.swift
[281/1335] Compiling RealModule RelaxedArithmetic.swift
[281/1335] Write sources
[303/1336] Emitting module Logging
[304/1347] Compiling Logging MultiplexLogHandler.swift
[305/1347] Compiling Logging StreamLogHandler.swift
[306/1347] Compiling Logging SwiftLogNoOpLogHandler.swift
[307/1347] Compiling Logging Locks.swift
[308/1347] Compiling Logging LogEvent.swift
[309/1347] Compiling Logging LogHandler.swift
[310/1347] Compiling Logging Logger+Attributes.swift
[311/1347] Compiling Logging Logger+With.swift
[312/1347] Compiling Logging Logger.swift
[313/1347] Compiling Logging LoggingSystem.swift
[314/1347] Compiling Logging MetadataProvider.swift
[315/1348] Emitting module InternalCollectionsUtilities
[316/1367] Compiling InternalCollectionsUtilities Debugging.swift
[317/1367] Compiling InternalCollectionsUtilities Descriptions.swift
[318/1367] Compiling InternalCollectionsUtilities FixedWidthInteger+roundUpToPowerOfTwo.swift
[319/1367] Compiling InternalCollectionsUtilities Integer rank.swift
[320/1367] Compiling InternalCollectionsUtilities UInt+first and last set bit.swift
[321/1367] Compiling InternalCollectionsUtilities UInt+reversed.swift
[322/1367] Compiling InternalCollectionsUtilities LifetimeOverride.swift
[323/1367] Compiling InternalCollectionsUtilities RandomAccessCollection+Offsets.swift
[324/1367] Compiling InternalCollectionsUtilities Span+Extras.swift
[325/1367] Compiling InternalCollectionsUtilities String+Padding.swift
[326/1367] Compiling InternalCollectionsUtilities _UnsafeBitSet+Index.swift
[327/1367] Compiling InternalCollectionsUtilities _UnsafeBitSet+_Word.swift
[328/1367] Compiling InternalCollectionsUtilities _UnsafeBitSet.swift
[329/1367] Compiling InternalCollectionsUtilities UnsafeBufferPointer+Extras.swift
[330/1367] Compiling InternalCollectionsUtilities UnsafeMutableBufferPointer+Extras.swift
[331/1367] Compiling InternalCollectionsUtilities UnsafeMutableRawBufferPointer+Extras.swift
[332/1367] Compiling InternalCollectionsUtilities UnsafeRawBufferPointer+Extras.swift
[333/1367] Compiling InternalCollectionsUtilities _SortedCollection.swift
[334/1367] Compiling InternalCollectionsUtilities _UniqueCollection.swift
[334/1367] Write sources
[336/1368] Emitting module _RopeModule
[337/1388] Compiling _RopeModule BigString+Builder.swift
[338/1388] Compiling _RopeModule BigString+Contents.swift
[339/1388] Compiling _RopeModule BigString+Debugging.swift
[340/1388] Compiling _RopeModule BigString+Index.swift
[341/1388] Compiling _RopeModule BigString+Ingester.swift
[342/1388] Compiling _RopeModule BigString+Invariants.swift
[343/1388] Compiling _RopeModule BigString+Metrics.swift
[344/1388] Compiling _RopeModule BigString+Summary.swift
[345/1388] Compiling _RopeModule BigString.swift
[346/1388] Compiling _RopeModule BigString+Chunk+Append and Insert.swift
[347/1388] Compiling _RopeModule BigString+Chunk+Breaks.swift
[348/1388] Compiling _RopeModule BigString+Chunk+Character.swift
[349/1388] Compiling _RopeModule BigString+Chunk+Counts.swift
[350/1388] Compiling _RopeModule BigString+Chunk+Description.swift
[351/1388] Compiling _RopeModule BigString+Chunk+Index.swift
[352/1388] Compiling _RopeModule BigString+Chunk+RopeElement.swift
[353/1388] Compiling _RopeModule BigString+Chunk+Splitting.swift
[354/1388] Compiling _RopeModule BigString+Chunk+UTF16.swift
[355/1388] Compiling _RopeModule BigString+Chunk+UTF8.swift
[356/1388] Compiling _RopeModule BigString+Chunk+UnicodeScalar.swift
[357/1408] Compiling _RopeModule BigString+Chunk.swift
[358/1408] Compiling _RopeModule BigString+BidirectionalCollection.swift
[359/1408] Compiling _RopeModule BigString+Comparable.swift
[360/1408] Compiling _RopeModule BigString+CustomDebugStringConvertible.swift
[361/1408] Compiling _RopeModule BigString+CustomStringConvertible.swift
[362/1408] Compiling _RopeModule BigString+Equatable.swift
[363/1408] Compiling _RopeModule BigString+ExpressibleByStringLiteral.swift
[364/1408] Compiling _RopeModule BigString+Hashing.swift
[365/1408] Compiling _RopeModule BigString+LosslessStringConvertible.swift
[366/1408] Compiling _RopeModule BigString+RangeReplaceableCollection.swift
[367/1408] Compiling _RopeModule BigString+Sequence.swift
[368/1408] Compiling _RopeModule BigString+TextOutputStream.swift
[369/1408] Compiling _RopeModule BigString+Append.swift
[370/1408] Compiling _RopeModule BigString+Initializers.swift
[371/1408] Compiling _RopeModule BigString+Insert.swift
[372/1408] Compiling _RopeModule BigString+Managing Breaks.swift
[373/1408] Compiling _RopeModule BigString+RemoveSubrange.swift
[374/1408] Compiling _RopeModule BigString+ReplaceSubrange.swift
[375/1408] Compiling _RopeModule BigString+Split.swift
[376/1408] Compiling _RopeModule Range+BigString.swift
[377/1427] Compiling _RopeModule BigString+UTF16View.swift
[378/1427] Compiling _RopeModule BigString+UTF8View.swift
[379/1427] Compiling _RopeModule BigString+UnicodeScalarView.swift
[380/1427] Compiling _RopeModule BigSubstring+UTF16View.swift
[381/1427] Compiling _RopeModule BigSubstring+UTF8View.swift
[382/1427] Compiling _RopeModule BigSubstring+UnicodeScalarView.swift
[383/1427] Compiling _RopeModule BigSubstring.swift
[384/1427] Compiling _RopeModule Rope+Builder.swift
[385/1427] Compiling _RopeModule Rope+Debugging.swift
[386/1427] Compiling _RopeModule Rope+Invariants.swift
[387/1427] Compiling _RopeModule Rope+_Node.swift
[388/1427] Compiling _RopeModule Rope+_Storage.swift
[389/1427] Compiling _RopeModule Rope+_UnmanagedLeaf.swift
[390/1427] Compiling _RopeModule Rope+_UnsafeHandle.swift
[391/1427] Compiling _RopeModule Rope.swift
[392/1427] Compiling _RopeModule RopeElement.swift
[393/1427] Compiling _RopeModule RopeMetric.swift
[394/1427] Compiling _RopeModule RopeSummary.swift
[395/1427] Compiling _RopeModule _RopeItem.swift
[396/1446] Compiling _RopeModule _RopePath.swift
[397/1446] Compiling _RopeModule _RopeVersion.swift
[398/1446] Compiling _RopeModule Rope+Collection.swift
[399/1446] Compiling _RopeModule Rope+Index.swift
[400/1446] Compiling _RopeModule Rope+Sequence.swift
[401/1446] Compiling _RopeModule Rope+Append.swift
[402/1446] Compiling _RopeModule Rope+Extract.swift
[403/1446] Compiling _RopeModule Rope+Find.swift
[404/1446] Compiling _RopeModule Rope+ForEachWhile.swift
[405/1446] Compiling _RopeModule Rope+Insert.swift
[406/1446] Compiling _RopeModule Rope+Join.swift
[407/1446] Compiling _RopeModule Rope+MutatingForEach.swift
[408/1446] Compiling _RopeModule Rope+Remove.swift
[409/1446] Compiling _RopeModule Rope+RemoveSubrange.swift
[410/1446] Compiling _RopeModule Rope+Split.swift
[411/1446] Compiling _RopeModule Optional Utilities.swift
[412/1446] Compiling _RopeModule String Utilities.swift
[413/1446] Compiling _RopeModule String.Index+ABI.swift
[414/1446] Compiling _RopeModule _CharacterRecognizer.swift
[415/1447] Emitting module OrderedCollections
[416/1468] Compiling OrderedCollections _HashTable+Bucket.swift
[417/1468] Compiling OrderedCollections _HashTable+BucketIterator.swift
[418/1468] Compiling OrderedCollections _HashTable+Constants.swift
[419/1468] Compiling OrderedCollections _HashTable+CustomStringConvertible.swift
[420/1468] Compiling OrderedCollections _HashTable+Testing.swift
[421/1468] Compiling OrderedCollections _HashTable+UnsafeHandle.swift
[422/1468] Compiling OrderedCollections _HashTable.swift
[423/1468] Compiling OrderedCollections _Hashtable+Header.swift
[424/1468] Compiling OrderedCollections OrderedDictionary+Codable.swift
[425/1468] Compiling OrderedCollections OrderedDictionary+CustomReflectable.swift
[426/1468] Compiling OrderedCollections OrderedDictionary+Deprecations.swift
[427/1468] Compiling OrderedCollections OrderedDictionary+Descriptions.swift
[428/1468] Compiling OrderedCollections OrderedDictionary+Elements.SubSequence.swift
[429/1468] Compiling OrderedCollections OrderedDictionary+Elements.swift
[430/1468] Compiling OrderedCollections OrderedDictionary+Equatable.swift
[431/1468] Compiling OrderedCollections OrderedDictionary+ExpressibleByDictionaryLiteral.swift
[432/1468] Compiling OrderedCollections OrderedDictionary+Hashable.swift
[433/1468] Compiling OrderedCollections OrderedDictionary+Initializers.swift
[434/1468] Compiling OrderedCollections OrderedDictionary+Invariants.swift
[435/1468] Compiling OrderedCollections OrderedDictionary+Move.swift
[436/1468] Compiling OrderedCollections OrderedDictionary+Partial MutableCollection.swift
[437/1489] Compiling OrderedCollections OrderedDictionary+Partial RangeReplaceableCollection.swift
[438/1489] Compiling OrderedCollections OrderedDictionary+Sendable.swift
[439/1489] Compiling OrderedCollections OrderedDictionary+Sequence.swift
[440/1489] Compiling OrderedCollections OrderedDictionary+Values.swift
[441/1489] Compiling OrderedCollections OrderedDictionary.swift
[442/1489] Compiling OrderedCollections OrderedSet+Codable.swift
[443/1489] Compiling OrderedCollections OrderedSet+CustomReflectable.swift
[444/1489] Compiling OrderedCollections OrderedSet+Descriptions.swift
[445/1489] Compiling OrderedCollections OrderedSet+Diffing.swift
[446/1489] Compiling OrderedCollections OrderedSet+Equatable.swift
[447/1489] Compiling OrderedCollections OrderedSet+ExpressibleByArrayLiteral.swift
[448/1489] Compiling OrderedCollections OrderedSet+Hashable.swift
[449/1489] Compiling OrderedCollections OrderedSet+Initializers.swift
[450/1489] Compiling OrderedCollections OrderedSet+Insertions.swift
[451/1489] Compiling OrderedCollections OrderedSet+Invariants.swift
[452/1489] Compiling OrderedCollections OrderedSet+Move.swift
[453/1489] Compiling OrderedCollections OrderedSet+Partial MutableCollection.swift
[454/1489] Compiling OrderedCollections OrderedSet+Partial RangeReplaceableCollection.swift
[455/1489] Compiling OrderedCollections OrderedSet+Partial SetAlgebra formIntersection.swift
[456/1489] Compiling OrderedCollections OrderedSet+Partial SetAlgebra formSymmetricDifference.swift
[457/1489] Compiling OrderedCollections OrderedSet+Partial SetAlgebra formUnion.swift
[458/1510] Compiling OrderedCollections OrderedSet+Partial SetAlgebra intersection.swift
[459/1510] Compiling OrderedCollections OrderedSet+Partial SetAlgebra isDisjoint.swift
[460/1510] Compiling OrderedCollections OrderedSet+Partial SetAlgebra isEqualSet.swift
[461/1510] Compiling OrderedCollections OrderedSet+Partial SetAlgebra isStrictSubset.swift
[462/1510] Compiling OrderedCollections OrderedSet+Partial SetAlgebra isStrictSuperset.swift
[463/1510] Compiling OrderedCollections OrderedSet+Partial SetAlgebra isSubset.swift
[464/1510] Compiling OrderedCollections OrderedSet+Partial SetAlgebra isSuperset.swift
[465/1510] Compiling OrderedCollections OrderedSet+Partial SetAlgebra subtract.swift
[466/1510] Compiling OrderedCollections OrderedSet+Partial SetAlgebra subtracting.swift
[467/1510] Compiling OrderedCollections OrderedSet+Partial SetAlgebra symmetricDifference.swift
[468/1510] Compiling OrderedCollections OrderedSet+Partial SetAlgebra union.swift
[469/1510] Compiling OrderedCollections OrderedSet+Partial SetAlgebra+Basics.swift
[470/1510] Compiling OrderedCollections OrderedSet+RandomAccessCollection.swift
[471/1510] Compiling OrderedCollections OrderedSet+ReserveCapacity.swift
[472/1510] Compiling OrderedCollections OrderedSet+Sendable.swift
[473/1510] Compiling OrderedCollections OrderedSet+SubSequence.swift
[474/1510] Compiling OrderedCollections OrderedSet+Testing.swift
[475/1510] Compiling OrderedCollections OrderedSet+UnorderedView.swift
[476/1510] Compiling OrderedCollections OrderedSet+UnstableInternals.swift
[477/1510] Compiling OrderedCollections OrderedSet.swift
[478/1510] Compiling OrderedCollections _UnsafeBitset.swift
[479/1511] Emitting module Instrumentation
[480/1516] Compiling Instrumentation Instrument.swift
[481/1516] Compiling Instrumentation InstrumentationSystem.swift
[482/1516] Compiling Instrumentation Locks.swift
[483/1516] Compiling Instrumentation MultiplexInstrument.swift
[484/1516] Compiling Instrumentation NoOpInstrument.swift
[484/1516] Write sources
[486/1517] Emitting module Tracing
[487/1524] Compiling Tracing InstrumentationSystem+Tracing.swift
[488/1524] Compiling Tracing NoOpTracer.swift
[489/1524] Compiling Tracing SpanProtocol.swift
[490/1524] Compiling Tracing Tracer.swift
[491/1524] Compiling Tracing TracerProtocol+Legacy.swift
[492/1524] Compiling Tracing TracerProtocol.swift
[493/1524] Compiling Tracing TracingTime.swift
[493/1524] Write sources
[502/1525] Emitting module HostwrightWASIProviderSDK
[503/1526] Compiling HostwrightWASIProviderSDK HostwrightWASIProviderSDK.swift
[503/1526] Write sources
[505/1527] Emitting module HostwrightWASIReferenceProvider
[506/1528] Compiling HostwrightWASIReferenceProvider main.swift
[507/1529] Emitting module HostwrightWASIProviderSDKTests
[508/1530] Compiling HostwrightWASIProviderSDKTests HostwrightWASIProviderSDKTests.swift
[508/1530] Write Objects.LinkFileList
[509/1530] Write sources
[510/1530] Linking hostwright-wasi-reference-provider
[511/1530] Write sources
[512/1530] Applying hostwright-wasi-reference-provider
[514/1531] Emitting module HostwrightWASIAdversarialProvider
[515/1532] Compiling HostwrightWASIAdversarialProvider main.swift
[515/1532] Write sources
[516/1532] Write Objects.LinkFileList
[517/1532] Write sources
[518/1532] Linking hostwright-wasi-adversarial-provider
[519/1532] Write sources
[520/1532] Applying hostwright-wasi-adversarial-provider
[521/1532] Write sources
[531/1533] Emitting module HostwrightSecrets
[532/1535] Compiling HostwrightSecrets SecretProviders.swift
[533/1535] Compiling HostwrightSecrets SecretStore.swift
[533/1535] Write sources
[534/1535] Compiling HostwrightSQLiteSupport HostwrightSQLiteSupport.c
[536/1536] Emitting module HostwrightScheduler
[537/1547] Compiling HostwrightScheduler HardPlacementFilters.swift
[538/1547] Compiling HostwrightScheduler ResourceVector.swift
[539/1547] Compiling HostwrightScheduler SchedulerContracts.swift
[540/1547] Compiling HostwrightScheduler SchedulerEngine.swift
[541/1547] Compiling HostwrightScheduler SchedulerEnginePolicy.swift
[542/1547] Compiling HostwrightScheduler SchedulerExplanation.swift
[543/1547] Compiling HostwrightScheduler SchedulerFairness.swift
[544/1547] Compiling HostwrightScheduler SchedulerPreemption.swift
[545/1547] Compiling HostwrightScheduler SchedulerScoring.swift
[546/1547] Compiling HostwrightScheduler SchedulerTopology.swift
[547/1547] Compiling HostwrightScheduler SchedulerValidation.swift
[547/1547] Write sources
[549/1548] Emitting module HostwrightSchedulerTests
[550/1567] Compiling HostwrightSchedulerTests HardPlacementFiltersTests.swift
/SOURCE/Tests/HostwrightSchedulerTests/Phase10SchedulerQualificationConfiguration.swift:258:20: warning: 'init(cString:)' is deprecated: Use String(decoding: array, as: UTF8.self) instead, after truncating the null termination. [#DeprecatedDeclaration]
256 |             var buffer = [CChar](repeating: 0, count: Int(PATH_MAX))
257 |             guard Darwin.realpath(url.path, &buffer) != nil else { return nil }
258 |             return String(cString: buffer)
    |                    `- warning: 'init(cString:)' is deprecated: Use String(decoding: array, as: UTF8.self) instead, after truncating the null termination. [#DeprecatedDeclaration]
259 | #else
260 |             return url.resolvingSymlinksInPath().standardizedFileURL.path

[#DeprecatedDeclaration]: <https://docs.swift.org/compiler/documentation/diagnostics/deprecated-declaration>
[551/1567] Compiling HostwrightSchedulerTests Phase10SchedulerQualificationArtifacts.swift
/SOURCE/Tests/HostwrightSchedulerTests/Phase10SchedulerQualificationConfiguration.swift:258:20: warning: 'init(cString:)' is deprecated: Use String(decoding: array, as: UTF8.self) instead, after truncating the null termination. [#DeprecatedDeclaration]
256 |             var buffer = [CChar](repeating: 0, count: Int(PATH_MAX))
257 |             guard Darwin.realpath(url.path, &buffer) != nil else { return nil }
258 |             return String(cString: buffer)
    |                    `- warning: 'init(cString:)' is deprecated: Use String(decoding: array, as: UTF8.self) instead, after truncating the null termination. [#DeprecatedDeclaration]
259 | #else
260 |             return url.resolvingSymlinksInPath().standardizedFileURL.path

[#DeprecatedDeclaration]: <https://docs.swift.org/compiler/documentation/diagnostics/deprecated-declaration>
[552/1567] Compiling HostwrightSchedulerTests Phase10SchedulerQualificationConfiguration.swift
/SOURCE/Tests/HostwrightSchedulerTests/Phase10SchedulerQualificationConfiguration.swift:258:20: warning: 'init(cString:)' is deprecated: Use String(decoding: array, as: UTF8.self) instead, after truncating the null termination. [#DeprecatedDeclaration]
256 |             var buffer = [CChar](repeating: 0, count: Int(PATH_MAX))
257 |             guard Darwin.realpath(url.path, &buffer) != nil else { return nil }
258 |             return String(cString: buffer)
    |                    `- warning: 'init(cString:)' is deprecated: Use String(decoding: array, as: UTF8.self) instead, after truncating the null termination. [#DeprecatedDeclaration]
259 | #else
260 |             return url.resolvingSymlinksInPath().standardizedFileURL.path

[#DeprecatedDeclaration]: <https://docs.swift.org/compiler/documentation/diagnostics/deprecated-declaration>
[553/1567] Compiling HostwrightSchedulerTests Phase10SchedulerQualificationGenerator.swift
/SOURCE/Tests/HostwrightSchedulerTests/Phase10SchedulerQualificationConfiguration.swift:258:20: warning: 'init(cString:)' is deprecated: Use String(decoding: array, as: UTF8.self) instead, after truncating the null termination. [#DeprecatedDeclaration]
256 |             var buffer = [CChar](repeating: 0, count: Int(PATH_MAX))
257 |             guard Darwin.realpath(url.path, &buffer) != nil else { return nil }
258 |             return String(cString: buffer)
    |                    `- warning: 'init(cString:)' is deprecated: Use String(decoding: array, as: UTF8.self) instead, after truncating the null termination. [#DeprecatedDeclaration]
259 | #else
260 |             return url.resolvingSymlinksInPath().standardizedFileURL.path

[#DeprecatedDeclaration]: <https://docs.swift.org/compiler/documentation/diagnostics/deprecated-declaration>
[554/1567] Compiling HostwrightSchedulerTests Phase10SchedulerQualificationOracle.swift
/SOURCE/Tests/HostwrightSchedulerTests/Phase10SchedulerQualificationConfiguration.swift:258:20: warning: 'init(cString:)' is deprecated: Use String(decoding: array, as: UTF8.self) instead, after truncating the null termination. [#DeprecatedDeclaration]
256 |             var buffer = [CChar](repeating: 0, count: Int(PATH_MAX))
257 |             guard Darwin.realpath(url.path, &buffer) != nil else { return nil }
258 |             return String(cString: buffer)
    |                    `- warning: 'init(cString:)' is deprecated: Use String(decoding: array, as: UTF8.self) instead, after truncating the null termination. [#DeprecatedDeclaration]
259 | #else
260 |             return url.resolvingSymlinksInPath().standardizedFileURL.path

[#DeprecatedDeclaration]: <https://docs.swift.org/compiler/documentation/diagnostics/deprecated-declaration>
[555/1567] Compiling HostwrightSchedulerTests Phase10SchedulerQualificationPerformance.swift
/SOURCE/Tests/HostwrightSchedulerTests/Phase10SchedulerQualificationConfiguration.swift:258:20: warning: 'init(cString:)' is deprecated: Use String(decoding: array, as: UTF8.self) instead, after truncating the null termination. [#DeprecatedDeclaration]
256 |             var buffer = [CChar](repeating: 0, count: Int(PATH_MAX))
257 |             guard Darwin.realpath(url.path, &buffer) != nil else { return nil }
258 |             return String(cString: buffer)
    |                    `- warning: 'init(cString:)' is deprecated: Use String(decoding: array, as: UTF8.self) instead, after truncating the null termination. [#DeprecatedDeclaration]
259 | #else
260 |             return url.resolvingSymlinksInPath().standardizedFileURL.path

[#DeprecatedDeclaration]: <https://docs.swift.org/compiler/documentation/diagnostics/deprecated-declaration>
[556/1567] Compiling HostwrightSchedulerTests Phase10SchedulerQualificationReceipts.swift
/SOURCE/Tests/HostwrightSchedulerTests/Phase10SchedulerQualificationConfiguration.swift:258:20: warning: 'init(cString:)' is deprecated: Use String(decoding: array, as: UTF8.self) instead, after truncating the null termination. [#DeprecatedDeclaration]
256 |             var buffer = [CChar](repeating: 0, count: Int(PATH_MAX))
257 |             guard Darwin.realpath(url.path, &buffer) != nil else { return nil }
258 |             return String(cString: buffer)
    |                    `- warning: 'init(cString:)' is deprecated: Use String(decoding: array, as: UTF8.self) instead, after truncating the null termination. [#DeprecatedDeclaration]
259 | #else
260 |             return url.resolvingSymlinksInPath().standardizedFileURL.path

[#DeprecatedDeclaration]: <https://docs.swift.org/compiler/documentation/diagnostics/deprecated-declaration>
[557/1567] Compiling HostwrightSchedulerTests Phase10SchedulerQualificationSession.swift
/SOURCE/Tests/HostwrightSchedulerTests/Phase10SchedulerQualificationConfiguration.swift:258:20: warning: 'init(cString:)' is deprecated: Use String(decoding: array, as: UTF8.self) instead, after truncating the null termination. [#DeprecatedDeclaration]
256 |             var buffer = [CChar](repeating: 0, count: Int(PATH_MAX))
257 |             guard Darwin.realpath(url.path, &buffer) != nil else { return nil }
258 |             return String(cString: buffer)
    |                    `- warning: 'init(cString:)' is deprecated: Use String(decoding: array, as: UTF8.self) instead, after truncating the null termination. [#DeprecatedDeclaration]
259 | #else
260 |             return url.resolvingSymlinksInPath().standardizedFileURL.path

[#DeprecatedDeclaration]: <https://docs.swift.org/compiler/documentation/diagnostics/deprecated-declaration>
[558/1567] Compiling HostwrightSchedulerTests Phase10SchedulerQualificationShrinker.swift
/SOURCE/Tests/HostwrightSchedulerTests/Phase10SchedulerQualificationConfiguration.swift:258:20: warning: 'init(cString:)' is deprecated: Use String(decoding: array, as: UTF8.self) instead, after truncating the null termination. [#DeprecatedDeclaration]
256 |             var buffer = [CChar](repeating: 0, count: Int(PATH_MAX))
257 |             guard Darwin.realpath(url.path, &buffer) != nil else { return nil }
258 |             return String(cString: buffer)
    |                    `- warning: 'init(cString:)' is deprecated: Use String(decoding: array, as: UTF8.self) instead, after truncating the null termination. [#DeprecatedDeclaration]
259 | #else
260 |             return url.resolvingSymlinksInPath().standardizedFileURL.path

[#DeprecatedDeclaration]: <https://docs.swift.org/compiler/documentation/diagnostics/deprecated-declaration>
[559/1567] Compiling HostwrightSchedulerTests Phase10SchedulerQualificationStrictJSON.swift
/SOURCE/Tests/HostwrightSchedulerTests/Phase10SchedulerQualificationConfiguration.swift:258:20: warning: 'init(cString:)' is deprecated: Use String(decoding: array, as: UTF8.self) instead, after truncating the null termination. [#DeprecatedDeclaration]
256 |             var buffer = [CChar](repeating: 0, count: Int(PATH_MAX))
257 |             guard Darwin.realpath(url.path, &buffer) != nil else { return nil }
258 |             return String(cString: buffer)
    |                    `- warning: 'init(cString:)' is deprecated: Use String(decoding: array, as: UTF8.self) instead, after truncating the null termination. [#DeprecatedDeclaration]
259 | #else
260 |             return url.resolvingSymlinksInPath().standardizedFileURL.path

[#DeprecatedDeclaration]: <https://docs.swift.org/compiler/documentation/diagnostics/deprecated-declaration>
[560/1567] Compiling HostwrightSchedulerTests Phase10SchedulerQualificationTests.swift
/SOURCE/Tests/HostwrightSchedulerTests/Phase10SchedulerQualificationConfiguration.swift:258:20: warning: 'init(cString:)' is deprecated: Use String(decoding: array, as: UTF8.self) instead, after truncating the null termination. [#DeprecatedDeclaration]
256 |             var buffer = [CChar](repeating: 0, count: Int(PATH_MAX))
257 |             guard Darwin.realpath(url.path, &buffer) != nil else { return nil }
258 |             return String(cString: buffer)
    |                    `- warning: 'init(cString:)' is deprecated: Use String(decoding: array, as: UTF8.self) instead, after truncating the null termination. [#DeprecatedDeclaration]
259 | #else
260 |             return url.resolvingSymlinksInPath().standardizedFileURL.path

[#DeprecatedDeclaration]: <https://docs.swift.org/compiler/documentation/diagnostics/deprecated-declaration>
[561/1567] Compiling HostwrightSchedulerTests Phase10SchedulerQualificationVerifier.swift
/SOURCE/Tests/HostwrightSchedulerTests/Phase10SchedulerQualificationConfiguration.swift:258:20: warning: 'init(cString:)' is deprecated: Use String(decoding: array, as: UTF8.self) instead, after truncating the null termination. [#DeprecatedDeclaration]
256 |             var buffer = [CChar](repeating: 0, count: Int(PATH_MAX))
257 |             guard Darwin.realpath(url.path, &buffer) != nil else { return nil }
258 |             return String(cString: buffer)
    |                    `- warning: 'init(cString:)' is deprecated: Use String(decoding: array, as: UTF8.self) instead, after truncating the null termination. [#DeprecatedDeclaration]
259 | #else
260 |             return url.resolvingSymlinksInPath().standardizedFileURL.path

[#DeprecatedDeclaration]: <https://docs.swift.org/compiler/documentation/diagnostics/deprecated-declaration>
[562/1567] Compiling HostwrightSchedulerTests ResourceVectorTests.swift
/SOURCE/Tests/HostwrightSchedulerTests/Phase10SchedulerQualificationConfiguration.swift:258:20: warning: 'init(cString:)' is deprecated: Use String(decoding: array, as: UTF8.self) instead, after truncating the null termination. [#DeprecatedDeclaration]
256 |             var buffer = [CChar](repeating: 0, count: Int(PATH_MAX))
257 |             guard Darwin.realpath(url.path, &buffer) != nil else { return nil }
258 |             return String(cString: buffer)
    |                    `- warning: 'init(cString:)' is deprecated: Use String(decoding: array, as: UTF8.self) instead, after truncating the null termination. [#DeprecatedDeclaration]
259 | #else
260 |             return url.resolvingSymlinksInPath().standardizedFileURL.path

[#DeprecatedDeclaration]: <https://docs.swift.org/compiler/documentation/diagnostics/deprecated-declaration>
[563/1567] Compiling HostwrightSchedulerTests SchedulerContractsTests.swift
/SOURCE/Tests/HostwrightSchedulerTests/Phase10SchedulerQualificationConfiguration.swift:258:20: warning: 'init(cString:)' is deprecated: Use String(decoding: array, as: UTF8.self) instead, after truncating the null termination. [#DeprecatedDeclaration]
256 |             var buffer = [CChar](repeating: 0, count: Int(PATH_MAX))
257 |             guard Darwin.realpath(url.path, &buffer) != nil else { return nil }
258 |             return String(cString: buffer)
    |                    `- warning: 'init(cString:)' is deprecated: Use String(decoding: array, as: UTF8.self) instead, after truncating the null termination. [#DeprecatedDeclaration]
259 | #else
260 |             return url.resolvingSymlinksInPath().standardizedFileURL.path

[#DeprecatedDeclaration]: <https://docs.swift.org/compiler/documentation/diagnostics/deprecated-declaration>
[564/1567] Compiling HostwrightSchedulerTests SchedulerEngineContractTests.swift
/SOURCE/Tests/HostwrightSchedulerTests/Phase10SchedulerQualificationConfiguration.swift:258:20: warning: 'init(cString:)' is deprecated: Use String(decoding: array, as: UTF8.self) instead, after truncating the null termination. [#DeprecatedDeclaration]
256 |             var buffer = [CChar](repeating: 0, count: Int(PATH_MAX))
257 |             guard Darwin.realpath(url.path, &buffer) != nil else { return nil }
258 |             return String(cString: buffer)
    |                    `- warning: 'init(cString:)' is deprecated: Use String(decoding: array, as: UTF8.self) instead, after truncating the null termination. [#DeprecatedDeclaration]
259 | #else
260 |             return url.resolvingSymlinksInPath().standardizedFileURL.path

[#DeprecatedDeclaration]: <https://docs.swift.org/compiler/documentation/diagnostics/deprecated-declaration>
[565/1567] Compiling HostwrightSchedulerTests SchedulerEngineTests.swift
/SOURCE/Tests/HostwrightSchedulerTests/Phase10SchedulerQualificationConfiguration.swift:258:20: warning: 'init(cString:)' is deprecated: Use String(decoding: array, as: UTF8.self) instead, after truncating the null termination. [#DeprecatedDeclaration]
256 |             var buffer = [CChar](repeating: 0, count: Int(PATH_MAX))
257 |             guard Darwin.realpath(url.path, &buffer) != nil else { return nil }
258 |             return String(cString: buffer)
    |                    `- warning: 'init(cString:)' is deprecated: Use String(decoding: array, as: UTF8.self) instead, after truncating the null termination. [#DeprecatedDeclaration]
259 | #else
260 |             return url.resolvingSymlinksInPath().standardizedFileURL.path

[#DeprecatedDeclaration]: <https://docs.swift.org/compiler/documentation/diagnostics/deprecated-declaration>
[566/1567] Compiling HostwrightSchedulerTests SchedulerHardAffinityTopologyTests.swift
/SOURCE/Tests/HostwrightSchedulerTests/Phase10SchedulerQualificationConfiguration.swift:258:20: warning: 'init(cString:)' is deprecated: Use String(decoding: array, as: UTF8.self) instead, after truncating the null termination. [#DeprecatedDeclaration]
256 |             var buffer = [CChar](repeating: 0, count: Int(PATH_MAX))
257 |             guard Darwin.realpath(url.path, &buffer) != nil else { return nil }
258 |             return String(cString: buffer)
    |                    `- warning: 'init(cString:)' is deprecated: Use String(decoding: array, as: UTF8.self) instead, after truncating the null termination. [#DeprecatedDeclaration]
259 | #else
260 |             return url.resolvingSymlinksInPath().standardizedFileURL.path

[#DeprecatedDeclaration]: <https://docs.swift.org/compiler/documentation/diagnostics/deprecated-declaration>
[567/1567] Compiling HostwrightSchedulerTests SchedulerManifestPreferenceTests.swift
/SOURCE/Tests/HostwrightSchedulerTests/Phase10SchedulerQualificationConfiguration.swift:258:20: warning: 'init(cString:)' is deprecated: Use String(decoding: array, as: UTF8.self) instead, after truncating the null termination. [#DeprecatedDeclaration]
256 |             var buffer = [CChar](repeating: 0, count: Int(PATH_MAX))
257 |             guard Darwin.realpath(url.path, &buffer) != nil else { return nil }
258 |             return String(cString: buffer)
    |                    `- warning: 'init(cString:)' is deprecated: Use String(decoding: array, as: UTF8.self) instead, after truncating the null termination. [#DeprecatedDeclaration]
259 | #else
260 |             return url.resolvingSymlinksInPath().standardizedFileURL.path

[#DeprecatedDeclaration]: <https://docs.swift.org/compiler/documentation/diagnostics/deprecated-declaration>
[568/1567] Compiling HostwrightSchedulerTests SchedulerValidationTests.swift
/SOURCE/Tests/HostwrightSchedulerTests/Phase10SchedulerQualificationConfiguration.swift:258:20: warning: 'init(cString:)' is deprecated: Use String(decoding: array, as: UTF8.self) instead, after truncating the null termination. [#DeprecatedDeclaration]
256 |             var buffer = [CChar](repeating: 0, count: Int(PATH_MAX))
257 |             guard Darwin.realpath(url.path, &buffer) != nil else { return nil }
258 |             return String(cString: buffer)
    |                    `- warning: 'init(cString:)' is deprecated: Use String(decoding: array, as: UTF8.self) instead, after truncating the null termination. [#DeprecatedDeclaration]
259 | #else
260 |             return url.resolvingSymlinksInPath().standardizedFileURL.path

[#DeprecatedDeclaration]: <https://docs.swift.org/compiler/documentation/diagnostics/deprecated-declaration>
[568/1567] Write sources
[585/1567] Write HostwrightPhase09QualificationTool-entitlement.plist
[586/1567] Write sources
[599/1567] Write HostwrightLocalIntegrationTool-entitlement.plist
[600/1567] Write sources
[624/1568] Emitting module HostwrightCore
[625/1582] Compiling HostwrightCore CapabilityCatalog.swift
[626/1582] Compiling HostwrightCore ContainerizationRuntimeAssetContract.swift
[627/1582] Compiling HostwrightCore ContractVersions.swift
[628/1582] Compiling HostwrightCore DarwinProcessIdentity.swift
[629/1582] Compiling HostwrightCore EvidenceModels.swift
[630/1582] Compiling HostwrightCore HostwrightCancellationContext.swift
[631/1582] Compiling HostwrightCore HostwrightIdentity.swift
[632/1582] Compiling HostwrightCore LocalPaths.swift
[633/1582] Compiling HostwrightCore QualificationExportVerifier.swift
[634/1582] Compiling HostwrightCore ResourceUUID.swift
[635/1582] Compiling HostwrightCore SecureDetachedProcess.swift
[636/1582] Compiling HostwrightCore SecureExecutable.swift
[637/1582] Compiling HostwrightCore SecureSubprocess.swift
[638/1582] Compiling HostwrightCore SecurityDependencyPins.swift
[638/1582] Write sources
[640/1583] Emitting module HostwrightReleaseQualification
[641/1591] Compiling HostwrightReleaseQualification ReleaseQualificationCLI.swift
[642/1591] Compiling HostwrightReleaseQualification ReleaseQualificationContracts.swift
[643/1591] Compiling HostwrightReleaseQualification ReleaseQualificationEnvironment.swift
[644/1591] Compiling HostwrightReleaseQualification ReleaseQualificationJSON.swift
[645/1591] Compiling HostwrightReleaseQualification ReleaseQualificationLedger.swift
[646/1591] Compiling HostwrightReleaseQualification ReleaseQualificationPerformance.swift
[647/1591] Compiling HostwrightReleaseQualification ReleaseQualificationPerformanceReceipt.swift
[648/1591] Compiling HostwrightReleaseQualification ReleaseQualificationRegistry.swift
[649/1592] Emitting module HostwrightRegistry
[650/1606] Compiling HostwrightRegistry ImageProvenance.swift
[651/1606] Compiling HostwrightRegistry ImageProvenanceArtifact.swift
[652/1606] Compiling HostwrightRegistry ImageProvenanceEvidence.swift
[653/1606] Compiling HostwrightRegistry ImageSBOM.swift
[654/1606] Compiling HostwrightRegistry ImageSBOMArtifact.swift
[655/1606] Compiling HostwrightRegistry ImageSBOMEvidence.swift
[656/1606] Compiling HostwrightRegistry ImageTrustEvidence.swift
[657/1606] Compiling HostwrightRegistry ImageTrustExceptionApproval.swift
[658/1606] Compiling HostwrightRegistry ImageTrustVerifier.swift
[659/1606] Compiling HostwrightRegistry ImageVulnerabilityEvidence.swift
[660/1606] Compiling HostwrightRegistry ImageVulnerabilityExceptionApproval.swift
[661/1606] Compiling HostwrightRegistry ImageVulnerabilityPolicy.swift
[662/1606] Compiling HostwrightRegistry ImageVulnerabilityReport.swift
[663/1606] Compiling HostwrightRegistry OCIImageArchiveSBOMGenerator.swift
[664/1619] Compiling HostwrightRegistry OCIReferrerFetch.swift
[665/1619] Compiling HostwrightRegistry OCIReferrerGraph.swift
[666/1619] Compiling HostwrightRegistry OCIReferrerModels.swift
[667/1619] Compiling HostwrightRegistry OCIReferrerPublish.swift
[668/1619] Compiling HostwrightRegistry OCIReferrerRegistryClient.swift
[669/1619] Compiling HostwrightRegistry OCIReferrerRemoval.swift
[670/1619] Compiling HostwrightRegistry RegistryAuthChallenge.swift
[671/1619] Compiling HostwrightRegistry RegistryAuthentication.swift
[672/1619] Compiling HostwrightRegistry RegistryCredentialFiles.swift
[673/1619] Compiling HostwrightRegistry RegistryCredentialLookup.swift
[674/1619] Compiling HostwrightRegistry RegistryModels.swift
[675/1619] Compiling HostwrightRegistry RegistryToken.swift
[676/1619] Compiling HostwrightRegistry RegistryTransport.swift
[677/1620] Emitting module HostwrightReleaseQualificationTool
[678/1621] Compiling HostwrightReleaseQualificationTool main.swift
[679/1622] Emitting module HostwrightPhase09QualificationTool
[680/1623] Compiling HostwrightPhase09QualificationTool main.swift
[681/1624] Emitting module HostwrightObservability
[682/1629] Compiling HostwrightObservability MetricsModels.swift
[683/1629] Compiling HostwrightObservability OSLogSink.swift
[684/1629] Compiling HostwrightObservability ObservabilityModels.swift
[685/1629] Compiling HostwrightObservability SupportBundleModels.swift
[686/1629] Compiling HostwrightObservability TraceModels.swift
[687/1630] Emitting module HostwrightNetworking
[688/1637] Compiling HostwrightNetworking CoreDNSInfrastructureImage.swift
[689/1637] Compiling HostwrightNetworking NetworkAddressPlanner.swift
[690/1637] Compiling HostwrightNetworking NetworkPolicy.swift
[691/1637] Compiling HostwrightNetworking NetworkingModels.swift
[692/1637] Compiling HostwrightNetworking ProjectDNSPlanner.swift
[693/1637] Compiling HostwrightNetworking ServiceTunnelModels.swift
[694/1637] Compiling HostwrightNetworking ServiceTunnelPersistence.swift
[695/1638] Emitting module HostwrightObservabilityTests
[696/1642] Compiling HostwrightObservabilityTests HostwrightObservabilitySmoke.swift
[697/1642] Compiling HostwrightObservabilityTests MetricsContractTests.swift
[698/1642] Compiling HostwrightObservabilityTests SupportBundleContractTests.swift
[699/1642] Compiling HostwrightObservabilityTests TraceContractTests.swift
[700/1643] Emitting module HostwrightRuntime
[701/1667] Compiling HostwrightRuntime AppleContainerApplyAdapter.swift
[702/1667] Compiling HostwrightRuntime AppleContainerCodec.swift
[703/1667] Compiling HostwrightRuntime AppleContainerCommand.swift
[704/1667] Compiling HostwrightRuntime AppleContainerImageEvidenceParser.swift
[705/1667] Compiling HostwrightRuntime AppleContainerImageLifecycleAdapter.swift
[706/1667] Compiling HostwrightRuntime AppleContainerInfrastructureParser.swift
[707/1667] Compiling HostwrightRuntime AppleContainerInteractiveExecutor.swift
[708/1667] Compiling HostwrightRuntime AppleContainerInventoryParser.swift
[709/1667] Compiling HostwrightRuntime AppleContainerNetworkAdapter.swift
[710/1667] Compiling HostwrightRuntime AppleContainerObservationParser.swift
[711/1667] Compiling HostwrightRuntime AppleContainerReadOnlyAdapter.swift
[712/1667] Compiling HostwrightRuntime AppleContainerStatsParser.swift
[713/1667] Compiling HostwrightRuntime AppleContainerVersionParser.swift
[714/1667] Compiling HostwrightRuntime ContainerizationGuestNetworkPolicy.swift
[715/1667] Compiling HostwrightRuntime ContainerizationGuestNetworkPolicyCompiler.swift
[716/1667] Compiling HostwrightRuntime ContainerizationHelperBootstrap.swift
[717/1667] Compiling HostwrightRuntime ContainerizationHelperClient.swift
[718/1667] Compiling HostwrightRuntime ContainerizationHelperInteractiveExecutor.swift
[719/1667] Compiling HostwrightRuntime ContainerizationHelperProtocol.swift
[720/1667] Compiling HostwrightRuntime ContainerizationHelperService.swift
[721/1667] Compiling HostwrightRuntime ContainerizationHelperUnixSocket.swift
[722/1667] Compiling HostwrightRuntime GuardedMountSecurity.swift
[723/1667] Compiling HostwrightRuntime LiveRuntimeProviderConformance.swift
[724/1667] Compiling HostwrightRuntime RuntimeActivationAuthority.swift
[725/1690] Compiling HostwrightRuntime RuntimeAdapter.swift
[726/1690] Compiling HostwrightRuntime RuntimeCapabilityNegotiation.swift
[727/1690] Compiling HostwrightRuntime RuntimeCommand.swift
[728/1690] Compiling HostwrightRuntime RuntimeExecutableResolver.swift
[729/1690] Compiling HostwrightRuntime RuntimeHealthChecker.swift
[730/1690] Compiling HostwrightRuntime RuntimeImageLifecycle.swift
[731/1690] Compiling HostwrightRuntime RuntimeInteractiveOperations.swift
[732/1690] Compiling HostwrightRuntime RuntimeInventory.swift
[733/1690] Compiling HostwrightRuntime RuntimeModels.swift
[734/1690] Compiling HostwrightRuntime RuntimeNetworkProvider.swift
[735/1690] Compiling HostwrightRuntime RuntimeOwnershipIdentity.swift
[736/1690] Compiling HostwrightRuntime RuntimeProjectDNS.swift
[737/1690] Compiling HostwrightRuntime RuntimeProviderCapabilityProbe.swift
[738/1690] Compiling HostwrightRuntime RuntimeProviderConformance.swift
[739/1690] Compiling HostwrightRuntime RuntimeProviderMetadataEvidence.swift
[740/1690] Compiling HostwrightRuntime RuntimeProviderMigration.swift
[741/1690] Compiling HostwrightRuntime RuntimeProviderOutcome.swift
[742/1690] Compiling HostwrightRuntime RuntimeProviderRecovery.swift
[743/1690] Compiling HostwrightRuntime RuntimeProviderSelection.swift
[744/1690] Compiling HostwrightRuntime RuntimeReadiness.swift
[745/1690] Compiling HostwrightRuntime RuntimeRedaction.swift
[746/1690] Compiling HostwrightRuntime RuntimeUnixSocketPublicationSecurity.swift
[747/1690] Compiling HostwrightRuntime SecureRuntimeProcessRunner.swift
[748/1691] Emitting module HostwrightNetworkingTests
[749/1697] Compiling HostwrightNetworkingTests CoreDNSInfrastructureImageTests.swift
[750/1697] Compiling HostwrightNetworkingTests HostwrightNetworkingSmoke.swift
[751/1697] Compiling HostwrightNetworkingTests NetworkAddressPlannerTests.swift
[752/1697] Compiling HostwrightNetworkingTests NetworkPolicyCompilerTests.swift
[753/1697] Compiling HostwrightNetworkingTests ProjectDNSPlannerTests.swift
[754/1697] Compiling HostwrightNetworkingTests ServiceTunnelModelsTests.swift
[755/1698] Emitting module HostwrightTestSupport
[756/1700] Compiling HostwrightTestSupport RepositoryTestInputs.swift
[757/1700] Compiling HostwrightTestSupport TestSupport.swift
[758/1701] Emitting module HostwrightStorage
[759/1716] Compiling HostwrightStorage GuardedMountSecurity.swift
[760/1716] Compiling HostwrightStorage LocalStorageProvider.swift
[761/1716] Compiling HostwrightStorage LocalStorageProviderDataProtection.swift
[762/1716] Compiling HostwrightStorage LocalStorageProviderFilesystem.swift
[763/1716] Compiling HostwrightStorage LocalStorageProviderModels.swift
[764/1716] Compiling HostwrightStorage StorageAttachmentCoordinator.swift
[765/1716] Compiling HostwrightStorage StorageAttachmentModels.swift
[766/1716] Compiling HostwrightStorage StorageBackupEngine.swift
[767/1716] Compiling HostwrightStorage StorageBackupFilesystem.swift
[768/1716] Compiling HostwrightStorage StorageBackupModels.swift
[769/1716] Compiling HostwrightStorage StorageCapacityModels.swift
[770/1716] Compiling HostwrightStorage StorageCapacityPolicy.swift
[771/1716] Compiling HostwrightStorage StorageCapacityProbe.swift
[772/1716] Compiling HostwrightStorage StorageOrphanEngine.swift
[773/1716] Compiling HostwrightStorage StorageOrphanModels.swift
[774/1731] Compiling HostwrightStorage StorageProviderClient.swift
[775/1731] Compiling HostwrightStorage StorageProviderContracts.swift
[776/1731] Compiling HostwrightStorage StorageProviderHelperBootstrap.swift
[777/1731] Compiling HostwrightStorage StorageProviderHelperClient.swift
[778/1731] Compiling HostwrightStorage StorageProviderHelperCommand.swift
[779/1731] Compiling HostwrightStorage StorageProviderHelperProcess.swift
[780/1731] Compiling HostwrightStorage StorageProviderProtocol.swift
[781/1731] Compiling HostwrightStorage StorageProviderTransport.swift
[782/1731] Compiling HostwrightStorage StorageReclaimEngine.swift
[783/1731] Compiling HostwrightStorage StorageReclaimModels.swift
[784/1731] Compiling HostwrightStorage StorageSemanticEngine.swift
[785/1731] Compiling HostwrightStorage StorageSemanticModels.swift
[786/1731] Compiling HostwrightStorage StorageSnapshotEngine.swift
[787/1731] Compiling HostwrightStorage StorageSnapshotFilesystem.swift
[788/1731] Compiling HostwrightStorage StorageSnapshotModels.swift
[789/1732] Emitting module HostwrightSecretsTests
[790/1735] Compiling HostwrightSecretsTests HostwrightSecretsIntegrationTests.swift
/SOURCE/Tests/HostwrightSecretsTests/HostwrightSecretsIntegrationTests.swift:219:13: warning: 'SecKeychainGetUserInteractionAllowed' was deprecated in macOS 10.10: SecKeychain is deprecated [#DeprecatedDeclaration]
217 |         var priorInteraction = DarwinBoolean(false)
218 |         XCTAssertEqual(
219 |             SecKeychainGetUserInteractionAllowed(&priorInteraction),
    |             `- warning: 'SecKeychainGetUserInteractionAllowed' was deprecated in macOS 10.10: SecKeychain is deprecated [#DeprecatedDeclaration]
220 |             errSecSuccess
221 |         )

/SOURCE/Tests/HostwrightSecretsTests/HostwrightSecretsIntegrationTests.swift:223:13: warning: 'SecKeychainSetUserInteractionAllowed' was deprecated in macOS 10.10: SecKeychain is deprecated [#DeprecatedDeclaration]
221 |         )
222 |         XCTAssertEqual(
223 |             SecKeychainSetUserInteractionAllowed(false),
    |             `- warning: 'SecKeychainSetUserInteractionAllowed' was deprecated in macOS 10.10: SecKeychain is deprecated [#DeprecatedDeclaration]
224 |             errSecSuccess
225 |         )

/SOURCE/Tests/HostwrightSecretsTests/HostwrightSecretsIntegrationTests.swift:227:17: warning: 'SecKeychainSetUserInteractionAllowed' was deprecated in macOS 10.10: SecKeychain is deprecated [#DeprecatedDeclaration]
225 |         )
226 |         defer {
227 |             _ = SecKeychainSetUserInteractionAllowed(
    |                 `- warning: 'SecKeychainSetUserInteractionAllowed' was deprecated in macOS 10.10: SecKeychain is deprecated [#DeprecatedDeclaration]
228 |                 priorInteraction.boolValue
229 |             )

/SOURCE/Tests/HostwrightSecretsTests/HostwrightSecretsIntegrationTests.swift:235:13: warning: 'SecKeychainCopyDefault' was deprecated in macOS 10.10: SecKeychain is deprecated [#DeprecatedDeclaration]
233 |         var priorSearchList: CFArray?
234 |         XCTAssertEqual(
235 |             SecKeychainCopyDefault(&priorDefaultKeychain),
    |             `- warning: 'SecKeychainCopyDefault' was deprecated in macOS 10.10: SecKeychain is deprecated [#DeprecatedDeclaration]
236 |             errSecSuccess
237 |         )

/SOURCE/Tests/HostwrightSecretsTests/HostwrightSecretsIntegrationTests.swift:239:13: warning: 'SecKeychainCopySearchList' was deprecated in macOS 10.10: SecKeychain is deprecated [#DeprecatedDeclaration]
237 |         )
238 |         XCTAssertEqual(
239 |             SecKeychainCopySearchList(&priorSearchList),
    |             `- warning: 'SecKeychainCopySearchList' was deprecated in macOS 10.10: SecKeychain is deprecated [#DeprecatedDeclaration]
240 |             errSecSuccess
241 |         )

/SOURCE/Tests/HostwrightSecretsTests/HostwrightSecretsIntegrationTests.swift:254:17: warning: 'SecKeychainCreate' was deprecated in macOS 10.10: SecKeychain is deprecated [#DeprecatedDeclaration]
252 |         let createStatus = keychainPath.withCString { path in
253 |             password.withUnsafeBytes { bytes in
254 |                 SecKeychainCreate(
    |                 `- warning: 'SecKeychainCreate' was deprecated in macOS 10.10: SecKeychain is deprecated [#DeprecatedDeclaration]
255 |                     path,
256 |                     UInt32(bytes.count),

/SOURCE/Tests/HostwrightSecretsTests/HostwrightSecretsIntegrationTests.swift:266:24: warning: 'SecKeychainSetDefault' was deprecated in macOS 10.10: SecKeychain is deprecated [#DeprecatedDeclaration]
264 |         XCTAssertEqual(createStatus, errSecSuccess)
265 |         let createdKeychain = try XCTUnwrap(keychain)
266 |         XCTAssertEqual(SecKeychainSetDefault(savedDefault), errSecSuccess)
    |                        `- warning: 'SecKeychainSetDefault' was deprecated in macOS 10.10: SecKeychain is deprecated [#DeprecatedDeclaration]
267 |         XCTAssertEqual(
268 |             SecKeychainSetSearchList(savedSearchList),

/SOURCE/Tests/HostwrightSecretsTests/HostwrightSecretsIntegrationTests.swift:268:13: warning: 'SecKeychainSetSearchList' was deprecated in macOS 10.10: SecKeychain is deprecated [#DeprecatedDeclaration]
266 |         XCTAssertEqual(SecKeychainSetDefault(savedDefault), errSecSuccess)
267 |         XCTAssertEqual(
268 |             SecKeychainSetSearchList(savedSearchList),
    |             `- warning: 'SecKeychainSetSearchList' was deprecated in macOS 10.10: SecKeychain is deprecated [#DeprecatedDeclaration]
269 |             errSecSuccess
270 |         )

/SOURCE/Tests/HostwrightSecretsTests/HostwrightSecretsIntegrationTests.swift:273:21: warning: 'SecKeychainUnlock' was deprecated in macOS 10.10: SecKeychain is deprecated [#DeprecatedDeclaration]
271 |         defer {
272 |             password.withUnsafeBytes { bytes in
273 |                 _ = SecKeychainUnlock(
    |                     `- warning: 'SecKeychainUnlock' was deprecated in macOS 10.10: SecKeychain is deprecated [#DeprecatedDeclaration]
274 |                     createdKeychain,
275 |                     UInt32(bytes.count),

/SOURCE/Tests/HostwrightSecretsTests/HostwrightSecretsIntegrationTests.swift:280:17: warning: 'SecKeychainDelete' was deprecated in macOS 10.10: SecKeychain is deprecated [#DeprecatedDeclaration]
278 |                 )
279 |             }
280 |             _ = SecKeychainDelete(createdKeychain)
    |                 `- warning: 'SecKeychainDelete' was deprecated in macOS 10.10: SecKeychain is deprecated [#DeprecatedDeclaration]
281 |             _ = SecKeychainSetDefault(savedDefault)
282 |             _ = SecKeychainSetSearchList(savedSearchList)

/SOURCE/Tests/HostwrightSecretsTests/HostwrightSecretsIntegrationTests.swift:281:17: warning: 'SecKeychainSetDefault' was deprecated in macOS 10.10: SecKeychain is deprecated [#DeprecatedDeclaration]
279 |             }
280 |             _ = SecKeychainDelete(createdKeychain)
281 |             _ = SecKeychainSetDefault(savedDefault)
    |                 `- warning: 'SecKeychainSetDefault' was deprecated in macOS 10.10: SecKeychain is deprecated [#DeprecatedDeclaration]
282 |             _ = SecKeychainSetSearchList(savedSearchList)
283 |         }

/SOURCE/Tests/HostwrightSecretsTests/HostwrightSecretsIntegrationTests.swift:282:17: warning: 'SecKeychainSetSearchList' was deprecated in macOS 10.10: SecKeychain is deprecated [#DeprecatedDeclaration]
280 |             _ = SecKeychainDelete(createdKeychain)
281 |             _ = SecKeychainSetDefault(savedDefault)
282 |             _ = SecKeychainSetSearchList(savedSearchList)
    |                 `- warning: 'SecKeychainSetSearchList' was deprecated in macOS 10.10: SecKeychain is deprecated [#DeprecatedDeclaration]
283 |         }
284 |

/SOURCE/Tests/HostwrightSecretsTests/HostwrightSecretsIntegrationTests.swift:291:24: warning: 'SecKeychainLock' was deprecated in macOS 10.10: SecKeychain is deprecated [#DeprecatedDeclaration]
289 |             value: try HostwrightSecretValue("temporary-locked-secret")
290 |         )
291 |         XCTAssertEqual(SecKeychainLock(createdKeychain), errSecSuccess)
    |                        `- warning: 'SecKeychainLock' was deprecated in macOS 10.10: SecKeychain is deprecated [#DeprecatedDeclaration]
292 |
293 |         let readStartedAt = Date()

/SOURCE/Tests/HostwrightSecretsTests/HostwrightSecretsIntegrationTests.swift:304:13: warning: 'SecKeychainSetUserInteractionAllowed' was deprecated in macOS 10.10: SecKeychain is deprecated [#DeprecatedDeclaration]
302 |         XCTAssertLessThan(Date().timeIntervalSince(readStartedAt), 5)
303 |         XCTAssertEqual(
304 |             SecKeychainSetUserInteractionAllowed(
    |             `- warning: 'SecKeychainSetUserInteractionAllowed' was deprecated in macOS 10.10: SecKeychain is deprecated [#DeprecatedDeclaration]
305 |                 priorInteraction.boolValue
306 |             ),

/SOURCE/Tests/HostwrightSecretsTests/HostwrightSecretsIntegrationTests.swift:311:13: warning: 'SecKeychainUnlock' was deprecated in macOS 10.10: SecKeychain is deprecated [#DeprecatedDeclaration]
309 |
310 |         let unlockStatus = password.withUnsafeBytes { bytes in
311 |             SecKeychainUnlock(
    |             `- warning: 'SecKeychainUnlock' was deprecated in macOS 10.10: SecKeychain is deprecated [#DeprecatedDeclaration]
312 |                 createdKeychain,
313 |                 UInt32(bytes.count),

[#DeprecatedDeclaration]: <https://docs.swift.org/compiler/documentation/diagnostics/deprecated-declaration>
[791/1735] Compiling HostwrightSecretsTests HostwrightSecretsSmoke.swift
/SOURCE/Tests/HostwrightSecretsTests/HostwrightSecretsIntegrationTests.swift:219:13: warning: 'SecKeychainGetUserInteractionAllowed' was deprecated in macOS 10.10: SecKeychain is deprecated [#DeprecatedDeclaration]
217 |         var priorInteraction = DarwinBoolean(false)
218 |         XCTAssertEqual(
219 |             SecKeychainGetUserInteractionAllowed(&priorInteraction),
    |             `- warning: 'SecKeychainGetUserInteractionAllowed' was deprecated in macOS 10.10: SecKeychain is deprecated [#DeprecatedDeclaration]
220 |             errSecSuccess
221 |         )

/SOURCE/Tests/HostwrightSecretsTests/HostwrightSecretsIntegrationTests.swift:223:13: warning: 'SecKeychainSetUserInteractionAllowed' was deprecated in macOS 10.10: SecKeychain is deprecated [#DeprecatedDeclaration]
221 |         )
222 |         XCTAssertEqual(
223 |             SecKeychainSetUserInteractionAllowed(false),
    |             `- warning: 'SecKeychainSetUserInteractionAllowed' was deprecated in macOS 10.10: SecKeychain is deprecated [#DeprecatedDeclaration]
224 |             errSecSuccess
225 |         )

/SOURCE/Tests/HostwrightSecretsTests/HostwrightSecretsIntegrationTests.swift:227:17: warning: 'SecKeychainSetUserInteractionAllowed' was deprecated in macOS 10.10: SecKeychain is deprecated [#DeprecatedDeclaration]
225 |         )
226 |         defer {
227 |             _ = SecKeychainSetUserInteractionAllowed(
    |                 `- warning: 'SecKeychainSetUserInteractionAllowed' was deprecated in macOS 10.10: SecKeychain is deprecated [#DeprecatedDeclaration]
228 |                 priorInteraction.boolValue
229 |             )

/SOURCE/Tests/HostwrightSecretsTests/HostwrightSecretsIntegrationTests.swift:235:13: warning: 'SecKeychainCopyDefault' was deprecated in macOS 10.10: SecKeychain is deprecated [#DeprecatedDeclaration]
233 |         var priorSearchList: CFArray?
234 |         XCTAssertEqual(
235 |             SecKeychainCopyDefault(&priorDefaultKeychain),
    |             `- warning: 'SecKeychainCopyDefault' was deprecated in macOS 10.10: SecKeychain is deprecated [#DeprecatedDeclaration]
236 |             errSecSuccess
237 |         )

/SOURCE/Tests/HostwrightSecretsTests/HostwrightSecretsIntegrationTests.swift:239:13: warning: 'SecKeychainCopySearchList' was deprecated in macOS 10.10: SecKeychain is deprecated [#DeprecatedDeclaration]
237 |         )
238 |         XCTAssertEqual(
239 |             SecKeychainCopySearchList(&priorSearchList),
    |             `- warning: 'SecKeychainCopySearchList' was deprecated in macOS 10.10: SecKeychain is deprecated [#DeprecatedDeclaration]
240 |             errSecSuccess
241 |         )

/SOURCE/Tests/HostwrightSecretsTests/HostwrightSecretsIntegrationTests.swift:254:17: warning: 'SecKeychainCreate' was deprecated in macOS 10.10: SecKeychain is deprecated [#DeprecatedDeclaration]
252 |         let createStatus = keychainPath.withCString { path in
253 |             password.withUnsafeBytes { bytes in
254 |                 SecKeychainCreate(
    |                 `- warning: 'SecKeychainCreate' was deprecated in macOS 10.10: SecKeychain is deprecated [#DeprecatedDeclaration]
255 |                     path,
256 |                     UInt32(bytes.count),

/SOURCE/Tests/HostwrightSecretsTests/HostwrightSecretsIntegrationTests.swift:266:24: warning: 'SecKeychainSetDefault' was deprecated in macOS 10.10: SecKeychain is deprecated [#DeprecatedDeclaration]
264 |         XCTAssertEqual(createStatus, errSecSuccess)
265 |         let createdKeychain = try XCTUnwrap(keychain)
266 |         XCTAssertEqual(SecKeychainSetDefault(savedDefault), errSecSuccess)
    |                        `- warning: 'SecKeychainSetDefault' was deprecated in macOS 10.10: SecKeychain is deprecated [#DeprecatedDeclaration]
267 |         XCTAssertEqual(
268 |             SecKeychainSetSearchList(savedSearchList),

/SOURCE/Tests/HostwrightSecretsTests/HostwrightSecretsIntegrationTests.swift:268:13: warning: 'SecKeychainSetSearchList' was deprecated in macOS 10.10: SecKeychain is deprecated [#DeprecatedDeclaration]
266 |         XCTAssertEqual(SecKeychainSetDefault(savedDefault), errSecSuccess)
267 |         XCTAssertEqual(
268 |             SecKeychainSetSearchList(savedSearchList),
    |             `- warning: 'SecKeychainSetSearchList' was deprecated in macOS 10.10: SecKeychain is deprecated [#DeprecatedDeclaration]
269 |             errSecSuccess
270 |         )

/SOURCE/Tests/HostwrightSecretsTests/HostwrightSecretsIntegrationTests.swift:273:21: warning: 'SecKeychainUnlock' was deprecated in macOS 10.10: SecKeychain is deprecated [#DeprecatedDeclaration]
271 |         defer {
272 |             password.withUnsafeBytes { bytes in
273 |                 _ = SecKeychainUnlock(
    |                     `- warning: 'SecKeychainUnlock' was deprecated in macOS 10.10: SecKeychain is deprecated [#DeprecatedDeclaration]
274 |                     createdKeychain,
275 |                     UInt32(bytes.count),

/SOURCE/Tests/HostwrightSecretsTests/HostwrightSecretsIntegrationTests.swift:280:17: warning: 'SecKeychainDelete' was deprecated in macOS 10.10: SecKeychain is deprecated [#DeprecatedDeclaration]
278 |                 )
279 |             }
280 |             _ = SecKeychainDelete(createdKeychain)
    |                 `- warning: 'SecKeychainDelete' was deprecated in macOS 10.10: SecKeychain is deprecated [#DeprecatedDeclaration]
281 |             _ = SecKeychainSetDefault(savedDefault)
282 |             _ = SecKeychainSetSearchList(savedSearchList)

/SOURCE/Tests/HostwrightSecretsTests/HostwrightSecretsIntegrationTests.swift:281:17: warning: 'SecKeychainSetDefault' was deprecated in macOS 10.10: SecKeychain is deprecated [#DeprecatedDeclaration]
279 |             }
280 |             _ = SecKeychainDelete(createdKeychain)
281 |             _ = SecKeychainSetDefault(savedDefault)
    |                 `- warning: 'SecKeychainSetDefault' was deprecated in macOS 10.10: SecKeychain is deprecated [#DeprecatedDeclaration]
282 |             _ = SecKeychainSetSearchList(savedSearchList)
283 |         }

/SOURCE/Tests/HostwrightSecretsTests/HostwrightSecretsIntegrationTests.swift:282:17: warning: 'SecKeychainSetSearchList' was deprecated in macOS 10.10: SecKeychain is deprecated [#DeprecatedDeclaration]
280 |             _ = SecKeychainDelete(createdKeychain)
281 |             _ = SecKeychainSetDefault(savedDefault)
282 |             _ = SecKeychainSetSearchList(savedSearchList)
    |                 `- warning: 'SecKeychainSetSearchList' was deprecated in macOS 10.10: SecKeychain is deprecated [#DeprecatedDeclaration]
283 |         }
284 |

/SOURCE/Tests/HostwrightSecretsTests/HostwrightSecretsIntegrationTests.swift:291:24: warning: 'SecKeychainLock' was deprecated in macOS 10.10: SecKeychain is deprecated [#DeprecatedDeclaration]
289 |             value: try HostwrightSecretValue("temporary-locked-secret")
290 |         )
291 |         XCTAssertEqual(SecKeychainLock(createdKeychain), errSecSuccess)
    |                        `- warning: 'SecKeychainLock' was deprecated in macOS 10.10: SecKeychain is deprecated [#DeprecatedDeclaration]
292 |
293 |         let readStartedAt = Date()

/SOURCE/Tests/HostwrightSecretsTests/HostwrightSecretsIntegrationTests.swift:304:13: warning: 'SecKeychainSetUserInteractionAllowed' was deprecated in macOS 10.10: SecKeychain is deprecated [#DeprecatedDeclaration]
302 |         XCTAssertLessThan(Date().timeIntervalSince(readStartedAt), 5)
303 |         XCTAssertEqual(
304 |             SecKeychainSetUserInteractionAllowed(
    |             `- warning: 'SecKeychainSetUserInteractionAllowed' was deprecated in macOS 10.10: SecKeychain is deprecated [#DeprecatedDeclaration]
305 |                 priorInteraction.boolValue
306 |             ),

/SOURCE/Tests/HostwrightSecretsTests/HostwrightSecretsIntegrationTests.swift:311:13: warning: 'SecKeychainUnlock' was deprecated in macOS 10.10: SecKeychain is deprecated [#DeprecatedDeclaration]
309 |
310 |         let unlockStatus = password.withUnsafeBytes { bytes in
311 |             SecKeychainUnlock(
    |             `- warning: 'SecKeychainUnlock' was deprecated in macOS 10.10: SecKeychain is deprecated [#DeprecatedDeclaration]
312 |                 createdKeychain,
313 |                 UInt32(bytes.count),

[#DeprecatedDeclaration]: <https://docs.swift.org/compiler/documentation/diagnostics/deprecated-declaration>
[792/1735] Compiling HostwrightSecretsTests SecretProviderTests.swift
/SOURCE/Tests/HostwrightSecretsTests/HostwrightSecretsIntegrationTests.swift:219:13: warning: 'SecKeychainGetUserInteractionAllowed' was deprecated in macOS 10.10: SecKeychain is deprecated [#DeprecatedDeclaration]
217 |         var priorInteraction = DarwinBoolean(false)
218 |         XCTAssertEqual(
219 |             SecKeychainGetUserInteractionAllowed(&priorInteraction),
    |             `- warning: 'SecKeychainGetUserInteractionAllowed' was deprecated in macOS 10.10: SecKeychain is deprecated [#DeprecatedDeclaration]
220 |             errSecSuccess
221 |         )

/SOURCE/Tests/HostwrightSecretsTests/HostwrightSecretsIntegrationTests.swift:223:13: warning: 'SecKeychainSetUserInteractionAllowed' was deprecated in macOS 10.10: SecKeychain is deprecated [#DeprecatedDeclaration]
221 |         )
222 |         XCTAssertEqual(
223 |             SecKeychainSetUserInteractionAllowed(false),
    |             `- warning: 'SecKeychainSetUserInteractionAllowed' was deprecated in macOS 10.10: SecKeychain is deprecated [#DeprecatedDeclaration]
224 |             errSecSuccess
225 |         )

/SOURCE/Tests/HostwrightSecretsTests/HostwrightSecretsIntegrationTests.swift:227:17: warning: 'SecKeychainSetUserInteractionAllowed' was deprecated in macOS 10.10: SecKeychain is deprecated [#DeprecatedDeclaration]
225 |         )
226 |         defer {
227 |             _ = SecKeychainSetUserInteractionAllowed(
    |                 `- warning: 'SecKeychainSetUserInteractionAllowed' was deprecated in macOS 10.10: SecKeychain is deprecated [#DeprecatedDeclaration]
228 |                 priorInteraction.boolValue
229 |             )

/SOURCE/Tests/HostwrightSecretsTests/HostwrightSecretsIntegrationTests.swift:235:13: warning: 'SecKeychainCopyDefault' was deprecated in macOS 10.10: SecKeychain is deprecated [#DeprecatedDeclaration]
233 |         var priorSearchList: CFArray?
234 |         XCTAssertEqual(
235 |             SecKeychainCopyDefault(&priorDefaultKeychain),
    |             `- warning: 'SecKeychainCopyDefault' was deprecated in macOS 10.10: SecKeychain is deprecated [#DeprecatedDeclaration]
236 |             errSecSuccess
237 |         )

/SOURCE/Tests/HostwrightSecretsTests/HostwrightSecretsIntegrationTests.swift:239:13: warning: 'SecKeychainCopySearchList' was deprecated in macOS 10.10: SecKeychain is deprecated [#DeprecatedDeclaration]
237 |         )
238 |         XCTAssertEqual(
239 |             SecKeychainCopySearchList(&priorSearchList),
    |             `- warning: 'SecKeychainCopySearchList' was deprecated in macOS 10.10: SecKeychain is deprecated [#DeprecatedDeclaration]
240 |             errSecSuccess
241 |         )

/SOURCE/Tests/HostwrightSecretsTests/HostwrightSecretsIntegrationTests.swift:254:17: warning: 'SecKeychainCreate' was deprecated in macOS 10.10: SecKeychain is deprecated [#DeprecatedDeclaration]
252 |         let createStatus = keychainPath.withCString { path in
253 |             password.withUnsafeBytes { bytes in
254 |                 SecKeychainCreate(
    |                 `- warning: 'SecKeychainCreate' was deprecated in macOS 10.10: SecKeychain is deprecated [#DeprecatedDeclaration]
255 |                     path,
256 |                     UInt32(bytes.count),

/SOURCE/Tests/HostwrightSecretsTests/HostwrightSecretsIntegrationTests.swift:266:24: warning: 'SecKeychainSetDefault' was deprecated in macOS 10.10: SecKeychain is deprecated [#DeprecatedDeclaration]
264 |         XCTAssertEqual(createStatus, errSecSuccess)
265 |         let createdKeychain = try XCTUnwrap(keychain)
266 |         XCTAssertEqual(SecKeychainSetDefault(savedDefault), errSecSuccess)
    |                        `- warning: 'SecKeychainSetDefault' was deprecated in macOS 10.10: SecKeychain is deprecated [#DeprecatedDeclaration]
267 |         XCTAssertEqual(
268 |             SecKeychainSetSearchList(savedSearchList),

/SOURCE/Tests/HostwrightSecretsTests/HostwrightSecretsIntegrationTests.swift:268:13: warning: 'SecKeychainSetSearchList' was deprecated in macOS 10.10: SecKeychain is deprecated [#DeprecatedDeclaration]
266 |         XCTAssertEqual(SecKeychainSetDefault(savedDefault), errSecSuccess)
267 |         XCTAssertEqual(
268 |             SecKeychainSetSearchList(savedSearchList),
    |             `- warning: 'SecKeychainSetSearchList' was deprecated in macOS 10.10: SecKeychain is deprecated [#DeprecatedDeclaration]
269 |             errSecSuccess
270 |         )

/SOURCE/Tests/HostwrightSecretsTests/HostwrightSecretsIntegrationTests.swift:273:21: warning: 'SecKeychainUnlock' was deprecated in macOS 10.10: SecKeychain is deprecated [#DeprecatedDeclaration]
271 |         defer {
272 |             password.withUnsafeBytes { bytes in
273 |                 _ = SecKeychainUnlock(
    |                     `- warning: 'SecKeychainUnlock' was deprecated in macOS 10.10: SecKeychain is deprecated [#DeprecatedDeclaration]
274 |                     createdKeychain,
275 |                     UInt32(bytes.count),

/SOURCE/Tests/HostwrightSecretsTests/HostwrightSecretsIntegrationTests.swift:280:17: warning: 'SecKeychainDelete' was deprecated in macOS 10.10: SecKeychain is deprecated [#DeprecatedDeclaration]
278 |                 )
279 |             }
280 |             _ = SecKeychainDelete(createdKeychain)
    |                 `- warning: 'SecKeychainDelete' was deprecated in macOS 10.10: SecKeychain is deprecated [#DeprecatedDeclaration]
281 |             _ = SecKeychainSetDefault(savedDefault)
282 |             _ = SecKeychainSetSearchList(savedSearchList)

/SOURCE/Tests/HostwrightSecretsTests/HostwrightSecretsIntegrationTests.swift:281:17: warning: 'SecKeychainSetDefault' was deprecated in macOS 10.10: SecKeychain is deprecated [#DeprecatedDeclaration]
279 |             }
280 |             _ = SecKeychainDelete(createdKeychain)
281 |             _ = SecKeychainSetDefault(savedDefault)
    |                 `- warning: 'SecKeychainSetDefault' was deprecated in macOS 10.10: SecKeychain is deprecated [#DeprecatedDeclaration]
282 |             _ = SecKeychainSetSearchList(savedSearchList)
283 |         }

/SOURCE/Tests/HostwrightSecretsTests/HostwrightSecretsIntegrationTests.swift:282:17: warning: 'SecKeychainSetSearchList' was deprecated in macOS 10.10: SecKeychain is deprecated [#DeprecatedDeclaration]
280 |             _ = SecKeychainDelete(createdKeychain)
281 |             _ = SecKeychainSetDefault(savedDefault)
282 |             _ = SecKeychainSetSearchList(savedSearchList)
    |                 `- warning: 'SecKeychainSetSearchList' was deprecated in macOS 10.10: SecKeychain is deprecated [#DeprecatedDeclaration]
283 |         }
284 |

/SOURCE/Tests/HostwrightSecretsTests/HostwrightSecretsIntegrationTests.swift:291:24: warning: 'SecKeychainLock' was deprecated in macOS 10.10: SecKeychain is deprecated [#DeprecatedDeclaration]
289 |             value: try HostwrightSecretValue("temporary-locked-secret")
290 |         )
291 |         XCTAssertEqual(SecKeychainLock(createdKeychain), errSecSuccess)
    |                        `- warning: 'SecKeychainLock' was deprecated in macOS 10.10: SecKeychain is deprecated [#DeprecatedDeclaration]
292 |
293 |         let readStartedAt = Date()

/SOURCE/Tests/HostwrightSecretsTests/HostwrightSecretsIntegrationTests.swift:304:13: warning: 'SecKeychainSetUserInteractionAllowed' was deprecated in macOS 10.10: SecKeychain is deprecated [#DeprecatedDeclaration]
302 |         XCTAssertLessThan(Date().timeIntervalSince(readStartedAt), 5)
303 |         XCTAssertEqual(
304 |             SecKeychainSetUserInteractionAllowed(
    |             `- warning: 'SecKeychainSetUserInteractionAllowed' was deprecated in macOS 10.10: SecKeychain is deprecated [#DeprecatedDeclaration]
305 |                 priorInteraction.boolValue
306 |             ),

/SOURCE/Tests/HostwrightSecretsTests/HostwrightSecretsIntegrationTests.swift:311:13: warning: 'SecKeychainUnlock' was deprecated in macOS 10.10: SecKeychain is deprecated [#DeprecatedDeclaration]
309 |
310 |         let unlockStatus = password.withUnsafeBytes { bytes in
311 |             SecKeychainUnlock(
    |             `- warning: 'SecKeychainUnlock' was deprecated in macOS 10.10: SecKeychain is deprecated [#DeprecatedDeclaration]
312 |                 createdKeychain,
313 |                 UInt32(bytes.count),

[#DeprecatedDeclaration]: <https://docs.swift.org/compiler/documentation/diagnostics/deprecated-declaration>
[793/1736] Emitting module HostwrightStorageTests
[794/1754] Compiling HostwrightStorageTests GuardedMountSecurityTests.swift
[795/1754] Compiling HostwrightStorageTests LocalStorageProviderConformanceTests.swift
[796/1754] Compiling HostwrightStorageTests LocalStorageProviderDataProtectionTests.swift
[797/1754] Compiling HostwrightStorageTests LocalStorageProviderLifecycleTests.swift
[798/1754] Compiling HostwrightStorageTests StorageAttachmentCoordinatorTests.swift
[799/1754] Compiling HostwrightStorageTests StorageBackupEngineTests.swift
[800/1754] Compiling HostwrightStorageTests StorageCapacityPolicyTests.swift
[801/1754] Compiling HostwrightStorageTests StorageCapacityProbeTests.swift
[802/1754] Compiling HostwrightStorageTests StorageOrphanEngineTests.swift
[803/1754] Compiling HostwrightStorageTests StorageProviderClientTests.swift
[804/1754] Compiling HostwrightStorageTests StorageProviderContractTests.swift
[805/1754] Compiling HostwrightStorageTests StorageProviderHelperBootstrapTests.swift
[806/1754] Compiling HostwrightStorageTests StorageProviderHelperCommandTests.swift
[807/1754] Compiling HostwrightStorageTests StorageProviderProtocolTests.swift
[808/1754] Compiling HostwrightStorageTests StorageProviderTransportTests.swift
[809/1754] Compiling HostwrightStorageTests StorageReclaimEngineTests.swift
[810/1754] Compiling HostwrightStorageTests StorageSemanticEngineTests.swift
[811/1754] Compiling HostwrightStorageTests StorageSnapshotEngineTests.swift
[812/1755] Emitting module HostwrightStorageHelper
[813/1757] Compiling HostwrightStorageHelper StorageProviderHelperExecutable.swift
[814/1757] Compiling HostwrightStorageHelper StorageProviderHelperSecurity.swift
[815/1758] Emitting module HostwrightRuntimeTests
[816/1782] Compiling HostwrightRuntimeTests ActivationAuthorityTestGate.swift
[817/1782] Compiling HostwrightRuntimeTests AppleContainerAdapterInventoryTests.swift
[818/1782] Compiling HostwrightRuntimeTests AppleContainerApplyAdapterDNSTests.swift
[819/1782] Compiling HostwrightRuntimeTests AppleContainerCodecTests.swift
[820/1782] Compiling HostwrightRuntimeTests AppleContainerCommandDNSTests.swift
[821/1782] Compiling HostwrightRuntimeTests AppleContainerImageLifecycleAdapterTests.swift
[822/1782] Compiling HostwrightRuntimeTests AppleContainerInventoryParserTests.swift
[823/1782] Compiling HostwrightRuntimeTests BenchmarkRuntimeTests.swift
[824/1782] Compiling HostwrightRuntimeTests ContainerizationGuestNetworkPolicyCompilerTests.swift
[825/1782] Compiling HostwrightRuntimeTests ContainerizationGuestNetworkPolicyDocumentTests.swift
[826/1782] Compiling HostwrightRuntimeTests ContainerizationHelperBootstrapTests.swift
[827/1782] Compiling HostwrightRuntimeTests ContainerizationHelperClientTests.swift
[828/1782] Compiling HostwrightRuntimeTests ContainerizationHelperInteractiveExecutorTests.swift
[829/1782] Compiling HostwrightRuntimeTests ContainerizationHelperProtocolTests.swift
[830/1782] Compiling HostwrightRuntimeTests ContainerizationHelperServiceTests.swift
[831/1782] Compiling HostwrightRuntimeTests Gate03MigrationEvidenceTests.swift
[832/1782] Compiling HostwrightRuntimeTests Gate03RecoveryEvidenceTests.swift
[833/1782] Compiling HostwrightRuntimeTests HostwrightRuntimeTests+CreatePolicy.swift
[834/1782] Compiling HostwrightRuntimeTests HostwrightRuntimeTests+Health.swift
[835/1782] Compiling HostwrightRuntimeTests HostwrightRuntimeTests+IdentityAndPolicy.swift
[836/1782] Compiling HostwrightRuntimeTests HostwrightRuntimeTests+Mutation.swift
[837/1782] Compiling HostwrightRuntimeTests HostwrightRuntimeTests+Observation.swift
[838/1782] Compiling HostwrightRuntimeTests HostwrightRuntimeTests+Process.swift
[839/1782] Compiling HostwrightRuntimeTests HostwrightRuntimeTests+Readiness.swift
[840/1806] Compiling HostwrightRuntimeTests HostwrightRuntimeTests.swift
[841/1806] Compiling HostwrightRuntimeTests LifecycleGate05LiveTests.swift
[842/1806] Compiling HostwrightRuntimeTests LiveRuntimeProviderConformanceTests.swift
[843/1806] Compiling HostwrightRuntimeTests Phase03QualificationScriptTests.swift
[844/1806] Compiling HostwrightRuntimeTests Phase07LocalNetworkForwardingLiveTests.swift
[845/1806] Compiling HostwrightRuntimeTests Phase07NetworkGate01LiveTests.swift
[846/1806] Compiling HostwrightRuntimeTests RuntimeCommandPolicyDNSTests.swift
[847/1806] Compiling HostwrightRuntimeTests RuntimeCreateSubsetPolicyTests.swift
[848/1806] Compiling HostwrightRuntimeTests RuntimeImageLifecycleTests.swift
[849/1806] Compiling HostwrightRuntimeTests RuntimeInteractiveOperationsTests.swift
[850/1806] Compiling HostwrightRuntimeTests RuntimeInventoryTests.swift
[851/1806] Compiling HostwrightRuntimeTests RuntimeNetworkProviderTests.swift
[852/1806] Compiling HostwrightRuntimeTests RuntimeProjectDNSTests.swift
[853/1806] Compiling HostwrightRuntimeTests RuntimeProviderCapabilityProbeTests.swift
[854/1806] Compiling HostwrightRuntimeTests RuntimeProviderConformanceTests.swift
[855/1806] Compiling HostwrightRuntimeTests RuntimeProviderContractTests.swift
[856/1806] Compiling HostwrightRuntimeTests RuntimeProviderMetadataEvidenceTests.swift
[857/1806] Compiling HostwrightRuntimeTests RuntimeProviderMigrationTests.swift
[858/1806] Compiling HostwrightRuntimeTests RuntimeProviderOutcomeTests.swift
[859/1806] Compiling HostwrightRuntimeTests RuntimeProviderRecoveryTests.swift
[860/1806] Compiling HostwrightRuntimeTests RuntimeProviderSelectionTests.swift
[861/1806] Compiling HostwrightRuntimeTests RuntimeRevisionIdentityTests.swift
[862/1806] Compiling HostwrightRuntimeTests RuntimeUnixSocketPublicationSecurityTests.swift
[863/1806] Compiling HostwrightRuntimeTests resource_bundle_accessor.swift
[864/1807] Emitting module HostwrightStorageProviderHelper
[865/1808] Compiling HostwrightStorageProviderHelper StorageProviderHelperMain.swift
[866/1809] Emitting module HostwrightReleaseQualificationTests
[867/1818] Compiling HostwrightReleaseQualificationTests ReleaseQualificationCLITests.swift
[868/1818] Compiling HostwrightReleaseQualificationTests ReleaseQualificationContractsTests.swift
[869/1818] Compiling HostwrightReleaseQualificationTests ReleaseQualificationEnvironmentTests.swift
[870/1818] Compiling HostwrightReleaseQualificationTests ReleaseQualificationLedgerTests.swift
[871/1818] Compiling HostwrightReleaseQualificationTests ReleaseQualificationPerformanceReceiptTests.swift
[872/1818] Compiling HostwrightReleaseQualificationTests ReleaseQualificationPerformanceTests.swift
[873/1818] Compiling HostwrightReleaseQualificationTests ReleaseQualificationRegistryTests.swift
[874/1818] Compiling HostwrightReleaseQualificationTests ReleaseQualificationTestSupport.swift
[875/1818] Compiling HostwrightReleaseQualificationTests resource_bundle_accessor.swift
[876/1819] Emitting module HostwrightRegistryTests
[877/1840] Compiling HostwrightRegistryTests ImageProvenanceTests.swift
[878/1840] Compiling HostwrightRegistryTests ImageSBOMArtifactTests.swift
[879/1840] Compiling HostwrightRegistryTests ImageSBOMEvidenceTests.swift
[880/1840] Compiling HostwrightRegistryTests ImageSBOMTests.swift
[881/1840] Compiling HostwrightRegistryTests ImageTrustVerifierTests.swift
[882/1840] Compiling HostwrightRegistryTests ImageVulnerabilityEvidenceTests.swift
[883/1840] Compiling HostwrightRegistryTests ImageVulnerabilityPolicyTests.swift
[884/1840] Compiling HostwrightRegistryTests ImageVulnerabilityReportTests.swift
[885/1840] Compiling HostwrightRegistryTests OCIImageArchiveSBOMGeneratorTests.swift
[886/1840] Compiling HostwrightRegistryTests OCIReferrerDiscoveryTests.swift
[887/1840] Compiling HostwrightRegistryTests OCIReferrerFetchTests.swift
[888/1840] Compiling HostwrightRegistryTests OCIReferrerModelsTests.swift
[889/1840] Compiling HostwrightRegistryTests OCIReferrerPublishTests.swift
[890/1840] Compiling HostwrightRegistryTests OCIReferrerRemovalTests.swift
[891/1840] Compiling HostwrightRegistryTests RecordingRegistryTransport.swift
[892/1840] Compiling HostwrightRegistryTests RegistryAuthContractTests.swift
[893/1840] Compiling HostwrightRegistryTests RegistryAuthenticationTests.swift
[894/1840] Compiling HostwrightRegistryTests RegistryAuthorizedRequestTests.swift
[895/1840] Compiling HostwrightRegistryTests RegistryCredentialFileTests.swift
[896/1840] Compiling HostwrightRegistryTests RegistryCredentialLookupTests.swift
[897/1840] Compiling HostwrightRegistryTests RegistryTransportTests.swift
[898/1841] Emitting module HostwrightHealth
[899/1851] Compiling HostwrightHealth BenchmarkHostProbe.swift
[900/1851] Compiling HostwrightHealth BenchmarkLabModels.swift
[901/1851] Compiling HostwrightHealth DoctorModels.swift
[902/1851] Compiling HostwrightHealth DoctorSystemProbe.swift
[903/1851] Compiling HostwrightHealth HostPressureModels.swift
[904/1851] Compiling HostwrightHealth HostPressurePolicy.swift
[905/1851] Compiling HostwrightHealth HostPressureProbe.swift
[906/1851] Compiling HostwrightHealth ResourceIntelligenceModels.swift
[907/1851] Compiling HostwrightHealth VMReclamationModels.swift
[908/1851] Compiling HostwrightHealth VMReclamationStateMachine.swift
[909/1852] Emitting module HostwrightCoreTests
[910/1862] Compiling HostwrightCoreTests ContractVersionsTests.swift
[911/1862] Compiling HostwrightCoreTests DarwinProcessIdentityTests.swift
[912/1862] Compiling HostwrightCoreTests EvidenceModelsTests.swift
[913/1862] Compiling HostwrightCoreTests HostwrightCoreSmoke.swift
[914/1862] Compiling HostwrightCoreTests LocalPathsTests.swift
[915/1862] Compiling HostwrightCoreTests Phase02QualificationHarnessTests.swift
[916/1862] Compiling HostwrightCoreTests QualificationExportVerifierTests.swift
[917/1862] Compiling HostwrightCoreTests SecureExecutableACLTests.swift
[918/1862] Compiling HostwrightCoreTests SecureSubprocessTests.swift
[919/1862] Compiling HostwrightCoreTests resource_bundle_accessor.swift
[920/1863] Emitting module HostwrightHealthTests
[921/1870] Compiling HostwrightHealthTests DoctorSystemProbeTests.swift
[922/1870] Compiling HostwrightHealthTests HostPressurePolicyTests.swift
[923/1870] Compiling HostwrightHealthTests HostPressureProbeTests.swift
[924/1870] Compiling HostwrightHealthTests HostwrightHealthSmoke.swift
[925/1870] Compiling HostwrightHealthTests Phase10PressureReclamationQualificationTests.swift
[926/1870] Compiling HostwrightHealthTests VMReclamationTests.swift
[927/1870] Compiling HostwrightHealthTests resource_bundle_accessor.swift
[927/1870] Write Objects.LinkFileList
[929/1870] Linking hostwright-storage-helper
[930/1870] Linking hostwright-release-qualify
[931/1870] Applying hostwright-storage-helper
[932/1870] Applying hostwright-release-qualify
[933/1870] Write Objects.LinkFileList
[934/1870] Write sources
[935/1870] Linking HostwrightPhase09QualificationTool
[936/1870] Write sources
[937/1870] Applying HostwrightPhase09QualificationTool
[938/1870] Write sources
[946/1871] Emitting module HostwrightControlPlane
[947/1878] Compiling HostwrightControlPlane ControlPlaneFoundation.swift
[948/1878] Compiling HostwrightControlPlane ControlProtocolCompatibility.swift
[949/1878] Compiling HostwrightControlPlane ControlStreamFrameContract.swift
[950/1878] Compiling HostwrightControlPlane GovernanceContracts.swift
[951/1878] Compiling HostwrightControlPlane ProfilePluginContracts.swift
[952/1878] Compiling HostwrightControlPlane SchedulerControlProtocol.swift
[953/1878] Compiling HostwrightControlPlane XPCContracts.swift
[953/1878] Write sources
[955/1879] Emitting module HostwrightXPCProvider
[956/1880] Compiling HostwrightXPCProvider XPCProvider.swift
[957/1881] Emitting module HostwrightControlSecurity
[958/1882] Compiling HostwrightControlSecurity ControlPeerAuthenticator.swift
[959/1883] Emitting module HostwrightXPCProviderTests
[960/1884] Compiling HostwrightXPCProviderTests XPCProviderCodecTests.swift
[961/1885] Emitting module HostwrightXPCProviderService
[962/1886] Compiling HostwrightXPCProviderService main.swift
[963/1887] Emitting module HostwrightXPCProviderQualificationTool
[964/1888] Compiling HostwrightXPCProviderQualificationTool main.swift
[965/1889] Emitting module HostwrightControlSecurityTests
[966/1890] Compiling HostwrightControlSecurityTests ControlPeerAuthenticatorTests.swift
[967/1891] Emitting module HostwrightControlPlaneTests
[968/1894] Compiling HostwrightControlPlaneTests ControlPlaneContractTests.swift
[969/1894] Compiling HostwrightControlPlaneTests ControlStreamFrameContractTests.swift
[970/1894] Compiling HostwrightControlPlaneTests Phase09XPCContractTests.swift
[970/1894] Write Objects.LinkFileList
[972/1894] Linking hostwright-xpc-provider-service
[973/1894] Linking hostwright-xpc-provider-qualification
[974/1894] Applying hostwright-xpc-provider-service
[975/1894] Applying hostwright-xpc-provider-qualification
[976/1894] Write sources
[991/1895] Emitting module HostwrightAccelerator
[992/1899] Compiling HostwrightAccelerator AcceleratorContracts.swift
[993/1899] Compiling HostwrightAccelerator AcceleratorExecution.swift
[994/1899] Compiling HostwrightAccelerator AcceleratorPlatformAdapters.swift
[995/1899] Compiling HostwrightAccelerator AcceleratorXPCReplayContract.swift
[996/1900] Emitting module HeapModule
[997/1906] Compiling HeapModule Heap+Descriptions.swift
[998/1906] Compiling HeapModule Heap+ExpressibleByArrayLiteral.swift
[999/1906] Compiling HeapModule Heap+Invariants.swift
[1000/1906] Compiling HeapModule Heap+UnsafeHandle.swift
[1001/1906] Compiling HeapModule Heap.swift
[1002/1906] Compiling HeapModule _HeapNode.swift
[1003/1907] Emitting module HostwrightAcceleratorXPC
[1004/1913] Compiling HostwrightAcceleratorXPC AcceleratorXPCClient.swift
[1005/1913] Compiling HostwrightAcceleratorXPC AcceleratorXPCContracts.swift
[1006/1913] Compiling HostwrightAcceleratorXPC AcceleratorXPCProcessBackend.swift
[1007/1913] Compiling HostwrightAcceleratorXPC AcceleratorXPCSecurity.swift
[1008/1913] Compiling HostwrightAcceleratorXPC AcceleratorXPCService.swift
[1009/1913] Compiling HostwrightAcceleratorXPC AcceleratorXPCWireSchema.swift
[1009/1913] Write sources
[1012/1914] Emitting module HashTreeCollections
[1013/1936] Compiling HashTreeCollections _AncestorHashSlots.swift
[1014/1936] Compiling HashTreeCollections _Bitmap.swift
[1015/1936] Compiling HashTreeCollections _Bucket.swift
[1016/1936] Compiling HashTreeCollections _Hash.swift
[1017/1936] Compiling HashTreeCollections _HashLevel.swift
[1018/1936] Compiling HashTreeCollections _HashNode+Builder.swift
[1019/1936] Compiling HashTreeCollections _HashNode+Debugging.swift
[1020/1936] Compiling HashTreeCollections _HashNode+Initializers.swift
[1021/1936] Compiling HashTreeCollections _HashNode+Invariants.swift
[1022/1936] Compiling HashTreeCollections _HashNode+Lookups.swift
[1023/1936] Compiling HashTreeCollections _HashNode+Primitive Insertions.swift
[1024/1936] Compiling HashTreeCollections _HashNode+Primitive Removals.swift
[1025/1936] Compiling HashTreeCollections _HashNode+Primitive Replacement.swift
[1026/1936] Compiling HashTreeCollections _HashNode+Storage.swift
[1027/1936] Compiling HashTreeCollections _HashNode+Structural compactMapValues.swift
[1028/1936] Compiling HashTreeCollections _HashNode+Structural filter.swift
[1029/1936] Compiling HashTreeCollections _HashNode+Structural intersection.swift
[1030/1936] Compiling HashTreeCollections _HashNode+Structural isDisjoint.swift
[1031/1936] Compiling HashTreeCollections _HashNode+Structural isEqualSet.swift
[1032/1936] Compiling HashTreeCollections _HashNode+Structural isSubset.swift
[1033/1936] Compiling HashTreeCollections _HashNode+Structural mapValues.swift
[1034/1936] Compiling HashTreeCollections _HashNode+Structural merge.swift
[1035/1957] Compiling HashTreeCollections _HashNode+Structural subtracting.swift
[1036/1957] Compiling HashTreeCollections _HashNode+Structural symmetricDifference.swift
[1037/1957] Compiling HashTreeCollections _HashNode+Structural union.swift
[1038/1957] Compiling HashTreeCollections _HashNode+Subtree Insertions.swift
[1039/1957] Compiling HashTreeCollections _HashNode+Subtree Modify.swift
[1040/1957] Compiling HashTreeCollections _HashNode+Subtree Removals.swift
[1041/1957] Compiling HashTreeCollections _HashNode+UnsafeHandle.swift
[1042/1957] Compiling HashTreeCollections _HashNode.swift
[1043/1957] Compiling HashTreeCollections _HashNodeHeader.swift
[1044/1957] Compiling HashTreeCollections _HashSlot.swift
[1045/1957] Compiling HashTreeCollections _HashStack.swift
[1046/1957] Compiling HashTreeCollections _HashTreeIterator.swift
[1047/1957] Compiling HashTreeCollections _HashTreeStatistics.swift
[1048/1957] Compiling HashTreeCollections _RawHashNode+UnsafeHandle.swift
[1049/1957] Compiling HashTreeCollections _RawHashNode.swift
[1050/1957] Compiling HashTreeCollections _UnmanagedHashNode.swift
[1051/1957] Compiling HashTreeCollections _UnsafePath.swift
[1052/1957] Compiling HashTreeCollections TreeDictionary+Codable.swift
[1053/1957] Compiling HashTreeCollections TreeDictionary+Collection.swift
[1054/1957] Compiling HashTreeCollections TreeDictionary+CustomReflectable.swift
[1055/1957] Compiling HashTreeCollections TreeDictionary+Debugging.swift
[1056/1978] Compiling HashTreeCollections TreeDictionary+Descriptions.swift
[1057/1978] Compiling HashTreeCollections TreeDictionary+Equatable.swift
[1058/1978] Compiling HashTreeCollections TreeDictionary+ExpressibleByDictionaryLiteral.swift
[1059/1978] Compiling HashTreeCollections TreeDictionary+Filter.swift
[1060/1978] Compiling HashTreeCollections TreeDictionary+Hashable.swift
[1061/1978] Compiling HashTreeCollections TreeDictionary+Initializers.swift
[1062/1978] Compiling HashTreeCollections TreeDictionary+Keys.swift
[1063/1978] Compiling HashTreeCollections TreeDictionary+MapValues.swift
[1064/1978] Compiling HashTreeCollections TreeDictionary+Merge.swift
[1065/1978] Compiling HashTreeCollections TreeDictionary+Sendable.swift
[1066/1978] Compiling HashTreeCollections TreeDictionary+Sequence.swift
[1067/1978] Compiling HashTreeCollections TreeDictionary+Values.swift
[1068/1978] Compiling HashTreeCollections TreeDictionary.swift
[1069/1978] Compiling HashTreeCollections TreeSet+Codable.swift
[1070/1978] Compiling HashTreeCollections TreeSet+Collection.swift
[1071/1978] Compiling HashTreeCollections TreeSet+CustomReflectable.swift
[1072/1978] Compiling HashTreeCollections TreeSet+Debugging.swift
[1073/1978] Compiling HashTreeCollections TreeSet+Descriptions.swift
[1074/1978] Compiling HashTreeCollections TreeSet+Equatable.swift
[1075/1978] Compiling HashTreeCollections TreeSet+ExpressibleByArrayLiteral.swift
[1076/1978] Compiling HashTreeCollections TreeSet+Extras.swift
[1077/1999] Compiling HashTreeCollections TreeSet+Filter.swift
[1078/1999] Compiling HashTreeCollections TreeSet+Hashable.swift
[1079/1999] Compiling HashTreeCollections TreeSet+Sendable.swift
[1080/1999] Compiling HashTreeCollections TreeSet+Sequence.swift
[1081/1999] Compiling HashTreeCollections TreeSet+SetAlgebra Initializers.swift
[1082/1999] Compiling HashTreeCollections TreeSet+SetAlgebra basics.swift
[1083/1999] Compiling HashTreeCollections TreeSet+SetAlgebra formIntersection.swift
[1084/1999] Compiling HashTreeCollections TreeSet+SetAlgebra formSymmetricDifference.swift
[1085/1999] Compiling HashTreeCollections TreeSet+SetAlgebra formUnion.swift
[1086/1999] Compiling HashTreeCollections TreeSet+SetAlgebra intersection.swift
[1087/1999] Compiling HashTreeCollections TreeSet+SetAlgebra isDisjoint.swift
[1088/1999] Compiling HashTreeCollections TreeSet+SetAlgebra isEqualSet.swift
[1089/1999] Compiling HashTreeCollections TreeSet+SetAlgebra isStrictSubset.swift
[1090/1999] Compiling HashTreeCollections TreeSet+SetAlgebra isStrictSuperset.swift
[1091/1999] Compiling HashTreeCollections TreeSet+SetAlgebra isSubset.swift
[1092/1999] Compiling HashTreeCollections TreeSet+SetAlgebra isSuperset.swift
[1093/1999] Compiling HashTreeCollections TreeSet+SetAlgebra subtract.swift
[1094/1999] Compiling HashTreeCollections TreeSet+SetAlgebra subtracting.swift
[1095/1999] Compiling HashTreeCollections TreeSet+SetAlgebra symmetricDifference.swift
[1096/1999] Compiling HashTreeCollections TreeSet+SetAlgebra union.swift
[1097/1999] Compiling HashTreeCollections TreeSet.swift
[1097/1999] Write sources
[1108/2000] Emitting module Crypto
[1109/2024] Compiling Crypto AES-GCM.swift
[1110/2024] Compiling Crypto AES-GCM_boring.swift
[1111/2024] Compiling Crypto ChaChaPoly_boring.swift
[1112/2024] Compiling Crypto ChaChaPoly.swift
[1113/2024] Compiling Crypto Cipher.swift
[1114/2024] Compiling Crypto Nonces.swift
[1115/2024] Compiling Crypto ASN1.swift
[1116/2024] Compiling Crypto ASN1Any.swift
[1117/2024] Compiling Crypto ASN1BitString.swift
[1118/2024] Compiling Crypto ASN1Boolean.swift
[1119/2024] Compiling Crypto ASN1Identifier.swift
[1120/2024] Compiling Crypto ASN1Integer.swift
[1121/2024] Compiling Crypto ASN1Null.swift
[1122/2024] Compiling Crypto ASN1OctetString.swift
[1123/2024] Compiling Crypto ASN1Strings.swift
[1124/2024] Compiling Crypto ArraySliceBigint.swift
[1125/2024] Compiling Crypto GeneralizedTime.swift
[1126/2024] Compiling Crypto ObjectIdentifier.swift
[1127/2024] Compiling Crypto ECDSASignature.swift
[1128/2024] Compiling Crypto PEMDocument.swift
[1129/2024] Compiling Crypto PKCS8PrivateKey.swift
[1130/2024] Compiling Crypto SEC1PrivateKey.swift
[1131/2024] Compiling Crypto SubjectPublicKeyInfo.swift
[1132/2024] Compiling Crypto CryptoError_boring.swift
[1133/2048] Compiling Crypto CryptoKitErrors.swift
[1134/2048] Compiling Crypto Digest_boring.swift
[1135/2048] Compiling Crypto Digest.swift
[1136/2048] Compiling Crypto Digests.swift
[1137/2048] Compiling Crypto HashFunctions.swift
[1138/2048] Compiling Crypto HashFunctions_SHA2.swift
[1139/2048] Compiling Crypto HashFunctions_SHA3.swift
[1140/2048] Compiling Crypto Digest_xkcp.swift
[1141/2048] Compiling Crypto HPKE-AEAD.swift
[1142/2048] Compiling Crypto HPKE-Ciphersuite.swift
[1143/2048] Compiling Crypto HPKE-KDF.swift
[1144/2048] Compiling Crypto HPKE-KexKeyDerivation.swift
[1145/2048] Compiling Crypto HPKE-LabeledExtract.swift
[1146/2048] Compiling Crypto HPKE-Utils.swift
[1147/2048] Compiling Crypto DHKEM.swift
[1148/2048] Compiling Crypto HPKE-KEM-Curve25519.swift
[1149/2048] Compiling Crypto HPKE-NIST-EC-KEMs.swift
[1150/2048] Compiling Crypto HPKE-KEM.swift
[1151/2048] Compiling Crypto HPKE-Errors.swift
[1152/2048] Compiling Crypto HPKE.swift
[1153/2048] Compiling Crypto HPKE-Context.swift
[1154/2048] Compiling Crypto HPKE-KeySchedule.swift
[1155/2048] Compiling Crypto HPKE-Modes.swift
[1156/2048] Compiling Crypto Insecure.swift
[1157/2072] Compiling Crypto Insecure_HashFunctions.swift
[1158/2072] Compiling Crypto MLKEM_boring.swift
[1159/2072] Compiling Crypto MLKEM_wrapper.swift
[1160/2072] Compiling Crypto XWing_boring.swift
[1161/2072] Compiling Crypto KEM-Errors.swift
[1162/2072] Compiling Crypto KEM.swift
[1163/2072] Compiling Crypto MLKEM.swift
[1164/2072] Compiling Crypto XWing.swift
[1165/2072] Compiling Crypto ECDH_boring.swift
[1166/2072] Compiling Crypto DH.swift
[1167/2072] Compiling Crypto ECDH.swift
[1168/2072] Compiling Crypto ANSIx963.swift
[1169/2072] Compiling Crypto HKDF.swift
[1170/2072] Compiling Crypto AESWrap.swift
[1171/2072] Compiling Crypto AESWrap_boring.swift
[1172/2072] Compiling Crypto Ed25519_boring.swift
[1173/2072] Compiling Crypto NISTCurvesKeys_boring.swift
[1174/2072] Compiling Crypto X25519Keys_boring.swift
[1175/2072] Compiling Crypto Curve25519.swift
[1176/2072] Compiling Crypto Ed25519Keys.swift
[1177/2072] Compiling Crypto NISTCurvesKeys.swift
[1178/2072] Compiling Crypto X25519Keys.swift
[1179/2072] Compiling Crypto SymmetricKeys.swift
[1180/2072] Compiling Crypto HMAC.swift
[1181/2095] Compiling Crypto MACFunctions.swift
[1182/2095] Compiling Crypto MessageAuthenticationCode.swift
[1183/2095] Compiling Crypto AES.swift
[1184/2095] Compiling Crypto ECDSASignature_boring.swift
[1185/2095] Compiling Crypto ECDSA_boring.swift
[1186/2095] Compiling Crypto EdDSA_boring.swift
[1187/2095] Compiling Crypto MLDSA_boring.swift
[1188/2095] Compiling Crypto MLDSA_wrapper.swift
[1189/2095] Compiling Crypto ECDSA.swift
[1190/2095] Compiling Crypto Ed25519.swift
[1191/2095] Compiling Crypto MLDSA.swift
[1192/2095] Compiling Crypto Signature.swift
[1193/2095] Compiling Crypto CryptoKitErrors_boring.swift
[1194/2095] Compiling Crypto Optional+withUnsafeBytes_boring.swift
[1195/2095] Compiling Crypto RNG_boring.swift
[1196/2095] Compiling Crypto SafeCompare_boring.swift
[1197/2095] Compiling Crypto Zeroization_boring.swift
[1198/2095] Compiling Crypto _CryptoModuleAnchor.swift
[1199/2095] Compiling Crypto PrettyBytes.swift
[1200/2095] Compiling Crypto SafeCompare.swift
[1201/2095] Compiling Crypto SecureBytes.swift
[1202/2095] Compiling Crypto Zeroization.swift
[1203/2095] Compiling Crypto resource_bundle_accessor.swift
[1204/2096] Emitting module ContainersPreview
[1205/2116] Compiling ContainersPreview OutputSpan+Extras.swift
[1206/2116] Compiling ContainersPreview TemporaryAllocation.swift
[1207/2116] Compiling ContainersPreview BorrowingIteratorProtocol+Copy.swift
[1208/2116] Compiling ContainersPreview BorrowingIteratorProtocol+ElementsEqual.swift
[1209/2116] Compiling ContainersPreview BorrowingIteratorProtocol+Filter.swift
[1210/2116] Compiling ContainersPreview BorrowingIteratorProtocol+Map.swift
[1211/2116] Compiling ContainersPreview BorrowingIteratorProtocol+Reduce.swift
[1212/2116] Compiling ContainersPreview BorrowingIteratorProtocol+SpanwiseZip.swift
[1213/2116] Compiling ContainersPreview BorrowingIteratorProtocol.swift
[1214/2116] Compiling ContainersPreview BorrowingSequence+Algorithms.swift
[1215/2116] Compiling ContainersPreview BorrowingSequence+Standard Conformances.swift
[1216/2116] Compiling ContainersPreview BorrowingSequence+Utilities.swift
[1217/2116] Compiling ContainersPreview BorrowingSequence.swift
[1218/2116] Compiling ContainersPreview BidirectionalContainer.swift
[1219/2116] Compiling ContainersPreview Container+Filter.swift
[1220/2116] Compiling ContainersPreview Container+SpanwiseZip.swift
[1221/2116] Compiling ContainersPreview Container.swift
[1222/2116] Compiling ContainersPreview ContainerIterator.swift
[1223/2116] Compiling ContainersPreview DynamicContainer.swift
[1224/2116] Compiling ContainersPreview MutableContainer.swift
[1225/2135] Compiling ContainersPreview PermutableContainer.swift
[1226/2135] Compiling ContainersPreview RandomAccessContainer.swift
[1227/2135] Compiling ContainersPreview RangeExpression2.swift
[1228/2135] Compiling ContainersPreview RangeReplaceableContainer.swift
[1229/2135] Compiling ContainersPreview Strideable+Limits.swift
[1230/2135] Compiling ContainersPreview Drain+Map.swift
[1231/2135] Compiling ContainersPreview Drain+Reduce.swift
[1232/2135] Compiling ContainersPreview Drain.swift
[1233/2135] Compiling ContainersPreview Producer+Collect.swift
[1234/2135] Compiling ContainersPreview Producer+Filter.swift
[1235/2135] Compiling ContainersPreview Producer+Map.swift
[1236/2135] Compiling ContainersPreview Producer+Reduce.swift
[1237/2135] Compiling ContainersPreview Producer.swift
[1238/2135] Compiling ContainersPreview InputSpan.swift
[1239/2135] Compiling ContainersPreview MutableRef.swift
[1240/2135] Compiling ContainersPreview Ref.swift
[1241/2135] Compiling ContainersPreview Shared.swift
[1242/2135] Compiling ContainersPreview SpanIterator.swift
[1243/2135] Compiling ContainersPreview UniqueBox.swift
[1243/2135] Write sources
[1246/2136] Emitting module DequeModule
[1247/2159] Compiling DequeModule Deque+Codable.swift
[1248/2159] Compiling DequeModule Deque+Collection.swift
[1249/2159] Compiling DequeModule Deque+CustomReflectable.swift
[1250/2159] Compiling DequeModule Deque+Descriptions.swift
[1251/2159] Compiling DequeModule Deque+Equatable.swift
[1252/2159] Compiling DequeModule Deque+ExpressibleByArrayLiteral.swift
[1253/2159] Compiling DequeModule Deque+Extras.swift
[1254/2159] Compiling DequeModule Deque+Hashable.swift
[1255/2159] Compiling DequeModule Deque+Testing.swift
[1256/2159] Compiling DequeModule Deque._Storage.swift
[1257/2159] Compiling DequeModule Deque._UnsafeHandle.swift
[1258/2159] Compiling DequeModule Deque.swift
[1259/2159] Compiling DequeModule _DequeBuffer.swift
[1260/2159] Compiling DequeModule _DequeBufferHeader.swift
[1261/2159] Compiling DequeModule RigidDeque+Append.swift
[1262/2159] Compiling DequeModule RigidDeque+Consumption.swift
[1263/2159] Compiling DequeModule RigidDeque+Container.swift
[1264/2159] Compiling DequeModule RigidDeque+Descriptions.swift
[1265/2159] Compiling DequeModule RigidDeque+Equatable.swift
[1266/2159] Compiling DequeModule RigidDeque+Experimental.swift
[1267/2159] Compiling DequeModule RigidDeque+Hashable.swift
[1268/2159] Compiling DequeModule RigidDeque+Initializers.swift
[1269/2159] Compiling DequeModule RigidDeque+Insertions.swift
[1270/2181] Compiling DequeModule RigidDeque+Prepend.swift
[1271/2181] Compiling DequeModule RigidDeque+Removals.swift
[1272/2181] Compiling DequeModule RigidDeque+Replacements.swift
[1273/2181] Compiling DequeModule RigidDeque+Testing.swift
[1274/2181] Compiling DequeModule RigidDeque.swift
[1275/2181] Compiling DequeModule UniqueDeque+Append.swift
[1276/2181] Compiling DequeModule UniqueDeque+Consumption.swift
[1277/2181] Compiling DequeModule UniqueDeque+Container.swift
[1278/2181] Compiling DequeModule UniqueDeque+Deprecated.swift
[1279/2181] Compiling DequeModule UniqueDeque+Descriptions.swift
[1280/2181] Compiling DequeModule UniqueDeque+Equatable.swift
[1281/2181] Compiling DequeModule UniqueDeque+Experimental.swift
[1282/2181] Compiling DequeModule UniqueDeque+Hashable.swift
[1283/2181] Compiling DequeModule UniqueDeque+Initializers.swift
[1284/2181] Compiling DequeModule UniqueDeque+Insertions.swift
[1285/2181] Compiling DequeModule UniqueDeque+Prepend.swift
[1286/2181] Compiling DequeModule UniqueDeque+Removals.swift
[1287/2181] Compiling DequeModule UniqueDeque+Replacements.swift
[1288/2181] Compiling DequeModule UniqueDeque.swift
[1289/2181] Compiling DequeModule _DequeSlot.swift
[1290/2181] Compiling DequeModule _UnsafeDequeHandle.swift
[1291/2181] Compiling DequeModule _UnsafeDequeSegments.swift
[1291/2181] Write sources
[1294/2182] Emitting module GRPCCore
[1295/2203] Compiling GRPCCore CallOptions.swift
[1296/2203] Compiling GRPCCore ClientContext.swift
[1297/2203] Compiling GRPCCore ClientInterceptor.swift
[1298/2203] Compiling GRPCCore ClientRequest.swift
[1299/2203] Compiling GRPCCore ClientResponse.swift
[1300/2203] Compiling GRPCCore ClientRPCExecutor+HedgingExecutor.swift
[1301/2203] Compiling GRPCCore ClientRPCExecutor+OneShotExecutor.swift
[1302/2203] Compiling GRPCCore ClientRPCExecutor+RetryExecutor.swift
[1303/2203] Compiling GRPCCore ClientRPCExecutor.swift
[1304/2203] Compiling GRPCCore ClientRequest+Convenience.swift
[1305/2203] Compiling GRPCCore ClientResponse+Convenience.swift
[1306/2203] Compiling GRPCCore ClientStreamExecutor.swift
[1307/2203] Compiling GRPCCore RetryDelaySequence.swift
[1308/2203] Compiling GRPCCore ConditionalInterceptor.swift
[1309/2203] Compiling GRPCCore ServerCancellationManager.swift
[1310/2203] Compiling GRPCCore ServerRPCExecutor.swift
[1311/2203] Compiling GRPCCore RPCRouter.swift
[1312/2203] Compiling GRPCCore RegistrableRPCService.swift
[1313/2203] Compiling GRPCCore ServerContext+RPCCancellationHandle.swift
[1314/2203] Compiling GRPCCore ServerContext.swift
[1315/2203] Compiling GRPCCore ServerInterceptor.swift
[1316/2223] Compiling GRPCCore ServerRequest.swift
[1317/2223] Compiling GRPCCore ServerResponse.swift
[1318/2223] Compiling GRPCCore Coding.swift
[1319/2223] Compiling GRPCCore CompressionAlgorithm.swift
[1320/2223] Compiling GRPCCore GRPCContiguousBytes.swift
[1321/2223] Compiling GRPCCore MethodConfig.swift
[1322/2223] Compiling GRPCCore ServiceConfig.swift
[1323/2223] Compiling GRPCCore GRPCClient.swift
[1324/2223] Compiling GRPCCore GRPCServer.swift
[1325/2223] Compiling GRPCCore Base64.swift
[1326/2223] Compiling GRPCCore UnsafeTransfer.swift
[1327/2223] Compiling GRPCCore Metadata+GRPC.swift
[1328/2223] Compiling GRPCCore MethodConfigs.swift
[1329/2223] Compiling GRPCCore Result+Catching.swift
[1330/2223] Compiling GRPCCore String+Extensions.swift
[1331/2223] Compiling GRPCCore TaskGroup+CancellableTask.swift
[1332/2223] Compiling GRPCCore Metadata.swift
[1333/2223] Compiling GRPCCore MethodDescriptor.swift
[1334/2223] Compiling GRPCCore RPCError.swift
[1335/2223] Compiling GRPCCore RuntimeError.swift
[1336/2243] Compiling GRPCCore ServiceDescriptor.swift
[1337/2243] Compiling GRPCCore Status.swift
[1338/2243] Compiling GRPCCore AsyncSequenceOfOne.swift
[1339/2243] Compiling GRPCCore BroadcastAsyncSequence+RPCWriter.swift
[1340/2243] Compiling GRPCCore BroadcastAsyncSequence.swift
[1341/2243] Compiling GRPCCore GRPCAsyncThrowingStream.swift
[1342/2243] Compiling GRPCCore RPCWriter+Map.swift
[1343/2243] Compiling GRPCCore RPCWriter+MessageToRPCResponsePart.swift
[1344/2243] Compiling GRPCCore RPCWriter+Serialize.swift
[1345/2243] Compiling GRPCCore UncheckedAsyncIteratorSequence.swift
[1346/2243] Compiling GRPCCore RPCAsyncSequence.swift
[1347/2243] Compiling GRPCCore RPCWriter+Closable.swift
[1348/2243] Compiling GRPCCore RPCWriter.swift
[1349/2243] Compiling GRPCCore RPCWriterProtocol.swift
[1350/2243] Compiling GRPCCore Timeout.swift
[1351/2243] Compiling GRPCCore ClientTransport.swift
[1352/2243] Compiling GRPCCore RPCParts.swift
[1353/2243] Compiling GRPCCore RPCStream.swift
[1354/2243] Compiling GRPCCore RetryThrottle.swift
[1355/2243] Compiling GRPCCore ServerTransport.swift
[1355/2243] Write sources
[1359/2244] Emitting module GRPCProtobuf
[1360/2255] Compiling GRPCProtobuf Coding.swift
[1361/2255] Compiling GRPCProtobuf ContiguousBytesAdapter.swift
[1362/2255] Compiling GRPCProtobuf ErrorDetails+AnyPacking.swift
[1363/2255] Compiling GRPCProtobuf ErrorDetails+CustomStringConvertible.swift
[1364/2255] Compiling GRPCProtobuf ErrorDetails+Types.swift
[1365/2255] Compiling GRPCProtobuf ErrorDetails.swift
[1366/2255] Compiling GRPCProtobuf code.pb.swift
[1367/2255] Compiling GRPCProtobuf error_details.pb.swift
[1368/2255] Compiling GRPCProtobuf status.pb.swift
[1369/2255] Compiling GRPCProtobuf GoogleRPCStatus.swift
[1370/2255] Compiling GRPCProtobuf RPCError+GoogleRPCStatus.swift
[1371/2256] Emitting module ContainerizationError
[1372/2257] Compiling ContainerizationError ContainerizationError.swift
[1372/2257] Write sources
[1377/2258] Emitting module ConcurrencyHelpers
[1378/2260] Compiling ConcurrencyHelpers Lock.swift
[1379/2260] Compiling ConcurrencyHelpers LockedValueBox.swift
[1379/2260] Compiling writer.c
[1381/2261] Emitting module UnixSignals
[1382/2263] Compiling UnixSignals UnixSignal.swift
[1383/2263] Compiling UnixSignals UnixSignalsSequence.swift
[1383/2263] Compiling scanner.c
[1384/2263] Compiling reader.c
[1385/2263] Compiling parser.c
[1386/2263] Compiling emitter.c
[1387/2263] Compiling api.c
[1388/2263] Compiling CSystem shims.c
[1390/2264] Emitting module Yams
[1391/2285] Compiling Yams AliasDereferencingStrategy.swift
[1392/2285] Compiling Yams Anchor.swift
[1393/2285] Compiling Yams Constructor.swift
[1394/2285] Compiling Yams Decoder.swift
[1395/2285] Compiling Yams Emitter.swift
[1396/2285] Compiling Yams Encoder.swift
[1397/2285] Compiling Yams Mark.swift
[1398/2285] Compiling Yams Node.Alias.swift
[1399/2285] Compiling Yams Node.Mapping.swift
[1400/2285] Compiling Yams Node.Scalar.swift
[1401/2285] Compiling Yams Node.Sequence.swift
[1402/2285] Compiling Yams Node.swift
[1403/2285] Compiling Yams Parser.swift
[1404/2285] Compiling Yams RedundancyAliasingStrategy.swift
[1405/2285] Compiling Yams Representer.swift
[1406/2285] Compiling Yams Resolver.swift
[1407/2285] Compiling Yams String+Yams.swift
[1408/2285] Compiling Yams Tag.swift
[1409/2285] Compiling Yams YamlAnchorProviding.swift
[1410/2285] Compiling Yams YamlError.swift
[1411/2285] Compiling Yams YamlTagProviding.swift
[1412/2286] Emitting module SystemPackage
[1413/2304] Compiling SystemPackage Errno.swift
[1414/2304] Compiling SystemPackage ErrnoWindows.swift
[1415/2304] Compiling SystemPackage FileDescriptor.swift
[1416/2304] Compiling SystemPackage FileHelpers.swift
[1417/2304] Compiling SystemPackage FileOperations.swift
[1418/2304] Compiling SystemPackage FilePath.swift
[1419/2304] Compiling SystemPackage FilePathComponentView.swift
[1420/2304] Compiling SystemPackage FilePathComponents.swift
[1421/2304] Compiling SystemPackage FilePathParsing.swift
[1422/2304] Compiling SystemPackage FilePathString.swift
[1423/2304] Compiling SystemPackage FilePathSyntax.swift
[1424/2304] Compiling SystemPackage FilePathTemp.swift
[1425/2304] Compiling SystemPackage FilePathTempPosix.swift
[1426/2304] Compiling SystemPackage FilePathTempWindows.swift
[1427/2304] Compiling SystemPackage FilePathWindows.swift
[1428/2304] Compiling SystemPackage FilePermissions.swift
[1429/2304] Compiling SystemPackage FileFlags.swift
[1430/2304] Compiling SystemPackage FileMode.swift
[1431/2322] Compiling SystemPackage FileType.swift
[1432/2322] Compiling SystemPackage Identifiers.swift
[1433/2322] Compiling SystemPackage Stat.swift
[1434/2322] Compiling SystemPackage Backcompat.swift
[1435/2322] Compiling SystemPackage CInterop.swift
[1436/2322] Compiling SystemPackage Constants.swift
[1437/2322] Compiling SystemPackage Exports.swift
[1438/2322] Compiling SystemPackage Mocking.swift
[1439/2322] Compiling SystemPackage RawBuffer.swift
[1440/2322] Compiling SystemPackage Syscalls.swift
[1441/2322] Compiling SystemPackage WindowsSyscallAdapters.swift
[1442/2322] Compiling SystemPackage MachPort.swift
[1443/2322] Compiling SystemPackage PlatformString.swift
[1444/2322] Compiling SystemPackage SystemString.swift
[1445/2322] Compiling SystemPackage Util+StringArray.swift
[1446/2322] Compiling SystemPackage Util.swift
[1447/2322] Compiling SystemPackage UtilConsumers.swift
[1448/2322] Compiling SystemPackage WinSDK+Overlay.swift
[1449/2323] Emitting module HostwrightManifest
[1450/2330] Compiling HostwrightManifest ImageReferencePolicy.swift
[1451/2330] Compiling HostwrightManifest ManifestCanonicalEncoder.swift
[1452/2330] Compiling HostwrightManifest ManifestMigrator.swift
[1453/2330] Compiling HostwrightManifest ManifestModel.swift
[1454/2330] Compiling HostwrightManifest ManifestParser.swift
[1455/2330] Compiling HostwrightManifest ManifestValidator.swift
[1456/2330] Compiling HostwrightManifest RestrictedYAMLSubsetParser.swift
[1457/2331] Emitting module SystemExtras
[1458/2340] Compiling SystemExtras Clock.swift
[1459/2340] Compiling SystemExtras Constants.swift
[1460/2340] Compiling SystemExtras FileAtOperations.swift
[1461/2340] Compiling SystemExtras FileOperations.swift
[1462/2340] Compiling SystemExtras Syscalls.swift
[1463/2340] Compiling SystemExtras ThrowingDefer.swift
[1464/2340] Compiling SystemExtras Exports.swift
[1465/2340] Compiling SystemExtras Utils.swift
[1466/2340] Compiling SystemExtras WindowsSyscallAdapter.swift
[1467/2341] Emitting module HostwrightState
[1468/2361] Compiling HostwrightState AcceleratorStateRecords.swift
[1469/2361] Compiling HostwrightState AcceleratorStateRepository.swift
[1470/2361] Compiling HostwrightState AcceleratorStateXPCReplayStore.swift
[1471/2361] Compiling HostwrightState AcceleratorXPCReplayState.swift
[1472/2361] Compiling HostwrightState AdmissionRepository.swift
[1473/2361] Compiling HostwrightState AdmissionStateRecords.swift
[1474/2361] Compiling HostwrightState AuditSigningKeyStore.swift
[1475/2361] Compiling HostwrightState CertificateStateRecords.swift
[1476/2361] Compiling HostwrightState CertificateStateRepository.swift
[1477/2361] Compiling HostwrightState ContentCacheRepository.swift
[1478/2361] Compiling HostwrightState ContentCacheStateRecords.swift
[1479/2361] Compiling HostwrightState ControlIdentityBootstrapTransaction.swift
[1480/2361] Compiling HostwrightState ControlIdentityRepository.swift
[1481/2361] Compiling HostwrightState ControlIdentitySecurityAdapter.swift
[1482/2361] Compiling HostwrightState ControlIdentityStateRecords.swift
[1483/2361] Compiling HostwrightState ControlRequestRepository.swift
[1484/2361] Compiling HostwrightState ControlStreamCursor.swift
[1485/2361] Compiling HostwrightState DesiredObservedRepositories.swift
[1486/2361] Compiling HostwrightState DiagnosticsExport.swift
[1487/2361] Compiling HostwrightState EventStream.swift
[1488/2381] Compiling HostwrightState IdentityBootstrapContinuity.swift
[1489/2381] Compiling HostwrightState ImageDigestLockRepository.swift
[1490/2381] Compiling HostwrightState ImageOwnershipLedger.swift
[1491/2381] Compiling HostwrightState ImageProvenanceRepository.swift
[1492/2381] Compiling HostwrightState ImageProvenanceStateRecords.swift
[1493/2381] Compiling HostwrightState ImageSBOMRepository.swift
[1494/2381] Compiling HostwrightState ImageSBOMStateRecords.swift
[1495/2381] Compiling HostwrightState ImageTrustRepository.swift
[1496/2381] Compiling HostwrightState ImageTrustStateRecords.swift
[1497/2381] Compiling HostwrightState ImageVulnerabilityRepository.swift
[1498/2381] Compiling HostwrightState ImageVulnerabilityStateRecords.swift
[1499/2381] Compiling HostwrightState LedgerRepositories.swift
[1500/2381] Compiling HostwrightState MaintenanceDeferralRepository.swift
[1501/2381] Compiling HostwrightState MigrationRunner.swift
[1502/2381] Compiling HostwrightState NetworkPortReservationRecords.swift
[1503/2381] Compiling HostwrightState NetworkPortReservationRepository.swift
[1504/2381] Compiling HostwrightState NetworkStateRecords.swift
[1505/2381] Compiling HostwrightState NetworkStateRepository.swift
[1506/2381] Compiling HostwrightState OCIReferrerRepository.swift
[1507/2381] Compiling HostwrightState OCIReferrerStateRecords.swift
[1508/2401] Compiling HostwrightState OperationGroupRepositories.swift
[1509/2401] Compiling HostwrightState OwnershipAuthority.swift
[1510/2401] Compiling HostwrightState PluginLifecycleRepository.swift
[1511/2401] Compiling HostwrightState ProjectDNSStateRecords.swift
[1512/2401] Compiling HostwrightState ProjectDNSStateRepository.swift
[1513/2401] Compiling HostwrightState RBACRepository.swift
[1514/2401] Compiling HostwrightState RBACStateRecords.swift
[1515/2401] Compiling HostwrightState RuntimeProviderMigrationState.swift
[1516/2401] Compiling HostwrightState RuntimeStateRepositories.swift
[1517/2401] Compiling HostwrightState SQLiteConnection.swift
[1518/2401] Compiling HostwrightState SQLiteStateStore.swift
[1519/2401] Compiling HostwrightState SQLiteStatement.swift
[1520/2401] Compiling HostwrightState SchedulerAdmissionRepository.swift
[1521/2401] Compiling HostwrightState SchedulerAdmissionStateRecords.swift
[1522/2401] Compiling HostwrightState SecureStatePath.swift
[1523/2401] Compiling HostwrightState ServiceTunnelStateRecords.swift
[1524/2401] Compiling HostwrightState ServiceTunnelStateRepository.swift
[1525/2401] Compiling HostwrightState StateAccessCoordinator.swift
[1526/2401] Compiling HostwrightState StateDatabaseRemovalService.swift
[1527/2401] Compiling HostwrightState StateIntegrity.swift
[1528/2421] Compiling HostwrightState StateJSON.swift
[1529/2421] Compiling HostwrightState StateMaintenanceFileSupport.swift
[1530/2421] Compiling HostwrightState StateMaintenanceModels.swift
[1531/2421] Compiling HostwrightState StateMaintenanceService.swift
[1532/2421] Compiling HostwrightState StateMetricsService.swift
[1533/2421] Compiling HostwrightState StateRecords.swift
[1534/2421] Compiling HostwrightState StateRepositoryCoding.swift
[1535/2421] Compiling HostwrightState StateRetentionModels.swift
[1536/2421] Compiling HostwrightState StateRetentionService.swift
[1537/2421] Compiling HostwrightState StateStore.swift
[1538/2421] Compiling HostwrightState StateStoreConfiguration.swift
[1539/2421] Compiling HostwrightState StateStoreError.swift
[1540/2421] Compiling HostwrightState StateSupportBundleEvidence.swift
[1541/2421] Compiling HostwrightState StateSupportBundleSnapshot.swift
[1542/2421] Compiling HostwrightState StateTraceService.swift
[1543/2421] Compiling HostwrightState StateUpgradeService.swift
[1544/2421] Compiling HostwrightState StorageStateRecords.swift
[1545/2421] Compiling HostwrightState StorageStateRepository.swift
[1546/2421] Compiling HostwrightState TamperEvidentAuditTrail.swift
[1547/2421] Compiling HostwrightState WorkloadProfileRepository.swift
[1548/2422] Emitting module WasmParser
[1549/2432] Compiling WasmParser BinaryInstructionDecoder.swift
[1550/2432] Compiling WasmParser ComponentParser.swift
[1551/2432] Compiling WasmParser InstructionVisitor.swift
[1552/2432] Compiling WasmParser LEB.swift
[1553/2432] Compiling WasmParser ParsingLimits.swift
[1554/2432] Compiling WasmParser ByteStream.swift
[1555/2432] Compiling WasmParser FileHandleStream.swift
[1556/2432] Compiling WasmParser WasmParser.swift
[1557/2432] Compiling WasmParser WasmParserError.swift
[1558/2432] Compiling WasmParser WasmTypes.swift
[1559/2433] Emitting module WASI
[1560/2453] Compiling WASI Clock.swift
[1561/2453] Compiling WASI FileSystem.swift
[1562/2453] Compiling WASI GuestMemorySupport.swift
[1563/2453] Compiling WASI MemoryDirEntry.swift
[1564/2453] Compiling WASI MemoryFSNodes.swift
[1565/2453] Compiling WASI MemoryFileEntry.swift
[1566/2453] Compiling WASI MemoryFileSystem.swift
[1567/2453] Compiling WASI Directory.swift
[1568/2453] Compiling WASI Entry.swift
[1569/2453] Compiling WASI File.swift
[1570/2453] Compiling WASI HostFileSystem.swift
[1571/2453] Compiling WASI PlatformTypes.swift
[1572/2453] Compiling WASI SandboxPrimitives.swift
[1573/2453] Compiling WASI Open.swift
[1574/2453] Compiling WASI OpenParent.swift
[1575/2453] Compiling WASI Readlink.swift
[1576/2453] Compiling WASI Poll.swift
[1577/2453] Compiling WASI RandomBufferGenerator.swift
[1578/2453] Compiling WASI WASI.swift
[1579/2453] Compiling WASI WASIBridgeToHost.swift
[1580/2454] Emitting module WasmKit
[1581/2472] Compiling WasmKit CanonicalCall.swift
[1582/2472] Compiling WasmKit CanonicalLifting.swift
[1583/2472] Compiling WasmKit CanonicalLowering.swift
[1584/2472] Compiling WasmKit CanonicalOptions.swift
[1585/2472] Compiling WasmKit ComponentTypes.swift
[1586/2472] Compiling WasmKit WAVEInvocation.swift
[1587/2472] Compiling WasmKit Engine.swift
[1588/2472] Compiling WasmKit AtomicParkingLot.swift
[1589/2472] Compiling WasmKit ComponentInstance.swift
[1590/2472] Compiling WasmKit ComponentLoader.swift
[1591/2472] Compiling WasmKit Lift+Lower.swift
[1592/2472] Compiling WasmKit ConstEvaluation.swift
[1593/2472] Compiling WasmKit Debugger.swift
[1594/2472] Compiling WasmKit DebuggerInstructionMapping.swift
[1595/2472] Compiling WasmKit DispatchInstruction.swift
[1596/2472] Compiling WasmKit EngineInterceptor.swift
[1597/2472] Compiling WasmKit Errors.swift
[1598/2472] Compiling WasmKit Execution.swift
[1599/2489] Compiling WasmKit Function.swift
[1600/2489] Compiling WasmKit IO.swift
[1601/2489] Compiling WasmKit Instances.swift
[1602/2489] Compiling WasmKit Control.swift
[1603/2489] Compiling WasmKit ExceptionHandling.swift
[1604/2489] Compiling WasmKit Instruction.swift
[1605/2489] Compiling WasmKit InstructionSupport.swift
[1606/2489] Compiling WasmKit Memory.swift
[1607/2489] Compiling WasmKit Misc.swift
[1608/2489] Compiling WasmKit SIMDCore.swift
[1609/2489] Compiling WasmKit SIMDMemoryAndLane.swift
[1610/2489] Compiling WasmKit SIMDNumeric.swift
[1611/2489] Compiling WasmKit Table.swift
[1612/2489] Compiling WasmKit V128Lanes.swift
[1613/2489] Compiling WasmKit MprotectLinearMemory.swift
[1614/2489] Compiling WasmKit MprotectTrapGuard.swift
[1615/2489] Compiling WasmKit NameRegistry.swift
[1616/2506] Compiling WasmKit ParsedComponentBuilder.swift
[1617/2506] Compiling WasmKit Profiler.swift
[1618/2506] Compiling WasmKit Runtime.swift
[1619/2506] Compiling WasmKit SignpostTracer.swift
[1620/2506] Compiling WasmKit Store.swift
[1621/2506] Compiling WasmKit StoreAllocator.swift
[1622/2506] Compiling WasmKit UntypedValue.swift
[1623/2506] Compiling WasmKit V128Storage.swift
[1624/2506] Compiling WasmKit Value.swift
[1625/2506] Compiling WasmKit Imports.swift
[1626/2506] Compiling WasmKit Module.swift
[1627/2506] Compiling WasmKit ModuleParser.swift
[1628/2506] Compiling WasmKit ResourceLimiter.swift
[1629/2506] Compiling WasmKit SIMDOpcode.swift
[1630/2506] Compiling WasmKit Translator.swift
[1631/2506] Compiling WasmKit Validator.swift
[1632/2506] Compiling WasmKit WasmKitError.swift
[1633/2507] Emitting module HostwrightStateTests
[1634/2527] Compiling HostwrightStateTests AcceleratorSchemaV23MigrationTests.swift
[1635/2527] Compiling HostwrightStateTests AdmissionRepositoryTests.swift
[1636/2527] Compiling HostwrightStateTests AuditSchemaV19MigrationTests.swift
[1637/2527] Compiling HostwrightStateTests CertificateStateRepositoryTests.swift
[1638/2527] Compiling HostwrightStateTests ContentCacheRepositoryTests.swift
[1639/2527] Compiling HostwrightStateTests ControlIdentityBootstrapTransactionTests.swift
[1640/2527] Compiling HostwrightStateTests ControlIdentityRepositoryTests.swift
[1641/2527] Compiling HostwrightStateTests ControlIdentitySchemaV22MigrationTests.swift
[1642/2527] Compiling HostwrightStateTests ControlIdentitySecurityAdapterTests.swift
[1643/2527] Compiling HostwrightStateTests ControlRequestRepositoryTests.swift
[1644/2527] Compiling HostwrightStateTests ControlStreamCursorTests.swift
[1645/2527] Compiling HostwrightStateTests EventLedgerOSLogMirrorTests.swift
[1646/2527] Compiling HostwrightStateTests EventStreamTests.swift
[1647/2527] Compiling HostwrightStateTests HostwrightStateIntegrationTests.swift
[1648/2527] Compiling HostwrightStateTests HostwrightStateTests+HealthAndRestart.swift
[1649/2527] Compiling HostwrightStateTests HostwrightStateTests+Leases.swift
[1650/2527] Compiling HostwrightStateTests HostwrightStateTests+Migrations.swift
[1651/2527] Compiling HostwrightStateTests HostwrightStateTests+Observability.swift
[1652/2527] Compiling HostwrightStateTests HostwrightStateTests+Operations.swift
[1653/2527] Compiling HostwrightStateTests HostwrightStateTests+Ownership.swift
[1654/2547] Compiling HostwrightStateTests HostwrightStateTests+Snapshots.swift
[1655/2547] Compiling HostwrightStateTests HostwrightStateTests.swift
[1656/2547] Compiling HostwrightStateTests ImageDigestLockStateTests.swift
[1657/2547] Compiling HostwrightStateTests ImageOwnershipLedgerTests.swift
[1658/2547] Compiling HostwrightStateTests ImageProvenanceRepositoryTests.swift
[1659/2547] Compiling HostwrightStateTests ImageSBOMRepositoryTests.swift
[1660/2547] Compiling HostwrightStateTests ImageTrustRepositoryTests.swift
[1661/2547] Compiling HostwrightStateTests ImageVulnerabilityRepositoryTests.swift
[1662/2547] Compiling HostwrightStateTests MaintenanceDeferralRepositoryTests.swift
[1663/2547] Compiling HostwrightStateTests NetworkPortReservationRepositoryTests.swift
[1664/2547] Compiling HostwrightStateTests NetworkStateRepositoryTests.swift
[1665/2547] Compiling HostwrightStateTests OCIReferrerRepositoryTests.swift
[1666/2547] Compiling HostwrightStateTests OperationGroupResumeTests.swift
[1667/2547] Compiling HostwrightStateTests Phase10StateRecoveryQualificationAdmissionTests.swift
[1668/2547] Compiling HostwrightStateTests Phase10StateRecoveryQualificationMigrationTests.swift
[1669/2547] Compiling HostwrightStateTests PluginLifecycleRepositoryTests.swift
[1670/2547] Compiling HostwrightStateTests PluginSchemaV21MigrationTests.swift
[1671/2547] Compiling HostwrightStateTests ProjectDNSStateRepositoryTests.swift
[1672/2547] Compiling HostwrightStateTests RBACRepositoryTests.swift
[1673/2547] Compiling HostwrightStateTests RBACSchemaV20MigrationTests.swift
[1674/2567] Compiling HostwrightStateTests RuntimeProviderMetadataEvidenceStateTests.swift
[1675/2567] Compiling HostwrightStateTests RuntimeProviderMigrationStateTests.swift
[1676/2567] Compiling HostwrightStateTests SQLiteHardeningTests.swift
[1677/2567] Compiling HostwrightStateTests SchedulerAdmissionPreemptionStateTests.swift
[1678/2567] Compiling HostwrightStateTests SchedulerAdmissionRepositoryTests.swift
[1679/2567] Compiling HostwrightStateTests SchedulerSchemaV22MigrationTests.swift
[1680/2567] Compiling HostwrightStateTests SchemaV7ContractTests.swift
[1681/2567] Compiling HostwrightStateTests SecureLocalPathTests.swift
[1682/2567] Compiling HostwrightStateTests ServiceTunnelStateRepositoryTests.swift
[1683/2567] Compiling HostwrightStateTests StateMaintenanceTests.swift
[1684/2567] Compiling HostwrightStateTests StateMetricsTests.swift
[1685/2567] Compiling HostwrightStateTests StateNonMutatingInspectionTests.swift
[1686/2567] Compiling HostwrightStateTests StateRetentionTests.swift
[1687/2567] Compiling HostwrightStateTests StateSupportBundleTests.swift
[1688/2567] Compiling HostwrightStateTests StateTestStore.swift
[1689/2567] Compiling HostwrightStateTests StateTraceTests.swift
[1690/2567] Compiling HostwrightStateTests StateUpgradeTests.swift
[1691/2567] Compiling HostwrightStateTests StorageStateRepositoryTests.swift
[1692/2567] Compiling HostwrightStateTests TamperEvidentAuditTrailTests.swift
[1693/2567] Compiling HostwrightStateTests WorkloadProfileRepositoryTests.swift
[1694/2568] Emitting module WasmKitWASI
[1695/2569] Compiling WasmKitWASI WASIBridgeToHost+WasmKit.swift
[1696/2570] Emitting module HostwrightPolicy
[1697/2580] Compiling HostwrightPolicy AdmissionAdministrationService.swift
[1698/2580] Compiling HostwrightPolicy AdmissionPolicyEngine.swift
[1699/2580] Compiling HostwrightPolicy ExtensionPolicy.swift
[1700/2580] Compiling HostwrightPolicy LocalPolicy.swift
[1701/2580] Compiling HostwrightPolicy RBACAdministrationService.swift
[1702/2580] Compiling HostwrightPolicy RBACAuthorizationEngine.swift
[1703/2580] Compiling HostwrightPolicy TeamWorkflowDocuments.swift
[1704/2580] Compiling HostwrightPolicy TeamWorkflowPolicy.swift
[1705/2580] Compiling HostwrightPolicy WorkloadProfileAdministrationService.swift
[1706/2580] Compiling HostwrightPolicy WorkloadProfilePolicy.swift
[1707/2581] Emitting module HostwrightWASIProviderRuntime
[1708/2582] Compiling HostwrightWASIProviderRuntime WASIProviderRuntime.swift
[1709/2583] Emitting module HostwrightReconciler
[1710/2599] Compiling HostwrightReconciler DriftDetector.swift
[1711/2599] Compiling HostwrightReconciler DriftModels.swift
[1712/2599] Compiling HostwrightReconciler LifecyclePlan.swift
[1713/2599] Compiling HostwrightReconciler LifecycleProbeCheckpointStore.swift
[1714/2599] Compiling HostwrightReconciler LifecycleRollbackPlanner.swift
[1715/2599] Compiling HostwrightReconciler LifecycleSagaExecutor.swift
[1716/2599] Compiling HostwrightReconciler LifecycleUpdatePlanner.swift
[1717/2599] Compiling HostwrightReconciler MaintenanceWindowEvaluator.swift
[1718/2599] Compiling HostwrightReconciler ManifestRuntimeMapper.swift
[1719/2599] Compiling HostwrightReconciler ManifestSchedulerAdmissionBridge.swift
[1720/2599] Compiling HostwrightReconciler MultiServiceReconciliationPlanner.swift
[1721/2599] Compiling HostwrightReconciler PlanRenderer.swift
[1722/2599] Compiling HostwrightReconciler PlanningPolicy.swift
[1723/2599] Compiling HostwrightReconciler ReconciliationPlanner.swift
[1724/2599] Compiling HostwrightReconciler RestartPolicyEvaluator.swift
[1725/2599] Compiling HostwrightReconciler TypedProbeStateMachine.swift
[1726/2600] Emitting module HostwrightWASIProviderWorker
[1727/2601] Compiling HostwrightWASIProviderWorker main.swift
[1728/2602] Emitting module HostwrightWASIProviderQualificationTool
[1729/2603] Compiling HostwrightWASIProviderQualificationTool main.swift
[1730/2604] Emitting module HostwrightReconcilerTests
[1731/2616] Compiling HostwrightReconcilerTests HostwrightReconcilerSmoke.swift
[1732/2616] Compiling HostwrightReconcilerTests LifecycleProbeCheckpointStoreTests.swift
[1733/2616] Compiling HostwrightReconcilerTests LifecycleRollbackPlannerTests.swift
[1734/2616] Compiling HostwrightReconcilerTests LifecycleSagaTests.swift
[1735/2616] Compiling HostwrightReconcilerTests LifecycleUpdatePlannerTests.swift
[1736/2616] Compiling HostwrightReconcilerTests MaintenanceWindowEvaluatorTests.swift
[1737/2616] Compiling HostwrightReconcilerTests ManifestRuntimePortMappingTests.swift
[1738/2616] Compiling HostwrightReconcilerTests ManifestRuntimeV2MappingTests.swift
[1739/2616] Compiling HostwrightReconcilerTests ManifestSchedulerAdmissionBridgeTests.swift
[1740/2616] Compiling HostwrightReconcilerTests MultiServiceReconciliationPlannerTests.swift
[1741/2616] Compiling HostwrightReconcilerTests SchedulerAuthorityBoundaryTests.swift
[1742/2616] Compiling HostwrightReconcilerTests TypedProbeStateMachineTests.swift
[1743/2617] Emitting module HostwrightRBACQualificationTool
[1744/2618] Compiling HostwrightRBACQualificationTool main.swift
[1745/2619] Emitting module HostwrightProfileQualificationTool
[1746/2620] Compiling HostwrightProfileQualificationTool main.swift
[1747/2621] Emitting module HostwrightPolicyTests
[1748/2628] Compiling HostwrightPolicyTests AdmissionAdministrationServiceTests.swift
[1749/2628] Compiling HostwrightPolicyTests AdmissionPolicyEngineTests.swift
[1750/2628] Compiling HostwrightPolicyTests HostwrightPolicySmoke.swift
[1751/2628] Compiling HostwrightPolicyTests RBACAdministrationServiceTests.swift
[1752/2628] Compiling HostwrightPolicyTests RBACAuthorizationEngineTests.swift
[1753/2628] Compiling HostwrightPolicyTests TeamWorkflowPolicyTests.swift
[1754/2628] Compiling HostwrightPolicyTests WorkloadProfilePolicyEngineTests.swift
[1755/2629] Emitting module HostwrightNetworkProviders
[1756/2633] Compiling HostwrightNetworkProviders NetworkProviderSPI.swift
[1757/2633] Compiling HostwrightNetworkProviders ProductionNetworkProviderSecurity.swift
[1758/2633] Compiling HostwrightNetworkProviders URLSessionNetworkProviderBroker.swift
[1759/2633] Compiling HostwrightNetworkProviders WasmKitNetworkProviderExecutor.swift
[1760/2634] Emitting module HostwrightManifestTests
[1761/2648] Compiling HostwrightManifestTests HostwrightManifestTests+ImageProvenance.swift
[1762/2648] Compiling HostwrightManifestTests HostwrightManifestTests+ImageSBOM.swift
[1763/2648] Compiling HostwrightManifestTests HostwrightManifestTests+ImageTrust.swift
[1764/2648] Compiling HostwrightManifestTests HostwrightManifestTests+ImageVulnerability.swift
[1765/2648] Compiling HostwrightManifestTests HostwrightManifestTests+Lifecycle.swift
[1766/2648] Compiling HostwrightManifestTests HostwrightManifestTests+ParsingAndValidation.swift
[1767/2648] Compiling HostwrightManifestTests HostwrightManifestTests.swift
[1768/2648] Compiling HostwrightManifestTests MaintenanceManifestTests.swift
[1769/2648] Compiling HostwrightManifestTests ManifestMigrationTests.swift
[1770/2648] Compiling HostwrightManifestTests ManifestV2StrictTests.swift
[1771/2648] Compiling HostwrightManifestTests ManifestV3AdmissionContractTests.swift
[1772/2648] Compiling HostwrightManifestTests Phase04ExecutableExamplesTests.swift
[1773/2648] Compiling HostwrightManifestTests Phase07NetworkManifestTests.swift
[1774/2648] Compiling HostwrightManifestTests RetentionManifestTests.swift
[1775/2649] Emitting module HostwrightNetworkProviderWorker
[1776/2650] Compiling HostwrightNetworkProviderWorker main.swift
[1777/2651] Emitting module HostwrightImport
[1778/2655] Compiling HostwrightImport ComposeContracts.swift
[1779/2655] Compiling HostwrightImport RenderedKubernetesImporter.swift
[1780/2655] Compiling HostwrightImport RenderedKubernetesTranslationPreview.swift
[1781/2655] Compiling HostwrightImport StackFileImporter.swift
[1782/2656] Emitting module HostwrightExtensions
[1783/2665] Compiling HostwrightExtensions ActivePluginProviderRuntime.swift
[1784/2665] Compiling HostwrightExtensions ExecutableExtensionModels.swift
[1785/2665] Compiling HostwrightExtensions ExtensionFileSecurity.swift
[1786/2665] Compiling HostwrightExtensions ExtensionProcessRunner.swift
[1787/2665] Compiling HostwrightExtensions HTTPSPluginPackageSource.swift
[1788/2665] Compiling HostwrightExtensions PluginImmutableStore.swift
[1789/2665] Compiling HostwrightExtensions PluginProviderHealthChecker.swift
[1790/2665] Compiling HostwrightExtensions ReviewedLocalExtensionHost.swift
[1791/2665] Compiling HostwrightExtensions SecurePluginPackage.swift
[1792/2666] Emitting module HostwrightImportTests
[1793/2667] Compiling HostwrightImportTests HostwrightImportSmoke.swift
[1794/2668] Emitting module HostwrightExtensionsTests
[1795/2677] Compiling HostwrightExtensionsTests ActivePluginProviderRuntimeTests.swift
[1796/2677] Compiling HostwrightExtensionsTests ExecutableExtensionDocumentTests.swift
[1797/2677] Compiling HostwrightExtensionsTests HTTPSPluginPackageSourceTests.swift
[1798/2677] Compiling HostwrightExtensionsTests PluginABIContractTests.swift
[1799/2677] Compiling HostwrightExtensionsTests PluginImmutableStoreTests.swift
[1800/2677] Compiling HostwrightExtensionsTests PluginProviderHealthCheckerTests.swift
[1801/2677] Compiling HostwrightExtensionsTests ReviewedLocalExtensionHostIntegrationTests.swift
[1802/2677] Compiling HostwrightExtensionsTests SecurePluginPackageTests.swift
[1803/2677] Compiling HostwrightExtensionsTests resource_bundle_accessor.swift
[1804/2678] Emitting module HostwrightDistribution
[1805/2694] Compiling HostwrightDistribution DistributionAssembler.swift
[1806/2694] Compiling HostwrightDistribution DistributionContainerizationAssets.swift
[1807/2694] Compiling HostwrightDistribution DistributionInstalledLifecycle.swift
[1808/2694] Compiling HostwrightDistribution DistributionInstaller.swift
[1809/2694] Compiling HostwrightDistribution DistributionModels.swift
[1810/2694] Compiling HostwrightDistribution DistributionOwnerStateProbe.swift
[1811/2694] Compiling HostwrightDistribution DistributionOwnerStateSession.swift
[1812/2694] Compiling HostwrightDistribution DistributionPackageLifecycle.swift
[1813/2694] Compiling HostwrightDistribution DistributionSupport.swift
[1814/2694] Compiling HostwrightDistribution DistributionTerminalCleanup.swift
[1815/2694] Compiling HostwrightDistribution DistributionThirdPartyNotices.swift
[1816/2694] Compiling HostwrightDistribution DistributionVerifier.swift
[1817/2694] Compiling HostwrightDistribution TrustedReleaseBuilder.swift
[1818/2694] Compiling HostwrightDistribution TrustedReleaseModels.swift
[1819/2694] Compiling HostwrightDistribution TrustedReleaseSupport.swift
[1820/2694] Compiling HostwrightDistribution TrustedReleaseVerifier.swift
[1821/2695] Emitting module HostwrightDaemonCore
[1822/2703] Compiling HostwrightDaemonCore DaemonCommand.swift
[1823/2703] Compiling HostwrightDaemonCore DaemonConfigurationWatch.swift
[1824/2703] Compiling HostwrightDaemonCore DaemonCore.swift
[1825/2703] Compiling HostwrightDaemonCore DaemonFileLock.swift
[1826/2703] Compiling HostwrightDaemonCore DaemonLifecycleController.swift
[1827/2703] Compiling HostwrightDaemonCore DaemonLifecycleModels.swift
[1828/2703] Compiling HostwrightDaemonCore DaemonLocalLifecycleAuthority.swift
[1829/2703] Compiling HostwrightDaemonCore DaemonReconciliation.swift
[1830/2704] Emitting module HostwrightDistributionTool
[1831/2705] Compiling HostwrightDistributionTool main.swift
[1832/2706] Emitting module HostwrightDistributionTests
[1833/2718] Compiling HostwrightDistributionTests ContainerizationAssetPreparationScriptTests.swift
/SOURCE/Tests/HostwrightDistributionTests/DistributionIntegrationTests.swift:799:17: warning: initialization of immutable value 'repository' was never used; consider replacing with assignment to '_' or removing it [#no-usage]
 797 |     func testDistributionToolSignalCancelsBuildWithoutPublishingOutput() throws {
 798 |         try withTemporaryRoot { root in
 799 |             let repository = repositoryRoot()
     |                 `- warning: initialization of immutable value 'repository' was never used; consider replacing with assignment to '_' or removing it [#no-usage]
 800 |             let source = root.appendingPathComponent("source", isDirectory: true)
 801 |             let runtime = root.appendingPathComponent("runtime", isDirectory: true)
[1834/2718] Compiling HostwrightDistributionTests DistributionContainerizationAssetSecurityTests.swift
/SOURCE/Tests/HostwrightDistributionTests/DistributionIntegrationTests.swift:799:17: warning: initialization of immutable value 'repository' was never used; consider replacing with assignment to '_' or removing it [#no-usage]
 797 |     func testDistributionToolSignalCancelsBuildWithoutPublishingOutput() throws {
 798 |         try withTemporaryRoot { root in
 799 |             let repository = repositoryRoot()
     |                 `- warning: initialization of immutable value 'repository' was never used; consider replacing with assignment to '_' or removing it [#no-usage]
 800 |             let source = root.appendingPathComponent("source", isDirectory: true)
 801 |             let runtime = root.appendingPathComponent("runtime", isDirectory: true)
[1835/2718] Compiling HostwrightDistributionTests DistributionDurableLifecycleTests.swift
/SOURCE/Tests/HostwrightDistributionTests/DistributionIntegrationTests.swift:799:17: warning: initialization of immutable value 'repository' was never used; consider replacing with assignment to '_' or removing it [#no-usage]
 797 |     func testDistributionToolSignalCancelsBuildWithoutPublishingOutput() throws {
 798 |         try withTemporaryRoot { root in
 799 |             let repository = repositoryRoot()
     |                 `- warning: initialization of immutable value 'repository' was never used; consider replacing with assignment to '_' or removing it [#no-usage]
 800 |             let source = root.appendingPathComponent("source", isDirectory: true)
 801 |             let runtime = root.appendingPathComponent("runtime", isDirectory: true)
[1836/2718] Compiling HostwrightDistributionTests DistributionIntegrationTests.swift
/SOURCE/Tests/HostwrightDistributionTests/DistributionIntegrationTests.swift:799:17: warning: initialization of immutable value 'repository' was never used; consider replacing with assignment to '_' or removing it [#no-usage]
 797 |     func testDistributionToolSignalCancelsBuildWithoutPublishingOutput() throws {
 798 |         try withTemporaryRoot { root in
 799 |             let repository = repositoryRoot()
     |                 `- warning: initialization of immutable value 'repository' was never used; consider replacing with assignment to '_' or removing it [#no-usage]
 800 |             let source = root.appendingPathComponent("source", isDirectory: true)
 801 |             let runtime = root.appendingPathComponent("runtime", isDirectory: true)
[1837/2718] Compiling HostwrightDistributionTests DistributionLifecycleModelsTests.swift
/SOURCE/Tests/HostwrightDistributionTests/DistributionIntegrationTests.swift:799:17: warning: initialization of immutable value 'repository' was never used; consider replacing with assignment to '_' or removing it [#no-usage]
 797 |     func testDistributionToolSignalCancelsBuildWithoutPublishingOutput() throws {
 798 |         try withTemporaryRoot { root in
 799 |             let repository = repositoryRoot()
     |                 `- warning: initialization of immutable value 'repository' was never used; consider replacing with assignment to '_' or removing it [#no-usage]
 800 |             let source = root.appendingPathComponent("source", isDirectory: true)
 801 |             let runtime = root.appendingPathComponent("runtime", isDirectory: true)
[1838/2718] Compiling HostwrightDistributionTests DistributionModelsTests.swift
/SOURCE/Tests/HostwrightDistributionTests/DistributionIntegrationTests.swift:799:17: warning: initialization of immutable value 'repository' was never used; consider replacing with assignment to '_' or removing it [#no-usage]
 797 |     func testDistributionToolSignalCancelsBuildWithoutPublishingOutput() throws {
 798 |         try withTemporaryRoot { root in
 799 |             let repository = repositoryRoot()
     |                 `- warning: initialization of immutable value 'repository' was never used; consider replacing with assignment to '_' or removing it [#no-usage]
 800 |             let source = root.appendingPathComponent("source", isDirectory: true)
 801 |             let runtime = root.appendingPathComponent("runtime", isDirectory: true)
[1839/2718] Compiling HostwrightDistributionTests DistributionPackageLifecycleTests.swift
/SOURCE/Tests/HostwrightDistributionTests/DistributionIntegrationTests.swift:799:17: warning: initialization of immutable value 'repository' was never used; consider replacing with assignment to '_' or removing it [#no-usage]
 797 |     func testDistributionToolSignalCancelsBuildWithoutPublishingOutput() throws {
 798 |         try withTemporaryRoot { root in
 799 |             let repository = repositoryRoot()
     |                 `- warning: initialization of immutable value 'repository' was never used; consider replacing with assignment to '_' or removing it [#no-usage]
 800 |             let source = root.appendingPathComponent("source", isDirectory: true)
 801 |             let runtime = root.appendingPathComponent("runtime", isDirectory: true)
[1840/2718] Compiling HostwrightDistributionTests DistributionTestAssets.swift
/SOURCE/Tests/HostwrightDistributionTests/DistributionIntegrationTests.swift:799:17: warning: initialization of immutable value 'repository' was never used; consider replacing with assignment to '_' or removing it [#no-usage]
 797 |     func testDistributionToolSignalCancelsBuildWithoutPublishingOutput() throws {
 798 |         try withTemporaryRoot { root in
 799 |             let repository = repositoryRoot()
     |                 `- warning: initialization of immutable value 'repository' was never used; consider replacing with assignment to '_' or removing it [#no-usage]
 800 |             let source = root.appendingPathComponent("source", isDirectory: true)
 801 |             let runtime = root.appendingPathComponent("runtime", isDirectory: true)
[1841/2718] Compiling HostwrightDistributionTests DistributionThirdPartyNoticesTests.swift
/SOURCE/Tests/HostwrightDistributionTests/DistributionIntegrationTests.swift:799:17: warning: initialization of immutable value 'repository' was never used; consider replacing with assignment to '_' or removing it [#no-usage]
 797 |     func testDistributionToolSignalCancelsBuildWithoutPublishingOutput() throws {
 798 |         try withTemporaryRoot { root in
 799 |             let repository = repositoryRoot()
     |                 `- warning: initialization of immutable value 'repository' was never used; consider replacing with assignment to '_' or removing it [#no-usage]
 800 |             let source = root.appendingPathComponent("source", isDirectory: true)
 801 |             let runtime = root.appendingPathComponent("runtime", isDirectory: true)
[1842/2718] Compiling HostwrightDistributionTests TrustedReleaseTests.swift
/SOURCE/Tests/HostwrightDistributionTests/DistributionIntegrationTests.swift:799:17: warning: initialization of immutable value 'repository' was never used; consider replacing with assignment to '_' or removing it [#no-usage]
 797 |     func testDistributionToolSignalCancelsBuildWithoutPublishingOutput() throws {
 798 |         try withTemporaryRoot { root in
 799 |             let repository = repositoryRoot()
     |                 `- warning: initialization of immutable value 'repository' was never used; consider replacing with assignment to '_' or removing it [#no-usage]
 800 |             let source = root.appendingPathComponent("source", isDirectory: true)
 801 |             let runtime = root.appendingPathComponent("runtime", isDirectory: true)
[1843/2718] Compiling HostwrightDistributionTests VendorTapQualificationTests.swift
/SOURCE/Tests/HostwrightDistributionTests/DistributionIntegrationTests.swift:799:17: warning: initialization of immutable value 'repository' was never used; consider replacing with assignment to '_' or removing it [#no-usage]
 797 |     func testDistributionToolSignalCancelsBuildWithoutPublishingOutput() throws {
 798 |         try withTemporaryRoot { root in
 799 |             let repository = repositoryRoot()
     |                 `- warning: initialization of immutable value 'repository' was never used; consider replacing with assignment to '_' or removing it [#no-usage]
 800 |             let source = root.appendingPathComponent("source", isDirectory: true)
 801 |             let runtime = root.appendingPathComponent("runtime", isDirectory: true)
[1844/2718] Compiling HostwrightDistributionTests resource_bundle_accessor.swift
/SOURCE/Tests/HostwrightDistributionTests/DistributionIntegrationTests.swift:799:17: warning: initialization of immutable value 'repository' was never used; consider replacing with assignment to '_' or removing it [#no-usage]
 797 |     func testDistributionToolSignalCancelsBuildWithoutPublishingOutput() throws {
 798 |         try withTemporaryRoot { root in
 799 |             let repository = repositoryRoot()
     |                 `- warning: initialization of immutable value 'repository' was never used; consider replacing with assignment to '_' or removing it [#no-usage]
 800 |             let source = root.appendingPathComponent("source", isDirectory: true)
 801 |             let runtime = root.appendingPathComponent("runtime", isDirectory: true)
[1845/2719] Emitting module HostwrightCriticalFuzzer
[1846/2720] Compiling HostwrightCriticalFuzzer main.swift
[1847/2721] Emitting module HostwrightControlTransport
[1848/2730] Compiling HostwrightControlTransport ControlFrameCodec.swift
[1849/2730] Compiling HostwrightControlTransport ControlStreamConnectionContext.swift
[1850/2730] Compiling HostwrightControlTransport ControlStreamGlobalBudget.swift
[1851/2730] Compiling HostwrightControlTransport ControlStreamProducer.swift
[1852/2730] Compiling HostwrightControlTransport ControlStreamSessionState.swift
[1853/2730] Compiling HostwrightControlTransport ControlUnaryDispatcher.swift
[1854/2730] Compiling HostwrightControlTransport PersistentControlClient.swift
[1855/2730] Compiling HostwrightControlTransport PersistentControlClientSession.swift
[1856/2730] Compiling HostwrightControlTransport PersistentControlServer.swift
[1857/2731] Emitting module HostwrightControlSecurityQualificationTool
[1858/2733] Compiling HostwrightControlSecurityQualificationTool ControlSecurityQualification.swift
[1859/2733] Compiling HostwrightControlSecurityQualificationTool main.swift
[1860/2734] Emitting module HostwrightControlTransportTests
[1861/2745] Compiling HostwrightControlTransportTests ControlFrameCodecTests.swift
[1862/2745] Compiling HostwrightControlTransportTests ControlStreamGlobalBudgetTests.swift
[1863/2745] Compiling HostwrightControlTransportTests ControlStreamSessionStateTests.swift
[1864/2745] Compiling HostwrightControlTransportTests ControlUnaryDispatcherTests.swift
[1865/2745] Compiling HostwrightControlTransportTests PersistentControlAdmissionIntegrationTests.swift
[1866/2745] Compiling HostwrightControlTransportTests PersistentControlAuditIntegrationTests.swift
[1867/2745] Compiling HostwrightControlTransportTests PersistentControlClientTests.swift
[1868/2745] Compiling HostwrightControlTransportTests PersistentControlServerTests.swift
[1869/2745] Compiling HostwrightControlTransportTests PersistentControlStreamIntegrationTests.swift
[1870/2745] Compiling HostwrightControlTransportTests TestAdmissionEvaluator.swift
[1871/2745] Compiling HostwrightControlTransportTests TestControlRequestAuthorizer.swift
[1872/2746] Emitting module HostwrightAuditQualificationTool
[1873/2748] Compiling HostwrightAuditQualificationTool AuditQualification.swift
[1874/2748] Compiling HostwrightAuditQualificationTool main.swift
[1875/2749] Emitting module HostwrightAdmissionQualificationTool
[1876/2750] Compiling HostwrightAdmissionQualificationTool main.swift
[1877/2751] Emitting module HostwrightAcceleratorService
[1878/2752] Compiling HostwrightAcceleratorService main.swift
[1879/2753] Emitting module Configuration
[1880/2777] Compiling Configuration AccessReporter.swift
[1881/2777] Compiling Configuration AccessLogger.swift
[1882/2777] Compiling Configuration FileAccessLogger.swift
[1883/2777] Compiling Configuration ConfigContext.swift
[1884/2777] Compiling Configuration ConfigKey.swift
[1885/2777] Compiling Configuration ConfigProvider.swift
[1886/2777] Compiling Configuration ConfigProviderHelpers.swift
[1887/2777] Compiling Configuration ConfigReader+internalHelpers.swift
[1888/2777] Compiling Configuration ConfigReader+methods.swift
[1889/2777] Compiling Configuration ConfigReader.swift
[1890/2777] Compiling Configuration ConfigSnapshotReader+methods.swift
[1891/2777] Compiling Configuration ConfigSnapshotReader.swift
[1892/2777] Compiling Configuration Deprecations.swift
[1893/2777] Compiling Configuration ExpressibleByConfigInt.swift
[1894/2777] Compiling Configuration ExpressibleByConfigString.swift
[1895/2777] Compiling Configuration CLIKeyEncoder.swift
[1896/2777] Compiling Configuration ConfigKeyEncoder.swift
[1897/2777] Compiling Configuration DotSeparatorKeyDecoder.swift
[1898/2777] Compiling Configuration SeparatorKeyEncoder.swift
[1899/2777] Compiling Configuration MultiProvider.swift
[1900/2777] Compiling Configuration CLIArgumentParser.swift
[1901/2777] Compiling Configuration CLISnapshot.swift
[1902/2777] Compiling Configuration CommandLineArgumentsProvider.swift
[1903/2777] Compiling Configuration EnvironmentFileParser.swift
[1904/2800] Compiling Configuration EnvironmentKeyEncoder.swift
[1905/2800] Compiling Configuration EnvironmentVariablesProvider.swift
[1906/2800] Compiling Configuration CommonProviderFileSystem.swift
[1907/2800] Compiling Configuration DirectoryFilesProvider.swift
[1908/2800] Compiling Configuration FileProvider.swift
[1909/2800] Compiling Configuration FileProviderSnapshot.swift
[1910/2800] Compiling Configuration JSONSnapshot.swift
[1911/2800] Compiling Configuration PropertyListSnapshot.swift
[1912/2800] Compiling Configuration ReloadingFileProvider.swift
[1913/2800] Compiling Configuration ReloadingFileProviderMetrics.swift
[1914/2800] Compiling Configuration YAMLSnapshot.swift
[1915/2800] Compiling Configuration InMemoryProvider.swift
[1916/2800] Compiling Configuration MutableInMemoryProvider.swift
[1917/2800] Compiling Configuration ConfigProvider+Operators.swift
[1918/2800] Compiling Configuration KeyMappingProvider.swift
[1919/2800] Compiling Configuration SecretsSpecifier.swift
[1920/2800] Compiling Configuration AsyncCombineLatestManySequence.swift
[1921/2800] Compiling Configuration CombineLatestManyStateMachine.swift
[1922/2800] Compiling Configuration CombineLatestManyStorage.swift
[1923/2800] Compiling Configuration AsyncSequences.swift
[1924/2800] Compiling Configuration FoundationExtensions.swift
[1925/2800] Compiling Configuration Span.swift
[1926/2800] Compiling Configuration ConfigBytesFromStringDecoder.swift
[1926/2800] Write Objects.LinkFileList
[1928/2800] Linking hostwright-wasi-provider-worker
[1929/2800] Linking hostwright-wasi-provider-qualification
[1930/2800] Applying hostwright-wasi-provider-worker
[1931/2800] Applying hostwright-wasi-provider-qualification
[1933/2801] Emitting module HostwrightWASIProviderRuntimeTests
[1934/2802] Compiling HostwrightWASIProviderRuntimeTests WASIProviderRuntimeTests.swift
[1934/2802] Write Objects.LinkFileList
[1936/2802] Linking hostwright-rbac-qualification
[1937/2802] Linking hostwright-profile-qualification
[1938/2802] Applying hostwright-rbac-qualification
[1939/2802] Applying hostwright-profile-qualification
[1940/2802] Write Objects.LinkFileList
[1942/2802] Linking hostwright-network-provider-worker
[1943/2802] Linking hostwright-dist
[1944/2802] Applying hostwright-network-provider-worker
[1945/2802] Applying hostwright-dist
[1947/2803] Emitting module HostwrightNetworkProvidersTests
[1948/2806] Compiling HostwrightNetworkProvidersTests NetworkProviderSPITests.swift
[1949/2806] Compiling HostwrightNetworkProvidersTests ProductionNetworkProviderSecurityTests.swift
[1950/2806] Compiling HostwrightNetworkProvidersTests WasmKitNetworkProviderExecutorTests.swift
[1950/2806] Write Objects.LinkFileList
[1952/2806] Linking hostwright-critical-fuzzer
[1953/2806] Linking hostwright-control-security-qualification
[1954/2806] Applying hostwright-critical-fuzzer
[1955/2806] Applying hostwright-control-security-qualification
[1957/2807] Emitting module HostwrightControlSecurityQualificationToolTests
[1958/2808] Compiling HostwrightControlSecurityQualificationToolTests ControlSecurityQualificationTests.swift
[1958/2808] Write Objects.LinkFileList
[1960/2808] Linking hostwright-audit-qualification
[1961/2808] Linking hostwright-admission-qualification
[1962/2808] Applying hostwright-audit-qualification
[1963/2808] Applying hostwright-admission-qualification
[1965/2809] Emitting module HostwrightAuditQualificationToolTests
[1966/2810] Compiling HostwrightAuditQualificationToolTests AuditQualificationTests.swift
[1966/2810] Write Objects.LinkFileList
[1967/2810] Compiling CShim vsock.c
[1968/2810] Linking hostwright-accelerator-service
[1969/2810] Compiling CShim socket_helpers.c
[1970/2810] Applying hostwright-accelerator-service
[1971/2810] Compiling CShim prctl.c
[1972/2810] Compiling CShim openat2.c
[1973/2810] Compiling CShim exec_command.c
[1974/2810] Compiling CShim capability.c
[1975/2810] Compiling CNIOWindows shim.c
[1977/2811] Emitting module ContainerizationOS
[1978/2825] Compiling ContainerizationOS AsyncSignalHandler.swift
[1979/2825] Compiling ContainerizationOS BinaryInteger+Extensions.swift
[1980/2825] Compiling ContainerizationOS Command.swift
[1981/2825] Compiling ContainerizationOS File.swift
[1982/2825] Compiling ContainerizationOS FileDescriptorOps.swift
[1983/2825] Compiling ContainerizationOS FilePathOps.swift
[1984/2825] Compiling ContainerizationOS KeychainQuery.swift
[1985/2825] Compiling ContainerizationOS RegistryInfo.swift
[1986/2825] Compiling ContainerizationOS Binfmt.swift
[1987/2825] Compiling ContainerizationOS Capabilities.swift
[1988/2825] Compiling ContainerizationOS Epoll.swift
[1989/2825] Compiling ContainerizationOS Mount.swift
[1990/2825] Compiling ContainerizationOS POSIXError+Helpers.swift
[1991/2825] Compiling ContainerizationOS Path.swift
[1992/2838] Compiling ContainerizationOS Pipe+Close.swift
[1993/2838] Compiling ContainerizationOS Reaper.swift
[1994/2838] Compiling ContainerizationOS BidirectionalRelay.swift
[1995/2838] Compiling ContainerizationOS Socket.swift
[1996/2838] Compiling ContainerizationOS SocketType.swift
[1997/2838] Compiling ContainerizationOS UnixType.swift
[1998/2838] Compiling ContainerizationOS VsockType.swift
[1999/2838] Compiling ContainerizationOS Stat.swift
[2000/2838] Compiling ContainerizationOS Syscall.swift
[2001/2838] Compiling ContainerizationOS Sysctl.swift
[2002/2838] Compiling ContainerizationOS Terminal.swift
[2003/2838] Compiling ContainerizationOS URL+Extensions.swift
[2004/2838] Compiling ContainerizationOS User.swift
[2004/2838] Compiling CNIOWindows WSAStartup.c
[2005/2838] Compiling CNIOWASI CNIOWASI.c
[2006/2838] Compiling CNIOPosix event_loop_id.c
[2007/2838] Compiling CNIOOpenBSD shim.c
[2008/2838] Compiling CNIOLinux shim.c
[2009/2838] Compiling CNIOLinux liburing_shims.c
[2010/2838] Compiling CNIOLLHTTP c_nio_llhttp.c
[2011/2838] Compiling CNIOLLHTTP c_nio_http.c
[2012/2838] Compiling CNIOLLHTTP c_nio_api.c
[2013/2838] Compiling CNIOFreeBSD shim.c
[2014/2838] Compiling CNIOExtrasZlib zutil.c
[2015/2838] Compiling CNIOExtrasZlib trees.c
[2016/2838] Compiling CNIOExtrasZlib inftrees.c
[2017/2838] Compiling CNIOExtrasZlib inflate.c
[2018/2838] Compiling CNIOExtrasZlib inffast.c
[2019/2838] Compiling CNIOExtrasZlib deflate.c
[2020/2838] Compiling CNIOExtrasZlib crc32.c
[2021/2838] Compiling CNIOExtrasZlib adler32.c
[2022/2838] Compiling CNIODarwin shim.c
[2023/2838] Compiling CNIOBoringSSLShims shims.c
[2024/2838] Compiling fiat_p256_adx_sqr.S
[2025/2838] Compiling fiat_p256_adx_mul.S
[2026/2838] Compiling fiat_curve25519_adx_square.S
[2027/2838] Compiling fiat_curve25519_adx_mul.S
[2028/2838] Compiling tls_record.cc
[2029/2838] Compiling tls_method.cc
[2030/2838] Compiling tls13_server.cc
[2031/2838] Compiling tls13_enc.cc
[2032/2838] Compiling tls13_client.cc
[2033/2838] Compiling tls13_both.cc
[2034/2838] Compiling t1_enc.cc
[2035/2838] Compiling ssl_x509.cc
[2036/2838] Compiling ssl_versions.cc
[2037/2838] Compiling ssl_transcript.cc
[2038/2838] Compiling ssl_stat.cc
[2039/2838] Compiling ssl_session.cc
[2040/2838] Compiling ssl_privkey.cc
[2041/2838] Compiling ssl_lib.cc
[2042/2838] Compiling ssl_key_share.cc
[2043/2838] Compiling ssl_file.cc
[2044/2838] Compiling ssl_credential.cc
[2045/2838] Compiling ssl_cipher.cc
[2046/2838] Compiling ssl_cert.cc
[2047/2838] Compiling ssl_buffer.cc
[2048/2838] Compiling ssl_asn1.cc
[2049/2838] Compiling ssl_aead_ctx.cc
[2050/2838] Compiling s3_pkt.cc
[2051/2838] Compiling s3_lib.cc
[2052/2838] Compiling s3_both.cc
[2053/2838] Compiling handshake_server.cc
[2054/2838] Compiling handshake_client.cc
[2055/2838] Compiling handshake.cc
[2056/2838] Compiling handoff.cc
[2057/2838] Compiling extensions.cc
[2058/2838] Compiling encrypted_client_hello.cc
[2059/2838] Compiling dtls_record.cc
[2060/2838] Compiling dtls_method.cc
[2061/2838] Compiling d1_srtp.cc
[2062/2838] Compiling d1_pkt.cc
[2063/2838] Compiling d1_lib.cc
[2064/2838] Compiling d1_both.cc
[2065/2838] Compiling bio_ssl.cc
[2066/2838] Compiling md5-x86_64-linux.S
[2067/2838] Compiling md5-x86_64-apple.S
[2068/2838] Compiling md5-586-linux.S
[2069/2838] Compiling md5-586-apple.S
[2070/2838] Compiling err_data.cc
[2071/2838] Compiling chacha20_poly1305_x86_64-linux.S
[2072/2838] Compiling chacha20_poly1305_x86_64-apple.S
[2073/2838] Compiling chacha20_poly1305_armv8-win.S
[2074/2838] Compiling chacha20_poly1305_armv8-linux.S
[2075/2838] Compiling chacha20_poly1305_armv8-apple.S
[2076/2838] Compiling chacha-x86_64-linux.S
[2077/2838] Compiling chacha-x86_64-apple.S
[2078/2838] Compiling chacha-x86-linux.S
[2079/2838] Compiling chacha-x86-apple.S
[2080/2838] Compiling chacha-armv8-win.S
[2081/2838] Compiling chacha-armv8-linux.S
[2082/2838] Compiling chacha-armv8-apple.S
[2083/2838] Compiling chacha-armv4-linux.S
[2084/2838] Compiling aes128gcmsiv-x86_64-linux.S
[2085/2838] Compiling aes128gcmsiv-x86_64-apple.S
[2086/2838] Compiling x86_64-mont5-linux.S
[2087/2838] Compiling x86_64-mont5-apple.S
[2088/2838] Compiling x86_64-mont-linux.S
[2089/2838] Compiling x86_64-mont-apple.S
[2090/2838] Compiling x86-mont-linux.S
[2091/2838] Compiling x86-mont-apple.S
[2092/2838] Compiling vpaes-x86_64-linux.S
[2093/2838] Compiling vpaes-x86_64-apple.S
[2094/2838] Compiling vpaes-x86-linux.S
[2095/2838] Compiling vpaes-x86-apple.S
[2096/2838] Compiling vpaes-armv8-win.S
[2097/2838] Compiling vpaes-armv8-linux.S
[2098/2838] Compiling vpaes-armv8-apple.S
[2099/2838] Compiling vpaes-armv7-linux.S
[2100/2838] Compiling sha512-x86_64-linux.S
[2101/2838] Compiling sha512-x86_64-apple.S
[2102/2838] Compiling sha512-armv8-win.S
[2103/2838] Compiling sha512-armv8-linux.S
[2104/2838] Compiling sha512-armv8-apple.S
[2105/2838] Compiling sha512-armv4-linux.S
[2106/2838] Compiling sha512-586-linux.S
[2107/2838] Compiling sha512-586-apple.S
[2108/2838] Compiling sha256-x86_64-linux.S
[2109/2838] Compiling sha256-x86_64-apple.S
[2110/2838] Compiling sha256-armv8-win.S
[2111/2838] Compiling sha256-armv8-linux.S
[2112/2838] Compiling sha256-armv8-apple.S
[2113/2838] Compiling sha256-armv4-linux.S
[2114/2838] Compiling sha256-586-linux.S
[2115/2838] Compiling sha256-586-apple.S
[2116/2838] Compiling sha1-x86_64-linux.S
[2117/2838] Compiling sha1-x86_64-apple.S
[2118/2838] Compiling sha1-armv8-win.S
[2119/2838] Compiling sha1-armv8-linux.S
[2120/2838] Compiling sha1-armv8-apple.S
[2121/2838] Compiling sha1-armv4-large-linux.S
[2122/2838] Compiling sha1-586-linux.S
[2123/2838] Compiling sha1-586-apple.S
[2124/2838] Compiling rsaz-avx2-linux.S
[2125/2838] Compiling rsaz-avx2-apple.S
[2126/2838] Compiling rdrand-x86_64-linux.S
[2127/2838] Compiling rdrand-x86_64-apple.S
[2128/2838] Compiling p256_beeu-x86_64-asm-linux.S
[2129/2838] Compiling p256_beeu-x86_64-asm-apple.S
[2130/2838] Compiling p256_beeu-armv8-asm-win.S
[2131/2838] Compiling p256_beeu-armv8-asm-linux.S
[2132/2838] Compiling p256_beeu-armv8-asm-apple.S
[2133/2838] Compiling p256-x86_64-asm-linux.S
[2134/2838] Compiling p256-x86_64-asm-apple.S
[2135/2838] Compiling p256-armv8-asm-win.S
[2136/2838] Compiling p256-armv8-asm-linux.S
[2137/2838] Compiling p256-armv8-asm-apple.S
[2138/2838] Compiling ghashv8-armv8-win.S
[2139/2838] Compiling ghashv8-armv8-linux.S
[2140/2838] Compiling ghashv8-armv8-apple.S
[2141/2838] Compiling ghashv8-armv7-linux.S
[2142/2838] Compiling ghash-x86_64-linux.S
[2143/2838] Compiling ghash-x86_64-apple.S
[2144/2838] Compiling ghash-x86-linux.S
[2145/2838] Compiling ghash-x86-apple.S
[2146/2838] Compiling ghash-ssse3-x86_64-linux.S
[2147/2838] Compiling ghash-ssse3-x86_64-apple.S
[2148/2838] Compiling ghash-ssse3-x86-linux.S
[2149/2838] Compiling ghash-ssse3-x86-apple.S
[2150/2838] Compiling ghash-neon-armv8-win.S
[2151/2838] Compiling ghash-neon-armv8-linux.S
[2152/2838] Compiling ghash-neon-armv8-apple.S
[2153/2838] Compiling ghash-armv4-linux.S
[2154/2838] Compiling co-586-linux.S
[2155/2838] Compiling co-586-apple.S
[2156/2838] Compiling bsaes-armv7-linux.S
[2157/2838] Compiling bn-armv8-win.S
[2158/2838] Compiling bn-armv8-linux.S
[2159/2838] Compiling bn-armv8-apple.S
[2160/2838] Compiling bn-586-linux.S
[2161/2838] Compiling bn-586-apple.S
[2162/2838] Compiling armv8-mont-win.S
[2163/2838] Compiling armv8-mont-linux.S
[2164/2838] Compiling armv8-mont-apple.S
[2165/2838] Compiling armv4-mont-linux.S
[2166/2838] Compiling aesv8-gcm-armv8-win.S
[2167/2838] Compiling aesv8-gcm-armv8-linux.S
[2168/2838] Compiling aesv8-gcm-armv8-apple.S
[2169/2838] Compiling aesv8-armv8-win.S
[2170/2838] Compiling aesv8-armv8-linux.S
[2171/2838] Compiling aesv8-armv8-apple.S
[2172/2838] Compiling aesv8-armv7-linux.S
[2173/2838] Compiling aesni-x86_64-linux.S
[2174/2838] Compiling aesni-x86_64-apple.S
[2175/2838] Compiling aesni-x86-linux.S
[2176/2838] Compiling aesni-x86-apple.S
[2177/2838] Compiling aesni-gcm-x86_64-linux.S
[2178/2838] Compiling aesni-gcm-x86_64-apple.S
[2179/2838] Compiling aes-gcm-avx2-x86_64-linux.S
[2180/2838] Compiling aes-gcm-avx2-x86_64-apple.S
[2181/2838] Compiling aes-gcm-avx10-x86_64-linux.S
[2182/2838] Compiling aes-gcm-avx10-x86_64-apple.S
[2183/2838] Compiling x_x509a.cc
[2184/2838] Compiling x_x509.cc
[2185/2838] Compiling x_val.cc
[2186/2838] Compiling x_spki.cc
[2187/2838] Compiling x_sig.cc
[2188/2838] Compiling x_req.cc
[2189/2838] Compiling x_pubkey.cc
[2190/2838] Compiling x_name.cc
[2191/2838] Compiling x_exten.cc
[2192/2838] Compiling x_crl.cc
[2193/2838] Compiling x_attrib.cc
[2194/2838] Compiling x_all.cc
[2195/2838] Compiling x_algor.cc
[2196/2838] Compiling x509spki.cc
[2197/2838] Compiling x509rset.cc
[2198/2838] Compiling x509name.cc
[2199/2838] Compiling x509cset.cc
[2200/2838] Compiling x509_vpm.cc
[2201/2838] Compiling x509_vfy.cc
[2202/2838] Compiling x509_v3.cc
[2203/2838] Compiling x509_txt.cc
[2204/2838] Compiling x509_trs.cc
[2205/2838] Compiling x509_set.cc
[2206/2838] Compiling x509_req.cc
[2207/2838] Compiling x509_obj.cc
[2208/2838] Compiling x509_lu.cc
[2209/2838] Compiling x509_ext.cc
[2210/2838] Compiling x509_def.cc
[2211/2838] Compiling x509_d2.cc
[2212/2838] Compiling x509_cmp.cc
[2213/2838] Compiling x509_att.cc
[2214/2838] Compiling x509.cc
[2215/2838] Compiling v3_utl.cc
[2216/2838] Compiling v3_skey.cc
[2217/2838] Compiling v3_purp.cc
[2218/2838] Compiling v3_prn.cc
[2219/2838] Compiling v3_pmaps.cc
[2220/2838] Compiling v3_pcons.cc
[2221/2838] Compiling v3_ocsp.cc
[2222/2838] Compiling v3_ncons.cc
[2223/2838] Compiling v3_lib.cc
[2224/2838] Compiling v3_int.cc
[2225/2838] Compiling v3_info.cc
[2226/2838] Compiling v3_ia5.cc
[2227/2838] Compiling v3_genn.cc
[2228/2838] Compiling v3_extku.cc
[2229/2838] Compiling v3_enum.cc
[2230/2838] Compiling v3_crld.cc
[2231/2838] Compiling v3_cpols.cc
[2232/2838] Compiling v3_conf.cc
[2233/2838] Compiling v3_bitst.cc
[2234/2838] Compiling v3_bcons.cc
[2235/2838] Compiling v3_alt.cc
[2236/2838] Compiling v3_akeya.cc
[2237/2838] Compiling v3_akey.cc
[2238/2838] Compiling t_x509a.cc
[2239/2838] Compiling t_x509.cc
[2240/2838] Compiling t_req.cc
[2241/2838] Compiling t_crl.cc
[2242/2838] Compiling rsa_pss.cc
[2243/2838] Compiling policy.cc
[2244/2838] Compiling name_print.cc
[2245/2838] Compiling i2d_pr.cc
[2246/2838] Compiling by_file.cc
[2247/2838] Compiling by_dir.cc
[2248/2838] Compiling asn1_gen.cc
[2249/2838] Compiling algorithm.cc
[2250/2838] Compiling a_verify.cc
[2251/2838] Compiling a_sign.cc
[2252/2838] Compiling a_digest.cc
[2253/2838] Compiling voprf.cc
[2254/2838] Compiling trust_token.cc
[2255/2838] Compiling pmbtoken.cc
[2256/2838] Compiling thread_win.cc
[2257/2838] Compiling thread_pthread.cc
[2258/2838] Compiling thread_none.cc
[2259/2838] Compiling thread.cc
[2260/2838] Compiling stack.cc
[2261/2838] Compiling spake2plus.cc
[2262/2838] Compiling slhdsa.cc
[2263/2838] Compiling siphash.cc
[2264/2838] Compiling sha512.cc
[2265/2838] Compiling sha256.cc
[2266/2838] Compiling sha1.cc
[2267/2838] Compiling rsa_print.cc
[2268/2838] Compiling rsa_extra.cc
[2269/2838] Compiling rsa_crypt.cc
[2270/2838] Compiling rsa_asn1.cc
[2271/2838] Compiling refcount.cc
[2272/2838] Compiling rc4.cc
[2273/2838] Compiling windows.cc
[2274/2838] Compiling urandom.cc
[2275/2838] Compiling trusty.cc
[2276/2838] Compiling rand.cc
[2277/2838] Compiling passive.cc
[2278/2838] Compiling ios.cc
[2279/2838] Compiling getentropy.cc
[2280/2838] Compiling forkunsafe.cc
[2281/2838] Compiling fork_detect.cc
[2282/2838] Compiling deterministic.cc
[2283/2838] Compiling pool.cc
[2284/2838] Compiling poly1305_vec.cc
[2285/2838] Compiling poly1305_arm_asm.S
[2286/2838] Compiling poly1305_arm.cc
[2287/2838] Compiling poly1305.cc
[2288/2838] Compiling pkcs8_x509.cc
[2289/2838] Compiling pkcs8.cc
[2290/2838] Compiling p5_pbev2.cc
[2291/2838] Compiling pkcs7_x509.cc
[2292/2838] Compiling pkcs7.cc
[2293/2838] Compiling pem_xaux.cc
[2294/2838] Compiling pem_x509.cc
[2295/2838] Compiling pem_pkey.cc
[2296/2838] Compiling pem_pk8.cc
[2297/2838] Compiling pem_oth.cc
[2298/2838] Compiling pem_lib.cc
[2299/2838] Compiling pem_info.cc
[2300/2838] Compiling pem_all.cc
[2301/2838] Compiling obj_xref.cc
[2302/2838] Compiling obj.cc
[2303/2838] Compiling mlkem.cc
[2304/2838] Compiling mldsa.cc
[2305/2838] Compiling mem.cc
[2306/2838] Compiling md5.cc
[2307/2838] Compiling md4.cc
[2308/2838] Compiling lhash.cc
[2309/2838] Compiling kyber.cc
[2310/2838] Compiling hrss.cc
[2311/2838] Compiling poly_rq_mul.S
[2312/2838] Compiling hpke.cc
[2313/2838] Compiling fips_shared_support.cc
[2314/2838] Compiling bcm.cc
[2315/2838] Compiling ex_data.cc
[2316/2838] Compiling sign.cc
[2317/2838] Compiling scrypt.cc
[2318/2838] Compiling print.cc
[2319/2838] Compiling pbkdf.cc
[2320/2838] Compiling p_x25519_asn1.cc
[2321/2838] Compiling p_x25519.cc
[2322/2838] Compiling p_rsa_asn1.cc
[2323/2838] Compiling p_rsa.cc
[2324/2838] Compiling p_hkdf.cc
[2325/2838] Compiling p_ed25519_asn1.cc
[2326/2838] Compiling p_ed25519.cc
[2327/2838] Compiling p_ec_asn1.cc
[2328/2838] Compiling p_ec.cc
[2329/2838] Compiling p_dsa_asn1.cc
[2330/2838] Compiling p_dh_asn1.cc
[2331/2838] Compiling p_dh.cc
[2332/2838] Compiling evp_ctx.cc
[2333/2838] Compiling evp_asn1.cc
[2334/2838] Compiling evp.cc
[2335/2838] Compiling err.cc
[2336/2838] Compiling engine.cc
[2337/2838] Compiling ecdsa_asn1.cc
[2338/2838] Compiling ecdh.cc
[2339/2838] Compiling hash_to_curve.cc
[2340/2838] Compiling ec_derive.cc
[2341/2838] Compiling ec_asn1.cc
[2342/2838] Compiling dsa_asn1.cc
[2343/2838] Compiling dsa.cc
[2344/2838] Compiling digest_extra.cc
[2345/2838] Compiling params.cc
[2346/2838] Compiling dh_asn1.cc
[2347/2838] Compiling des.cc
[2348/2838] Compiling spake25519.cc
[2349/2838] Compiling curve25519_64_adx.cc
[2350/2838] Compiling curve25519.cc
[2351/2838] Compiling x25519-asm-arm.S
[2352/2838] Compiling crypto.cc
[2353/2838] Compiling cpu_intel.cc
[2354/2838] Compiling cpu_arm_linux.cc
[2355/2838] Compiling cpu_arm_freebsd.cc
[2356/2838] Compiling cpu_aarch64_win.cc
[2357/2838] Compiling cpu_aarch64_sysreg.cc
[2358/2838] Compiling cpu_aarch64_openbsd.cc
[2359/2838] Compiling cpu_aarch64_linux.cc
[2360/2838] Compiling cpu_aarch64_fuchsia.cc
[2361/2838] Compiling cpu_aarch64_apple.cc
[2362/2838] Compiling conf.cc
[2363/2838] Compiling tls_cbc.cc
[2364/2838] Compiling get_cipher.cc
[2365/2838] Compiling e_tls.cc
[2366/2838] Compiling e_rc4.cc
[2367/2838] Compiling e_rc2.cc
[2368/2838] Compiling e_null.cc
[2369/2838] Compiling e_des.cc
[2370/2838] Compiling e_chacha20poly1305.cc
[2371/2838] Compiling e_aesgcmsiv.cc
[2372/2838] Compiling e_aesctrhmac.cc
[2373/2838] Compiling derive_key.cc
[2374/2838] Compiling chacha.cc
[2375/2838] Compiling unicode.cc
[2376/2838] Compiling cbs.cc
[2377/2838] Compiling cbb.cc
[2378/2838] Compiling ber.cc
[2379/2838] Compiling asn1_compat.cc
[2380/2838] Compiling buf.cc
[2381/2838] Compiling convert.cc
[2382/2838] Compiling bn_asn1.cc
[2383/2838] Compiling blake2.cc
[2384/2838] Compiling socket_helper.cc
[2385/2838] Compiling socket.cc
[2386/2838] Compiling printf.cc
[2387/2838] Compiling pair.cc
[2388/2838] Compiling hexdump.cc
[2389/2838] Compiling file.cc
[2390/2838] Compiling fd.cc
[2391/2838] Compiling errno.cc
[2392/2838] Compiling connect.cc
[2393/2838] Compiling bio_mem.cc
[2394/2838] Compiling bio.cc
[2395/2838] Compiling base64.cc
[2396/2838] Compiling tasn_utl.cc
[2397/2838] Compiling tasn_typ.cc
[2398/2838] Compiling tasn_new.cc
[2399/2838] Compiling tasn_fre.cc
[2400/2838] Compiling tasn_enc.cc
[2401/2838] Compiling tasn_dec.cc
[2402/2838] Compiling posix_time.cc
[2403/2838] Compiling f_string.cc
[2404/2838] Compiling f_int.cc
[2405/2838] Compiling asn_pack.cc
[2406/2838] Compiling asn1_par.cc
[2407/2838] Compiling asn1_lib.cc
[2408/2838] Compiling a_utctm.cc
[2409/2838] Compiling a_type.cc
[2410/2838] Compiling a_time.cc
[2411/2838] Compiling a_strnid.cc
[2412/2838] Compiling a_strex.cc
[2413/2838] Compiling a_octet.cc
[2414/2838] Compiling a_object.cc
[2415/2838] Compiling a_mbstr.cc
[2416/2838] Compiling a_int.cc
[2417/2838] Compiling a_i2d_fp.cc
[2418/2838] Compiling a_gentm.cc
[2419/2838] Compiling a_dup.cc
[2420/2838] Compiling a_d2i_fp.cc
[2421/2838] Compiling a_bool.cc
[2422/2838] Compiling a_bitstr.cc
[2423/2838] Compiling c-nioatomics.c
[2424/2838] Compiling c-atomics.c
[2425/2838] Compiling CGRPCNIOTransportZlib empty.c
[2427/2839] Emitting module NIOConcurrencyHelpers
[2428/2845] Compiling NIOConcurrencyHelpers NIOAtomic.swift
[2429/2845] Compiling NIOConcurrencyHelpers NIOLock.swift
[2430/2845] Compiling NIOConcurrencyHelpers NIOLockedValueBox.swift
[2431/2845] Compiling NIOConcurrencyHelpers NIOThreadPoolWorkAvailable.swift
[2432/2845] Compiling NIOConcurrencyHelpers atomics.swift
[2433/2845] Compiling NIOConcurrencyHelpers lock.swift
[2433/2845] Compiling CCryptoBoringSSLShims shims.c
[2434/2845] Compiling fiat_p256_adx_sqr.S
[2435/2845] Compiling fiat_p256_adx_mul.S
[2436/2845] Compiling fiat_curve25519_adx_square.S
[2437/2845] Compiling fiat_curve25519_adx_mul.S
[2438/2845] Compiling md5-x86_64-linux.S
[2439/2845] Compiling md5-x86_64-apple.S
[2440/2845] Compiling md5-586-linux.S
[2441/2845] Compiling md5-586-apple.S
[2442/2845] Compiling err_data.cc
[2443/2845] Compiling chacha20_poly1305_x86_64-linux.S
[2444/2845] Compiling chacha20_poly1305_x86_64-apple.S
[2445/2845] Compiling chacha20_poly1305_armv8-win.S
[2446/2845] Compiling chacha20_poly1305_armv8-linux.S
[2447/2845] Compiling chacha20_poly1305_armv8-apple.S
[2448/2845] Compiling chacha-x86_64-linux.S
[2449/2845] Compiling chacha-x86_64-apple.S
[2450/2845] Compiling chacha-x86-linux.S
[2451/2845] Compiling chacha-x86-apple.S
[2452/2845] Compiling chacha-armv8-win.S
[2453/2845] Compiling chacha-armv8-linux.S
[2454/2845] Compiling chacha-armv8-apple.S
[2455/2845] Compiling chacha-armv4-linux.S
[2456/2845] Compiling aes128gcmsiv-x86_64-linux.S
[2457/2845] Compiling aes128gcmsiv-x86_64-apple.S
[2458/2845] Compiling x86_64-mont5-linux.S
[2459/2845] Compiling x86_64-mont5-apple.S
[2460/2845] Compiling x86_64-mont-linux.S
[2461/2845] Compiling x86_64-mont-apple.S
[2462/2845] Compiling x86-mont-linux.S
[2463/2845] Compiling x86-mont-apple.S
[2464/2845] Compiling vpaes-x86_64-linux.S
[2465/2845] Compiling vpaes-x86_64-apple.S
[2466/2845] Compiling vpaes-x86-linux.S
[2467/2845] Compiling vpaes-x86-apple.S
[2468/2845] Compiling vpaes-armv8-win.S
[2469/2845] Compiling vpaes-armv8-linux.S
[2470/2845] Compiling vpaes-armv8-apple.S
[2471/2845] Compiling vpaes-armv7-linux.S
[2472/2845] Compiling sha512-x86_64-linux.S
[2473/2845] Compiling sha512-x86_64-apple.S
[2474/2845] Compiling sha512-armv8-win.S
[2475/2845] Compiling sha512-armv8-linux.S
[2476/2845] Compiling sha512-armv8-apple.S
[2477/2845] Compiling sha512-armv4-linux.S
[2478/2845] Compiling sha512-586-linux.S
[2479/2845] Compiling sha512-586-apple.S
[2480/2845] Compiling sha256-x86_64-linux.S
[2481/2845] Compiling sha256-x86_64-apple.S
[2482/2845] Compiling sha256-armv8-win.S
[2483/2845] Compiling sha256-armv8-linux.S
[2484/2845] Compiling sha256-armv8-apple.S
[2485/2845] Compiling sha256-armv4-linux.S
[2486/2845] Compiling sha256-586-linux.S
[2487/2845] Compiling sha256-586-apple.S
[2488/2845] Compiling sha1-x86_64-linux.S
[2489/2845] Compiling sha1-x86_64-apple.S
[2490/2845] Compiling sha1-armv8-win.S
[2491/2845] Compiling sha1-armv8-linux.S
[2492/2845] Compiling sha1-armv8-apple.S
[2493/2845] Compiling sha1-armv4-large-linux.S
[2494/2845] Compiling sha1-586-linux.S
[2495/2845] Compiling sha1-586-apple.S
[2496/2845] Compiling rsaz-avx2-linux.S
[2497/2845] Compiling rsaz-avx2-apple.S
[2498/2845] Compiling rdrand-x86_64-linux.S
[2499/2845] Compiling rdrand-x86_64-apple.S
[2500/2845] Compiling p256_beeu-x86_64-asm-linux.S
[2501/2845] Compiling p256_beeu-x86_64-asm-apple.S
[2502/2845] Compiling p256_beeu-armv8-asm-win.S
[2503/2845] Compiling p256_beeu-armv8-asm-linux.S
[2504/2845] Compiling p256_beeu-armv8-asm-apple.S
[2505/2845] Compiling p256-x86_64-asm-linux.S
[2506/2845] Compiling p256-x86_64-asm-apple.S
[2507/2845] Compiling p256-armv8-asm-win.S
[2508/2845] Compiling p256-armv8-asm-linux.S
[2509/2845] Compiling p256-armv8-asm-apple.S
[2510/2845] Compiling ghashv8-armv8-win.S
[2511/2845] Compiling ghashv8-armv8-linux.S
[2512/2845] Compiling ghashv8-armv8-apple.S
[2513/2845] Compiling ghashv8-armv7-linux.S
[2514/2845] Compiling ghash-x86_64-linux.S
[2515/2845] Compiling ghash-x86_64-apple.S
[2516/2845] Compiling ghash-x86-linux.S
[2517/2845] Compiling ghash-x86-apple.S
[2518/2845] Compiling ghash-ssse3-x86_64-linux.S
[2519/2845] Compiling ghash-ssse3-x86_64-apple.S
[2520/2845] Compiling ghash-ssse3-x86-linux.S
[2521/2845] Compiling ghash-ssse3-x86-apple.S
[2522/2845] Compiling ghash-neon-armv8-win.S
[2523/2845] Compiling ghash-neon-armv8-linux.S
[2524/2845] Compiling ghash-neon-armv8-apple.S
[2525/2845] Compiling ghash-armv4-linux.S
[2526/2845] Compiling co-586-linux.S
[2527/2845] Compiling co-586-apple.S
[2528/2845] Compiling bsaes-armv7-linux.S
[2529/2845] Compiling bn-armv8-win.S
[2530/2845] Compiling bn-armv8-linux.S
[2531/2845] Compiling bn-armv8-apple.S
[2532/2845] Compiling bn-586-linux.S
[2533/2845] Compiling bn-586-apple.S
[2534/2845] Compiling armv8-mont-win.S
[2535/2845] Compiling armv8-mont-linux.S
[2536/2845] Compiling armv8-mont-apple.S
[2537/2845] Compiling armv4-mont-linux.S
[2538/2845] Compiling aesv8-gcm-armv8-win.S
[2539/2845] Compiling aesv8-gcm-armv8-linux.S
[2540/2845] Compiling aesv8-gcm-armv8-apple.S
[2541/2845] Compiling aesv8-armv8-win.S
[2542/2845] Compiling aesv8-armv8-linux.S
[2543/2845] Compiling aesv8-armv8-apple.S
[2544/2845] Compiling aesv8-armv7-linux.S
[2545/2845] Compiling aesni-x86_64-linux.S
[2546/2845] Compiling aesni-x86_64-apple.S
[2547/2845] Compiling aesni-x86-linux.S
[2548/2845] Compiling aesni-x86-apple.S
[2549/2845] Compiling aesni-gcm-x86_64-linux.S
[2550/2845] Compiling aesni-gcm-x86_64-apple.S
[2551/2845] Compiling aes-gcm-avx512-x86_64-linux.S
[2552/2845] Compiling aes-gcm-avx512-x86_64-apple.S
[2553/2845] Compiling aes-gcm-avx2-x86_64-linux.S
[2554/2845] Compiling aes-gcm-avx2-x86_64-apple.S
[2555/2845] Compiling xwing.cc
[2556/2845] Compiling x_x509a.cc
[2557/2845] Compiling x_x509.cc
[2558/2845] Compiling x_spki.cc
[2559/2845] Compiling x_sig.cc
[2560/2845] Compiling x_req.cc
[2561/2845] Compiling x_pubkey.cc
[2562/2845] Compiling x_name.cc
[2563/2845] Compiling x_exten.cc
[2564/2845] Compiling x_crl.cc
[2565/2845] Compiling x_attrib.cc
[2566/2845] Compiling x_all.cc
[2567/2845] Compiling x_algor.cc
[2568/2845] Compiling x509spki.cc
[2569/2845] Compiling x509rset.cc
[2570/2845] Compiling x509name.cc
[2571/2845] Compiling x509cset.cc
[2572/2845] Compiling x509_vpm.cc
[2573/2845] Compiling x509_vfy.cc
[2574/2845] Compiling x509_v3.cc
[2575/2845] Compiling x509_txt.cc
[2576/2845] Compiling x509_trs.cc
[2577/2845] Compiling x509_set.cc
[2578/2845] Compiling x509_req.cc
[2579/2845] Compiling x509_obj.cc
[2580/2845] Compiling x509_lu.cc
[2581/2845] Compiling x509_ext.cc
[2582/2845] Compiling x509_def.cc
[2583/2845] Compiling x509_d2.cc
[2584/2845] Compiling x509_cmp.cc
[2585/2845] Compiling x509_att.cc
[2586/2845] Compiling x509.cc
[2587/2845] Compiling v3_utl.cc
[2588/2845] Compiling v3_skey.cc
[2589/2845] Compiling v3_purp.cc
[2590/2845] Compiling v3_prn.cc
[2591/2845] Compiling v3_pmaps.cc
[2592/2845] Compiling v3_pcons.cc
[2593/2845] Compiling v3_ocsp.cc
[2594/2845] Compiling v3_ncons.cc
[2595/2845] Compiling v3_lib.cc
[2596/2845] Compiling v3_int.cc
[2597/2845] Compiling v3_info.cc
[2598/2845] Compiling v3_ia5.cc
[2599/2845] Compiling v3_genn.cc
[2600/2845] Compiling v3_extku.cc
[2601/2845] Compiling v3_enum.cc
[2602/2845] Compiling v3_crld.cc
[2603/2845] Compiling v3_cpols.cc
[2604/2845] Compiling v3_conf.cc
[2605/2845] Compiling v3_bitst.cc
[2606/2845] Compiling v3_bcons.cc
[2607/2845] Compiling v3_alt.cc
[2608/2845] Compiling v3_akeya.cc
[2609/2845] Compiling v3_akey.cc
[2610/2845] Compiling t_x509a.cc
[2611/2845] Compiling t_x509.cc
[2612/2845] Compiling t_req.cc
[2613/2845] Compiling t_crl.cc
[2614/2845] Compiling rsa_pss.cc
[2615/2845] Compiling policy.cc
[2616/2845] Compiling name_print.cc
[2617/2845] Compiling i2d_pr.cc
[2618/2845] Compiling by_file.cc
[2619/2845] Compiling by_dir.cc
[2620/2845] Compiling asn1_gen.cc
[2621/2845] Compiling algorithm.cc
[2622/2845] Compiling a_verify.cc
[2623/2845] Compiling a_sign.cc
[2624/2845] Compiling a_digest.cc
[2625/2845] Compiling voprf.cc
[2626/2845] Compiling trust_token.cc
[2627/2845] Compiling pmbtoken.cc
[2628/2845] Compiling thread_win.cc
[2629/2845] Compiling thread_pthread.cc
[2630/2845] Compiling thread_none.cc
[2631/2845] Compiling thread.cc
[2632/2845] Compiling stack.cc
[2633/2845] Compiling spake2plus.cc
[2634/2845] Compiling slhdsa.cc
[2635/2845] Compiling siphash.cc
[2636/2845] Compiling sha512.cc
[2637/2845] Compiling sha256.cc
[2638/2845] Compiling sha1.cc
[2639/2845] Compiling rsa_print.cc
[2640/2845] Compiling rsa_extra.cc
[2641/2845] Compiling rsa_crypt.cc
[2642/2845] Compiling rsa_asn1.cc
[2643/2845] Compiling refcount.cc
[2644/2845] Compiling rc4.cc
[2645/2845] Compiling windows.cc
[2646/2845] Compiling urandom.cc
[2647/2845] Compiling trusty.cc
[2648/2845] Compiling rand.cc
[2649/2845] Compiling passive.cc
[2650/2845] Compiling ios.cc
[2651/2845] Compiling getentropy.cc
[2652/2845] Compiling forkunsafe.cc
[2653/2845] Compiling fork_detect.cc
[2654/2845] Compiling deterministic.cc
[2655/2845] Compiling pool.cc
[2656/2845] Compiling poly1305_vec.cc
[2657/2845] Compiling poly1305_arm_asm.S
[2658/2845] Compiling poly1305_arm.cc
[2659/2845] Compiling poly1305.cc
[2660/2845] Compiling pkcs8_x509.cc
[2661/2845] Compiling pkcs8.cc
[2662/2845] Compiling p5_pbev2.cc
[2663/2845] Compiling pkcs7_x509.cc
[2664/2845] Compiling pkcs7.cc
[2665/2845] Compiling pem_xaux.cc
[2666/2845] Compiling pem_x509.cc
[2667/2845] Compiling pem_pkey.cc
[2668/2845] Compiling pem_pk8.cc
[2669/2845] Compiling pem_oth.cc
[2670/2845] Compiling pem_lib.cc
[2671/2845] Compiling pem_info.cc
[2672/2845] Compiling pem_all.cc
[2673/2845] Compiling obj_xref.cc
[2674/2845] Compiling obj.cc
[2675/2845] Compiling mlkem.cc
[2676/2845] Compiling mldsa.cc
[2677/2845] Compiling mem.cc
[2678/2845] Compiling md5.cc
[2679/2845] Compiling md4.cc
[2680/2845] Compiling lhash.cc
[2681/2845] Compiling kyber.cc
[2682/2845] Compiling hrss.cc
[2683/2845] Compiling poly_rq_mul.S
[2684/2845] Compiling hpke.cc
[2685/2845] Compiling fuzzer_mode.cc
[2686/2845] Compiling fips_shared_support.cc
[2687/2845] Compiling bcm.cc
[2688/2845] Compiling ex_data.cc
[2689/2845] Compiling sign.cc
[2690/2845] Compiling scrypt.cc
[2691/2845] Compiling print.cc
[2692/2845] Compiling pbkdf.cc
[2693/2845] Compiling p_x25519_asn1.cc
[2694/2845] Compiling p_x25519.cc
[2695/2845] Compiling p_rsa_asn1.cc
[2696/2845] Compiling p_rsa.cc
[2697/2845] Compiling p_hkdf.cc
[2698/2845] Compiling p_ed25519_asn1.cc
[2699/2845] Compiling p_ed25519.cc
[2700/2845] Compiling p_ec_asn1.cc
[2701/2845] Compiling p_ec.cc
[2702/2845] Compiling p_dsa_asn1.cc
[2703/2845] Compiling p_dh_asn1.cc
[2704/2845] Compiling p_dh.cc
[2705/2845] Compiling evp_ctx.cc
[2706/2845] Compiling evp_asn1.cc
[2707/2845] Compiling evp.cc
[2708/2845] Compiling err.cc
[2709/2845] Compiling engine.cc
[2710/2845] Compiling ecdsa_p1363.cc
[2711/2845] Compiling ecdsa_asn1.cc
[2712/2845] Compiling ecdh.cc
[2713/2845] Compiling hash_to_curve.cc
[2714/2845] Compiling ec_derive.cc
[2715/2845] Compiling ec_asn1.cc
[2716/2845] Compiling dsa_asn1.cc
[2717/2845] Compiling dsa.cc
[2718/2845] Compiling digest_extra.cc
[2719/2845] Compiling params.cc
[2720/2845] Compiling dh_asn1.cc
[2721/2845] Compiling des.cc
[2722/2845] Compiling spake25519.cc
[2723/2845] Compiling curve25519_64_adx.cc
[2724/2845] Compiling curve25519.cc
[2725/2845] Compiling x25519-asm-arm.S
[2726/2845] Compiling crypto.cc
[2727/2845] Compiling cpu_intel.cc
[2728/2845] Compiling cpu_arm_linux.cc
[2729/2845] Compiling cpu_arm_freebsd.cc
[2730/2845] Compiling cpu_aarch64_win.cc
[2731/2845] Compiling cpu_aarch64_sysreg.cc
[2732/2845] Compiling cpu_aarch64_openbsd.cc
[2733/2845] Compiling cpu_aarch64_linux.cc
[2734/2845] Compiling cpu_aarch64_fuchsia.cc
[2735/2845] Compiling cpu_aarch64_apple.cc
[2736/2845] Compiling conf.cc
[2737/2845] Compiling cms.cc
[2738/2845] Compiling tls_cbc.cc
[2739/2845] Compiling get_cipher.cc
[2740/2845] Compiling e_tls.cc
[2741/2845] Compiling e_rc4.cc
[2742/2845] Compiling e_rc2.cc
[2743/2845] Compiling e_null.cc
[2744/2845] Compiling e_des.cc
[2745/2845] Compiling e_chacha20poly1305.cc
[2746/2845] Compiling e_aesgcmsiv.cc
[2747/2845] Compiling e_aeseax.cc
[2748/2845] Compiling e_aesctrhmac.cc
[2749/2845] Compiling derive_key.cc
[2750/2845] Compiling chacha.cc
[2751/2845] Compiling unicode.cc
[2752/2845] Compiling cbs.cc
[2753/2845] Compiling cbb.cc
[2754/2845] Compiling ber.cc
[2755/2845] Compiling asn1_compat.cc
[2756/2845] Compiling buf.cc
[2757/2845] Compiling sqrt.cc
[2758/2845] Compiling exponentiation.cc
[2759/2845] Compiling div.cc
[2760/2845] Compiling convert.cc
[2761/2845] Compiling bn_asn1.cc
[2762/2845] Compiling blake2.cc
[2763/2845] Compiling printf.cc
[2764/2845] Compiling pair.cc
[2765/2845] Compiling hexdump.cc
[2766/2845] Compiling file.cc
[2767/2845] Compiling fd.cc
[2768/2845] Compiling errno.cc
[2769/2845] Compiling bio_mem.cc
[2770/2845] Compiling bio.cc
[2771/2845] Compiling base64.cc
[2772/2845] Compiling tasn_utl.cc
[2773/2845] Compiling tasn_typ.cc
[2774/2845] Compiling tasn_new.cc
[2775/2845] Compiling tasn_fre.cc
[2776/2845] Compiling tasn_enc.cc
[2777/2845] Compiling tasn_dec.cc
[2778/2845] Compiling posix_time.cc
[2779/2845] Compiling f_string.cc
[2780/2845] Compiling f_int.cc
[2781/2845] Compiling asn_pack.cc
[2782/2845] Compiling asn1_par.cc
[2783/2845] Compiling asn1_lib.cc
[2784/2845] Compiling a_utctm.cc
[2785/2845] Compiling a_type.cc
[2786/2845] Compiling a_time.cc
[2787/2845] Compiling a_strnid.cc
[2788/2845] Compiling a_strex.cc
[2789/2845] Compiling a_octet.cc
[2790/2845] Compiling a_object.cc
[2791/2845] Compiling a_mbstr.cc
[2792/2845] Compiling a_int.cc
[2793/2845] Compiling a_i2d_fp.cc
[2794/2845] Compiling a_gentm.cc
[2795/2845] Compiling a_dup.cc
[2796/2845] Compiling a_d2i_fp.cc
[2797/2845] Compiling a_bool.cc
[2798/2845] Compiling a_bitstr.cc
[2799/2845] Compiling aes.cc
[2800/2845] Compiling CAsyncHTTPClient CAsyncHTTPClient.c
[2802/2846] Emitting module CryptoBoringWrapper
[2803/2854] Compiling CryptoBoringWrapper BoringSSLAEAD.swift
[2804/2854] Compiling CryptoBoringWrapper CryptoKitErrors_boring.swift
[2805/2854] Compiling CryptoBoringWrapper EllipticCurve.swift
[2806/2854] Compiling CryptoBoringWrapper EllipticCurvePoint.swift
[2807/2854] Compiling CryptoBoringWrapper ArbitraryPrecisionInteger.swift
[2808/2854] Compiling CryptoBoringWrapper FiniteFieldArithmeticContext.swift
[2809/2854] Compiling CryptoBoringWrapper RandomBytes.swift
[2810/2854] Compiling CryptoBoringWrapper resource_bundle_accessor.swift
[2810/2854] Compiling CArchive archive_swift_bridge.c
[2812/2855] Emitting module CryptoExtras
[2813/2879] Compiling CryptoExtras AES_CBC.swift
[2814/2879] Compiling CryptoExtras AES_CFB.swift
[2815/2879] Compiling CryptoExtras AES_CTR.swift
[2816/2879] Compiling CryptoExtras AES_GCM_SIV.swift
[2817/2879] Compiling CryptoExtras Block Function.swift
[2818/2879] Compiling CryptoExtras AES_CBC_boring.swift
[2819/2879] Compiling CryptoExtras AES_CFB_boring.swift
[2820/2879] Compiling CryptoExtras AES_CTR_boring.swift
[2821/2879] Compiling CryptoExtras AES_GCM_SIV_boring.swift
[2822/2879] Compiling CryptoExtras CMAC.swift
[2823/2879] Compiling CryptoExtras ARC+API.swift
[2824/2879] Compiling CryptoExtras ARC.swift
[2825/2879] Compiling CryptoExtras ARCCredential.swift
[2826/2879] Compiling CryptoExtras ARCEncoding.swift
[2827/2879] Compiling CryptoExtras ARCPrecredential.swift
[2828/2879] Compiling CryptoExtras ARCPresentation.swift
[2829/2879] Compiling CryptoExtras ARCRequest.swift
[2830/2879] Compiling CryptoExtras ARCResponse.swift
[2831/2879] Compiling CryptoExtras ARCServer.swift
[2832/2879] Compiling CryptoExtras ChaCha20CTR_boring.swift
[2833/2879] Compiling CryptoExtras ChaCha20CTR.swift
[2834/2879] Compiling CryptoExtras BoringSSLSHA512256Context.swift
[2835/2879] Compiling CryptoExtras BoringSSLSHA512256HashFunction.swift
[2836/2879] Compiling CryptoExtras SHA512256.swift
[2837/2902] Compiling CryptoExtras SHA512256Digest.swift
[2838/2902] Compiling CryptoExtras Curve25519+PEM.swift
[2839/2902] Compiling CryptoExtras ObjectIdentifier.swift
[2840/2902] Compiling CryptoExtras PKCS8DERRepresentation.swift
[2841/2902] Compiling CryptoExtras PKCS8PrivateKey.swift
[2842/2902] Compiling CryptoExtras RFC8410AlgorithmIdentifier.swift
[2843/2902] Compiling CryptoExtras ECToolbox_boring.swift
[2844/2902] Compiling CryptoExtras ECToolbox.swift
[2845/2902] Compiling CryptoExtras HashToField.swift
[2846/2902] Compiling CryptoExtras KDF.swift
[2847/2902] Compiling CryptoExtras PBKDF2_boring.swift
[2848/2902] Compiling CryptoExtras PBKDF2_commoncrypto.swift
[2849/2902] Compiling CryptoExtras PBKDF2.swift
[2850/2902] Compiling CryptoExtras Scrypt_boring.swift
[2851/2902] Compiling CryptoExtras Scrypt.swift
[2852/2902] Compiling CryptoExtras OPRF.swift
[2853/2902] Compiling CryptoExtras OPRFClient.swift
[2854/2902] Compiling CryptoExtras OPRFServer.swift
[2855/2902] Compiling CryptoExtras VOPRF+API.swift
[2856/2902] Compiling CryptoExtras VOPRFClient.swift
[2857/2902] Compiling CryptoExtras VOPRFServer.swift
[2858/2902] Compiling CryptoExtras BoringSSLPassphraseCallbackManager.swift
[2859/2902] Compiling CryptoExtras RSA+BlindSigning.swift
[2860/2925] Compiling CryptoExtras RSA.swift
[2861/2925] Compiling CryptoExtras RSA_boring.swift
[2862/2925] Compiling CryptoExtras Reexport.swift
[2863/2925] Compiling CryptoExtras Zeroization_boring.swift
[2864/2925] Compiling CryptoExtras BoringSSLHelpers.swift
[2865/2925] Compiling CryptoExtras CryptoKitErrors_boring.swift
[2866/2925] Compiling CryptoExtras Data+Extensions.swift
[2867/2925] Compiling CryptoExtras DigestType.swift
[2868/2925] Compiling CryptoExtras Error.swift
[2869/2925] Compiling CryptoExtras I2OSP.swift
[2870/2925] Compiling CryptoExtras IntegerEncoding.swift
[2871/2925] Compiling CryptoExtras PEMDocument.swift
[2872/2925] Compiling CryptoExtras PrettyBytes.swift
[2873/2925] Compiling CryptoExtras SubjectPublicKeyInfo.swift
[2874/2925] Compiling CryptoExtras ThreadOps.swift
[2875/2925] Compiling CryptoExtras ThreadPosix.swift
[2876/2925] Compiling CryptoExtras ThreadSpecific.swift
[2877/2925] Compiling CryptoExtras ThreadWindows.swift
[2878/2925] Compiling CryptoExtras DLEQ.swift
[2879/2925] Compiling CryptoExtras Prover.swift
[2880/2925] Compiling CryptoExtras Verifier.swift
[2881/2925] Compiling CryptoExtras ZKPToolbox.swift
[2882/2925] Compiling CryptoExtras resource_bundle_accessor.swift
[2882/2925] Write sources
[2884/2926] Emitting module _CryptoExtras
[2885/2927] Compiling _CryptoExtras Exports.swift
[2886/2928] Emitting module BitCollections
[2887/2948] Compiling BitCollections BinaryInteger extensions.swift
[2888/2948] Compiling BitCollections BitArray+BitwiseOperations.swift
[2889/2948] Compiling BitCollections BitArray+ChunkedBitsIterators.swift
[2890/2948] Compiling BitCollections BitArray+Codable.swift
[2891/2948] Compiling BitCollections BitArray+Collection.swift
[2892/2948] Compiling BitCollections BitArray+Copy.swift
[2893/2948] Compiling BitCollections BitArray+CustomReflectable.swift
[2894/2948] Compiling BitCollections BitArray+Descriptions.swift
[2895/2948] Compiling BitCollections BitArray+Equatable.swift
[2896/2948] Compiling BitCollections BitArray+ExpressibleByArrayLiteral.swift
[2897/2948] Compiling BitCollections BitArray+ExpressibleByStringLiteral.swift
[2898/2948] Compiling BitCollections BitArray+Extras.swift
[2899/2948] Compiling BitCollections BitArray+Fill.swift
[2900/2948] Compiling BitCollections BitArray+Hashable.swift
[2901/2948] Compiling BitCollections BitArray+Initializers.swift
[2902/2948] Compiling BitCollections BitArray+Invariants.swift
[2903/2948] Compiling BitCollections BitArray+LosslessStringConvertible.swift
[2904/2948] Compiling BitCollections BitArray+RandomBits.swift
[2905/2948] Compiling BitCollections BitArray+RangeReplaceableCollection.swift
[2906/2948] Compiling BitCollections BitArray+Shifts.swift
[2907/2968] Compiling BitCollections BitArray+Testing.swift
[2908/2968] Compiling BitCollections BitArray._UnsafeHandle.swift
[2909/2968] Compiling BitCollections BitArray.swift
[2910/2968] Compiling BitCollections BitSet+BidirectionalCollection.swift
[2911/2968] Compiling BitCollections BitSet+Codable.swift
[2912/2968] Compiling BitCollections BitSet+CustomDebugStringConvertible.swift
[2913/2968] Compiling BitCollections BitSet+CustomReflectable.swift
[2914/2968] Compiling BitCollections BitSet+CustomStringConvertible.swift
[2915/2968] Compiling BitCollections BitSet+Equatable.swift
[2916/2968] Compiling BitCollections BitSet+ExpressibleByArrayLiteral.swift
[2917/2968] Compiling BitCollections BitSet+Extras.swift
[2918/2968] Compiling BitCollections BitSet+Hashable.swift
[2919/2968] Compiling BitCollections BitSet+Initializers.swift
[2920/2968] Compiling BitCollections BitSet+Invariants.swift
[2921/2968] Compiling BitCollections BitSet+Random.swift
[2922/2968] Compiling BitCollections BitSet+SetAlgebra basics.swift
[2923/2968] Compiling BitCollections BitSet+SetAlgebra conformance.swift
[2924/2968] Compiling BitCollections BitSet+SetAlgebra formIntersection.swift
[2925/2968] Compiling BitCollections BitSet+SetAlgebra formSymmetricDifference.swift
[2926/2968] Compiling BitCollections BitSet+SetAlgebra formUnion.swift
[2927/2988] Compiling BitCollections BitSet+SetAlgebra intersection.swift
[2928/2988] Compiling BitCollections BitSet+SetAlgebra isDisjoint.swift
[2929/2988] Compiling BitCollections BitSet+SetAlgebra isEqualSet.swift
[2930/2988] Compiling BitCollections BitSet+SetAlgebra isStrictSubset.swift
[2931/2988] Compiling BitCollections BitSet+SetAlgebra isStrictSuperset.swift
[2932/2988] Compiling BitCollections BitSet+SetAlgebra isSubset.swift
[2933/2988] Compiling BitCollections BitSet+SetAlgebra isSuperset.swift
[2934/2988] Compiling BitCollections BitSet+SetAlgebra subtract.swift
[2935/2988] Compiling BitCollections BitSet+SetAlgebra subtracting.swift
[2936/2988] Compiling BitCollections BitSet+SetAlgebra symmetricDifference.swift
[2937/2988] Compiling BitCollections BitSet+SetAlgebra union.swift
[2938/2988] Compiling BitCollections BitSet+Sorted Collection APIs.swift
[2939/2988] Compiling BitCollections BitSet.Counted.swift
[2940/2988] Compiling BitCollections BitSet.Index.swift
[2941/2988] Compiling BitCollections BitSet._UnsafeHandle.swift
[2942/2988] Compiling BitCollections BitSet.swift
[2943/2988] Compiling BitCollections Range+Utilities.swift
[2944/2988] Compiling BitCollections Slice+Utilities.swift
[2945/2988] Compiling BitCollections UInt+Tricks.swift
[2946/2988] Compiling BitCollections _Word.swift
[2947/2989] Emitting module X509
[2948/3011] Compiling X509 CSRAttribute.swift
[2949/3011] Compiling X509 CSRAttributes.swift
[2950/3011] Compiling X509 CSRVersion.swift
[2951/3011] Compiling X509 CertificateSigningRequest.swift
[2952/3011] Compiling X509 CertificationRequestInfo.swift
[2953/3011] Compiling X509 ExtensionRequest.swift
[2954/3011] Compiling X509 Certificate.swift
[2955/3011] Compiling X509 CertificatePrivateKey.swift
[2956/3011] Compiling X509 CertificatePublicKey.swift
[2957/3011] Compiling X509 CertificateSerialNumber.swift
[2958/3011] Compiling X509 CertificateVersion.swift
[2959/3011] Compiling X509 CMSAttribute.swift
[2960/3011] Compiling X509 CMSContentInfo.swift
[2961/3011] Compiling X509 CMSEncapsulatedContentInfo.swift
[2962/3011] Compiling X509 CMSIssuerAndSerialNumber.swift
[2963/3011] Compiling X509 CMSOperations.swift
[2964/3011] Compiling X509 CMSSignature.swift
[2965/3011] Compiling X509 CMSSignedData.swift
[2966/3011] Compiling X509 CMSSignerIdentifier.swift
[2967/3011] Compiling X509 CMSSignerInfo.swift
[2968/3011] Compiling X509 CMSVersion.swift
[2969/3011] Compiling X509 Curve25519+DER.swift
[2970/3033] Compiling X509 CustomPrivateKey.swift
[2971/3033] Compiling X509 Digests.swift
[2972/3033] Compiling X509 DistinguishedName.swift
[2973/3033] Compiling X509 CommonName.swift
[2974/3033] Compiling X509 CountryName.swift
[2975/3033] Compiling X509 DNBuilder.swift
[2976/3033] Compiling X509 DomainComponent.swift
[2977/3033] Compiling X509 EmailAddress.swift
[2978/3033] Compiling X509 LocalityName.swift
[2979/3033] Compiling X509 OrganizationName.swift
[2980/3033] Compiling X509 OrganizationalUnitName.swift
[2981/3033] Compiling X509 StateOrProvinceName.swift
[2982/3033] Compiling X509 StreetAddress.swift
[2983/3033] Compiling X509 Error.swift
[2984/3033] Compiling X509 AuthorityInformationAccess.swift
[2985/3033] Compiling X509 AuthorityKeyIdentifier.swift
[2986/3033] Compiling X509 BasicConstraints.swift
[2987/3033] Compiling X509 ExtendedKeyUsage.swift
[2988/3033] Compiling X509 ExtensionIdentifiers.swift
[2989/3033] Compiling X509 KeyUsage.swift
[2990/3033] Compiling X509 NameConstraints.swift
[2991/3033] Compiling X509 SubjectAlternativeName.swift
[2992/3055] Compiling X509 SubjectKeyIdentifier.swift
[2993/3055] Compiling X509 Extension.swift
[2994/3055] Compiling X509 Extensions.swift
[2995/3055] Compiling X509 ExtensionsBuilder.swift
[2996/3055] Compiling X509 GeneralName.swift
[2997/3055] Compiling X509 Lock.swift
[2998/3055] Compiling X509 LockedValueBox.swift
[2999/3055] Compiling X509 BasicOCSPResponse.swift
[3000/3055] Compiling X509 DirectoryString.swift
[3001/3055] Compiling X509 OCSPCertID.swift
[3002/3055] Compiling X509 OCSPCertStatus.swift
[3003/3055] Compiling X509 OCSPExtensionID.swift
[3004/3055] Compiling X509 OCSPNonce.swift
[3005/3055] Compiling X509 OCSPPolicy.swift
[3006/3055] Compiling X509 OCSPRequest.swift
[3007/3055] Compiling X509 OCSPResponse.swift
[3008/3055] Compiling X509 OCSPResponseBytes.swift
[3009/3055] Compiling X509 OCSPResponseData.swift
[3010/3055] Compiling X509 OCSPResponseStatus.swift
[3011/3055] Compiling X509 OCSPSignature.swift
[3012/3055] Compiling X509 OCSPSingleRequest.swift
[3013/3055] Compiling X509 OCSPSingleResponse.swift
[3014/3076] Compiling X509 OCSPTBSRequest.swift
[3015/3076] Compiling X509 OCSPVersion.swift
[3016/3076] Compiling X509 PKCS8PrivateKey.swift
[3017/3076] Compiling X509 PromiseAndFuture.swift
[3018/3076] Compiling X509 RDNAttribute.swift
[3019/3076] Compiling X509 RandomNumberGenerator+bytes.swift
[3020/3076] Compiling X509 RelativeDistinguishedName.swift
[3021/3076] Compiling X509 SEC1PrivateKey.swift
[3022/3076] Compiling X509 SecKeyWrapper.swift
[3023/3076] Compiling X509 Signature.swift
[3024/3076] Compiling X509 SignatureAlgorithm.swift
[3025/3076] Compiling X509 AllOfPolicies.swift
[3026/3076] Compiling X509 AnyPolicy.swift
[3027/3076] Compiling X509 CertificateStore.swift
[3028/3076] Compiling X509 CustomCertificateStore.swift
[3029/3076] Compiling X509 OneOfPolicies.swift
[3030/3076] Compiling X509 PolicyBuilder.swift
[3031/3076] Compiling X509 BasicConstraintsPolicy.swift
[3032/3076] Compiling X509 DNSNames.swift
[3033/3076] Compiling X509 DirectoryNames.swift
[3034/3076] Compiling X509 ExpiryPolicy.swift
[3035/3097] Compiling X509 IPConstraints.swift
[3036/3097] Compiling X509 NameConstraintsPolicy.swift
[3037/3097] Compiling X509 RFC5280Policy.swift
[3038/3097] Compiling X509 URIConstraints.swift
[3039/3097] Compiling X509 VersionPolicy.swift
[3040/3097] Compiling X509 ServerIdentityPolicy.swift
[3041/3097] Compiling X509 TrustRootLoading.swift
[3042/3097] Compiling X509 UnverifiedChain.swift
[3043/3097] Compiling X509 ValidatedCertificateChain.swift
[3044/3097] Compiling X509 VerificationDiagnostic.swift
[3045/3097] Compiling X509 Verifier.swift
[3046/3097] Compiling X509 VerifierPolicy.swift
[3047/3097] Compiling X509 AlgorithmIdentifier.swift
[3048/3097] Compiling X509 ECDSASignature.swift
[3049/3097] Compiling X509 RSAPKCS1PublicKey.swift
[3050/3097] Compiling X509 SubjectPublicKeyInfo.swift
[3051/3097] Compiling X509 TBSCertificate.swift
[3052/3097] Compiling X509 Time.swift
[3053/3097] Compiling X509 TimeCalculations.swift
[3054/3097] Compiling X509 Validity.swift
[3055/3097] Compiling X509 X509SendableMetatype.swift
[3056/3098] Emitting module Collections
[3057/3103] Compiling Collections BitCollections reexports.swift
[3058/3103] Compiling Collections DequeModule reexports.swift
[3059/3103] Compiling Collections HashTreeCollections reexports.swift
[3060/3103] Compiling Collections HeapModule reexports.swift
[3061/3103] Compiling Collections OrderedCollections reexports.swift
[3062/3104] Emitting module HostwrightNetworkHelperCore
[3063/3124] Compiling HostwrightNetworkHelperCore CertificateIdentityStore.swift
[3064/3124] Compiling HostwrightNetworkHelperCore NetworkHelperCertificateCoordinator.swift
[3065/3124] Compiling HostwrightNetworkHelperCore NetworkHelperCertificateValidation.swift
[3066/3124] Compiling HostwrightNetworkHelperCore NetworkHelperClient.swift
[3067/3124] Compiling HostwrightNetworkHelperCore NetworkHelperExecutable.swift
[3068/3124] Compiling HostwrightNetworkHelperCore NetworkHelperHostAccessBroker.swift
[3069/3124] Compiling HostwrightNetworkHelperCore NetworkHelperHostAccessValidation.swift
[3070/3124] Compiling HostwrightNetworkHelperCore NetworkHelperIngressBroker.swift
[3071/3124] Compiling HostwrightNetworkHelperCore NetworkHelperIngressValidation.swift
[3072/3124] Compiling HostwrightNetworkHelperCore NetworkHelperMutualTLS.swift
[3073/3124] Compiling HostwrightNetworkHelperCore NetworkHelperPolicyBroker.swift
[3074/3124] Compiling HostwrightNetworkHelperCore NetworkHelperProtocol.swift
[3075/3124] Compiling HostwrightNetworkHelperCore NetworkHelperProviderCoordinator.swift
[3076/3124] Compiling HostwrightNetworkHelperCore NetworkHelperSecurity.swift
[3077/3124] Compiling HostwrightNetworkHelperCore NetworkHelperServer.swift
[3078/3124] Compiling HostwrightNetworkHelperCore NetworkHelperStateStore.swift
[3079/3124] Compiling HostwrightNetworkHelperCore NetworkHelperTLS.swift
[3080/3124] Compiling HostwrightNetworkHelperCore ServiceTunnelController.swift
[3081/3124] Compiling HostwrightNetworkHelperCore ServiceTunnelLifecycleManager.swift
[3082/3124] Compiling HostwrightNetworkHelperCore ServiceTunnelTransport.swift
[3083/3125] Emitting module HostwrightCluster
[3084/3137] Compiling HostwrightCluster ClusterCertificateLifecycle.swift
/SOURCE/Sources/HostwrightCluster/ClusterCertificateLifecycle.swift:1086:22: warning: 'SecKeychainCopyDefault' was deprecated in macOS 10.10: SecKeychain is deprecated [#DeprecatedDeclaration]
1084 |     static func productionDefault() throws -> ClusterCertificateKeychainStore {
1085 |         var keychain: SecKeychain?
1086 |         let status = SecKeychainCopyDefault(&keychain)
     |                      `- warning: 'SecKeychainCopyDefault' was deprecated in macOS 10.10: SecKeychain is deprecated [#DeprecatedDeclaration]
1087 |         guard status == errSecSuccess, let keychain else {
1088 |             throw status == errSecSuccess

/SOURCE/Sources/HostwrightCluster/ClusterCertificateLifecycle.swift:1110:26: warning: 'SecKeychainGetUserInteractionAllowed' was deprecated in macOS 10.10: SecKeychain is deprecated [#DeprecatedDeclaration]
1108 |
1109 |         var priorInteraction = DarwinBoolean(false)
1110 |         let readStatus = SecKeychainGetUserInteractionAllowed(&priorInteraction)
     |                          `- warning: 'SecKeychainGetUserInteractionAllowed' was deprecated in macOS 10.10: SecKeychain is deprecated [#DeprecatedDeclaration]
1111 |         guard readStatus == errSecSuccess else {
1112 |             throw Self.mapStatus(readStatus)

/SOURCE/Sources/HostwrightCluster/ClusterCertificateLifecycle.swift:1114:29: warning: 'SecKeychainSetUserInteractionAllowed' was deprecated in macOS 10.10: SecKeychain is deprecated [#DeprecatedDeclaration]
1112 |             throw Self.mapStatus(readStatus)
1113 |         }
1114 |         let disableStatus = SecKeychainSetUserInteractionAllowed(false)
     |                             `- warning: 'SecKeychainSetUserInteractionAllowed' was deprecated in macOS 10.10: SecKeychain is deprecated [#DeprecatedDeclaration]
1115 |         guard disableStatus == errSecSuccess else {
1116 |             throw Self.mapStatus(disableStatus)

/SOURCE/Sources/HostwrightCluster/ClusterCertificateLifecycle.swift:1127:29: warning: 'SecKeychainSetUserInteractionAllowed' was deprecated in macOS 10.10: SecKeychain is deprecated [#DeprecatedDeclaration]
1125 |         }
1126 |
1127 |         let restoreStatus = SecKeychainSetUserInteractionAllowed(
     |                             `- warning: 'SecKeychainSetUserInteractionAllowed' was deprecated in macOS 10.10: SecKeychain is deprecated [#DeprecatedDeclaration]
1128 |             priorInteraction.boolValue
1129 |         )

/SOURCE/Sources/HostwrightCluster/ClusterCertificateLifecycle.swift:1138:42: warning: 'kSecUseAuthenticationUIFail' was deprecated in macOS 11.0: Instead of kSecUseAuthenticationUI, use kSecUseAuthenticationContext and set LAContext.interactionNotAllowed property [#DeprecatedDeclaration]
1136 |     private func applyNonInteractiveLookup(to query: inout [CFString: Any]) {
1137 |         query[kSecUseAuthenticationContext] = authenticationContext
1138 |         query[kSecUseAuthenticationUI] = kSecUseAuthenticationUIFail
     |                                          `- warning: 'kSecUseAuthenticationUIFail' was deprecated in macOS 11.0: Instead of kSecUseAuthenticationUI, use kSecUseAuthenticationContext and set LAContext.interactionNotAllowed property [#DeprecatedDeclaration]
1139 |     }
1140 |

/SOURCE/Sources/HostwrightCluster/ClusterCertificateLifecycle.swift:2096:23: warning: treating a forced downcast to 'SecCertificate' as optional will never produce 'nil'
2094 |                 : Self.mapStatus(status)
2095 |         }
2096 |         return result as! SecCertificate
     |                |      | `- note: use 'as?' to perform a conditional downcast to 'SecCertificate'
     |                |      `- warning: treating a forced downcast to 'SecCertificate' as optional will never produce 'nil'
     |                `- note: add parentheses around the cast to silence this warning
2097 |     }
2098 |

/SOURCE/Sources/HostwrightCluster/ClusterCertificateLifecycle.swift:2263:22: warning: 'SecKeychainGetStatus' was deprecated in macOS 10.10: SecKeychain is deprecated [#DeprecatedDeclaration]
2261 |     private func requireUnlockedKeychain() throws {
2262 |         var keychainStatus: SecKeychainStatus = 0
2263 |         let status = SecKeychainGetStatus(keychain, &keychainStatus)
     |                      `- warning: 'SecKeychainGetStatus' was deprecated in macOS 10.10: SecKeychain is deprecated [#DeprecatedDeclaration]
2264 |         guard status == errSecSuccess else {
2265 |             throw Self.mapStatus(status)

[#DeprecatedDeclaration]: <https://docs.swift.org/compiler/documentation/diagnostics/deprecated-declaration>
[3085/3137] Compiling HostwrightCluster ClusterCertificateTrust.swift
/SOURCE/Sources/HostwrightCluster/ClusterCertificateLifecycle.swift:1086:22: warning: 'SecKeychainCopyDefault' was deprecated in macOS 10.10: SecKeychain is deprecated [#DeprecatedDeclaration]
1084 |     static func productionDefault() throws -> ClusterCertificateKeychainStore {
1085 |         var keychain: SecKeychain?
1086 |         let status = SecKeychainCopyDefault(&keychain)
     |                      `- warning: 'SecKeychainCopyDefault' was deprecated in macOS 10.10: SecKeychain is deprecated [#DeprecatedDeclaration]
1087 |         guard status == errSecSuccess, let keychain else {
1088 |             throw status == errSecSuccess

/SOURCE/Sources/HostwrightCluster/ClusterCertificateLifecycle.swift:1110:26: warning: 'SecKeychainGetUserInteractionAllowed' was deprecated in macOS 10.10: SecKeychain is deprecated [#DeprecatedDeclaration]
1108 |
1109 |         var priorInteraction = DarwinBoolean(false)
1110 |         let readStatus = SecKeychainGetUserInteractionAllowed(&priorInteraction)
     |                          `- warning: 'SecKeychainGetUserInteractionAllowed' was deprecated in macOS 10.10: SecKeychain is deprecated [#DeprecatedDeclaration]
1111 |         guard readStatus == errSecSuccess else {
1112 |             throw Self.mapStatus(readStatus)

/SOURCE/Sources/HostwrightCluster/ClusterCertificateLifecycle.swift:1114:29: warning: 'SecKeychainSetUserInteractionAllowed' was deprecated in macOS 10.10: SecKeychain is deprecated [#DeprecatedDeclaration]
1112 |             throw Self.mapStatus(readStatus)
1113 |         }
1114 |         let disableStatus = SecKeychainSetUserInteractionAllowed(false)
     |                             `- warning: 'SecKeychainSetUserInteractionAllowed' was deprecated in macOS 10.10: SecKeychain is deprecated [#DeprecatedDeclaration]
1115 |         guard disableStatus == errSecSuccess else {
1116 |             throw Self.mapStatus(disableStatus)

/SOURCE/Sources/HostwrightCluster/ClusterCertificateLifecycle.swift:1127:29: warning: 'SecKeychainSetUserInteractionAllowed' was deprecated in macOS 10.10: SecKeychain is deprecated [#DeprecatedDeclaration]
1125 |         }
1126 |
1127 |         let restoreStatus = SecKeychainSetUserInteractionAllowed(
     |                             `- warning: 'SecKeychainSetUserInteractionAllowed' was deprecated in macOS 10.10: SecKeychain is deprecated [#DeprecatedDeclaration]
1128 |             priorInteraction.boolValue
1129 |         )

/SOURCE/Sources/HostwrightCluster/ClusterCertificateLifecycle.swift:1138:42: warning: 'kSecUseAuthenticationUIFail' was deprecated in macOS 11.0: Instead of kSecUseAuthenticationUI, use kSecUseAuthenticationContext and set LAContext.interactionNotAllowed property [#DeprecatedDeclaration]
1136 |     private func applyNonInteractiveLookup(to query: inout [CFString: Any]) {
1137 |         query[kSecUseAuthenticationContext] = authenticationContext
1138 |         query[kSecUseAuthenticationUI] = kSecUseAuthenticationUIFail
     |                                          `- warning: 'kSecUseAuthenticationUIFail' was deprecated in macOS 11.0: Instead of kSecUseAuthenticationUI, use kSecUseAuthenticationContext and set LAContext.interactionNotAllowed property [#DeprecatedDeclaration]
1139 |     }
1140 |

/SOURCE/Sources/HostwrightCluster/ClusterCertificateLifecycle.swift:2096:23: warning: treating a forced downcast to 'SecCertificate' as optional will never produce 'nil'
2094 |                 : Self.mapStatus(status)
2095 |         }
2096 |         return result as! SecCertificate
     |                |      | `- note: use 'as?' to perform a conditional downcast to 'SecCertificate'
     |                |      `- warning: treating a forced downcast to 'SecCertificate' as optional will never produce 'nil'
     |                `- note: add parentheses around the cast to silence this warning
2097 |     }
2098 |

/SOURCE/Sources/HostwrightCluster/ClusterCertificateLifecycle.swift:2263:22: warning: 'SecKeychainGetStatus' was deprecated in macOS 10.10: SecKeychain is deprecated [#DeprecatedDeclaration]
2261 |     private func requireUnlockedKeychain() throws {
2262 |         var keychainStatus: SecKeychainStatus = 0
2263 |         let status = SecKeychainGetStatus(keychain, &keychainStatus)
     |                      `- warning: 'SecKeychainGetStatus' was deprecated in macOS 10.10: SecKeychain is deprecated [#DeprecatedDeclaration]
2264 |         guard status == errSecSuccess else {
2265 |             throw Self.mapStatus(status)

[#DeprecatedDeclaration]: <https://docs.swift.org/compiler/documentation/diagnostics/deprecated-declaration>
[3086/3137] Compiling HostwrightCluster ClusterControlPlaneLease.swift
/SOURCE/Sources/HostwrightCluster/ClusterCertificateLifecycle.swift:1086:22: warning: 'SecKeychainCopyDefault' was deprecated in macOS 10.10: SecKeychain is deprecated [#DeprecatedDeclaration]
1084 |     static func productionDefault() throws -> ClusterCertificateKeychainStore {
1085 |         var keychain: SecKeychain?
1086 |         let status = SecKeychainCopyDefault(&keychain)
     |                      `- warning: 'SecKeychainCopyDefault' was deprecated in macOS 10.10: SecKeychain is deprecated [#DeprecatedDeclaration]
1087 |         guard status == errSecSuccess, let keychain else {
1088 |             throw status == errSecSuccess

/SOURCE/Sources/HostwrightCluster/ClusterCertificateLifecycle.swift:1110:26: warning: 'SecKeychainGetUserInteractionAllowed' was deprecated in macOS 10.10: SecKeychain is deprecated [#DeprecatedDeclaration]
1108 |
1109 |         var priorInteraction = DarwinBoolean(false)
1110 |         let readStatus = SecKeychainGetUserInteractionAllowed(&priorInteraction)
     |                          `- warning: 'SecKeychainGetUserInteractionAllowed' was deprecated in macOS 10.10: SecKeychain is deprecated [#DeprecatedDeclaration]
1111 |         guard readStatus == errSecSuccess else {
1112 |             throw Self.mapStatus(readStatus)

/SOURCE/Sources/HostwrightCluster/ClusterCertificateLifecycle.swift:1114:29: warning: 'SecKeychainSetUserInteractionAllowed' was deprecated in macOS 10.10: SecKeychain is deprecated [#DeprecatedDeclaration]
1112 |             throw Self.mapStatus(readStatus)
1113 |         }
1114 |         let disableStatus = SecKeychainSetUserInteractionAllowed(false)
     |                             `- warning: 'SecKeychainSetUserInteractionAllowed' was deprecated in macOS 10.10: SecKeychain is deprecated [#DeprecatedDeclaration]
1115 |         guard disableStatus == errSecSuccess else {
1116 |             throw Self.mapStatus(disableStatus)

/SOURCE/Sources/HostwrightCluster/ClusterCertificateLifecycle.swift:1127:29: warning: 'SecKeychainSetUserInteractionAllowed' was deprecated in macOS 10.10: SecKeychain is deprecated [#DeprecatedDeclaration]
1125 |         }
1126 |
1127 |         let restoreStatus = SecKeychainSetUserInteractionAllowed(
     |                             `- warning: 'SecKeychainSetUserInteractionAllowed' was deprecated in macOS 10.10: SecKeychain is deprecated [#DeprecatedDeclaration]
1128 |             priorInteraction.boolValue
1129 |         )

/SOURCE/Sources/HostwrightCluster/ClusterCertificateLifecycle.swift:1138:42: warning: 'kSecUseAuthenticationUIFail' was deprecated in macOS 11.0: Instead of kSecUseAuthenticationUI, use kSecUseAuthenticationContext and set LAContext.interactionNotAllowed property [#DeprecatedDeclaration]
1136 |     private func applyNonInteractiveLookup(to query: inout [CFString: Any]) {
1137 |         query[kSecUseAuthenticationContext] = authenticationContext
1138 |         query[kSecUseAuthenticationUI] = kSecUseAuthenticationUIFail
     |                                          `- warning: 'kSecUseAuthenticationUIFail' was deprecated in macOS 11.0: Instead of kSecUseAuthenticationUI, use kSecUseAuthenticationContext and set LAContext.interactionNotAllowed property [#DeprecatedDeclaration]
1139 |     }
1140 |

/SOURCE/Sources/HostwrightCluster/ClusterCertificateLifecycle.swift:2096:23: warning: treating a forced downcast to 'SecCertificate' as optional will never produce 'nil'
2094 |                 : Self.mapStatus(status)
2095 |         }
2096 |         return result as! SecCertificate
     |                |      | `- note: use 'as?' to perform a conditional downcast to 'SecCertificate'
     |                |      `- warning: treating a forced downcast to 'SecCertificate' as optional will never produce 'nil'
     |                `- note: add parentheses around the cast to silence this warning
2097 |     }
2098 |

/SOURCE/Sources/HostwrightCluster/ClusterCertificateLifecycle.swift:2263:22: warning: 'SecKeychainGetStatus' was deprecated in macOS 10.10: SecKeychain is deprecated [#DeprecatedDeclaration]
2261 |     private func requireUnlockedKeychain() throws {
2262 |         var keychainStatus: SecKeychainStatus = 0
2263 |         let status = SecKeychainGetStatus(keychain, &keychainStatus)
     |                      `- warning: 'SecKeychainGetStatus' was deprecated in macOS 10.10: SecKeychain is deprecated [#DeprecatedDeclaration]
2264 |         guard status == errSecSuccess else {
2265 |             throw Self.mapStatus(status)

[#DeprecatedDeclaration]: <https://docs.swift.org/compiler/documentation/diagnostics/deprecated-declaration>
[3087/3137] Compiling HostwrightCluster ClusterMembership.swift
/SOURCE/Sources/HostwrightCluster/ClusterCertificateLifecycle.swift:1086:22: warning: 'SecKeychainCopyDefault' was deprecated in macOS 10.10: SecKeychain is deprecated [#DeprecatedDeclaration]
1084 |     static func productionDefault() throws -> ClusterCertificateKeychainStore {
1085 |         var keychain: SecKeychain?
1086 |         let status = SecKeychainCopyDefault(&keychain)
     |                      `- warning: 'SecKeychainCopyDefault' was deprecated in macOS 10.10: SecKeychain is deprecated [#DeprecatedDeclaration]
1087 |         guard status == errSecSuccess, let keychain else {
1088 |             throw status == errSecSuccess

/SOURCE/Sources/HostwrightCluster/ClusterCertificateLifecycle.swift:1110:26: warning: 'SecKeychainGetUserInteractionAllowed' was deprecated in macOS 10.10: SecKeychain is deprecated [#DeprecatedDeclaration]
1108 |
1109 |         var priorInteraction = DarwinBoolean(false)
1110 |         let readStatus = SecKeychainGetUserInteractionAllowed(&priorInteraction)
     |                          `- warning: 'SecKeychainGetUserInteractionAllowed' was deprecated in macOS 10.10: SecKeychain is deprecated [#DeprecatedDeclaration]
1111 |         guard readStatus == errSecSuccess else {
1112 |             throw Self.mapStatus(readStatus)

/SOURCE/Sources/HostwrightCluster/ClusterCertificateLifecycle.swift:1114:29: warning: 'SecKeychainSetUserInteractionAllowed' was deprecated in macOS 10.10: SecKeychain is deprecated [#DeprecatedDeclaration]
1112 |             throw Self.mapStatus(readStatus)
1113 |         }
1114 |         let disableStatus = SecKeychainSetUserInteractionAllowed(false)
     |                             `- warning: 'SecKeychainSetUserInteractionAllowed' was deprecated in macOS 10.10: SecKeychain is deprecated [#DeprecatedDeclaration]
1115 |         guard disableStatus == errSecSuccess else {
1116 |             throw Self.mapStatus(disableStatus)

/SOURCE/Sources/HostwrightCluster/ClusterCertificateLifecycle.swift:1127:29: warning: 'SecKeychainSetUserInteractionAllowed' was deprecated in macOS 10.10: SecKeychain is deprecated [#DeprecatedDeclaration]
1125 |         }
1126 |
1127 |         let restoreStatus = SecKeychainSetUserInteractionAllowed(
     |                             `- warning: 'SecKeychainSetUserInteractionAllowed' was deprecated in macOS 10.10: SecKeychain is deprecated [#DeprecatedDeclaration]
1128 |             priorInteraction.boolValue
1129 |         )

/SOURCE/Sources/HostwrightCluster/ClusterCertificateLifecycle.swift:1138:42: warning: 'kSecUseAuthenticationUIFail' was deprecated in macOS 11.0: Instead of kSecUseAuthenticationUI, use kSecUseAuthenticationContext and set LAContext.interactionNotAllowed property [#DeprecatedDeclaration]
1136 |     private func applyNonInteractiveLookup(to query: inout [CFString: Any]) {
1137 |         query[kSecUseAuthenticationContext] = authenticationContext
1138 |         query[kSecUseAuthenticationUI] = kSecUseAuthenticationUIFail
     |                                          `- warning: 'kSecUseAuthenticationUIFail' was deprecated in macOS 11.0: Instead of kSecUseAuthenticationUI, use kSecUseAuthenticationContext and set LAContext.interactionNotAllowed property [#DeprecatedDeclaration]
1139 |     }
1140 |

/SOURCE/Sources/HostwrightCluster/ClusterCertificateLifecycle.swift:2096:23: warning: treating a forced downcast to 'SecCertificate' as optional will never produce 'nil'
2094 |                 : Self.mapStatus(status)
2095 |         }
2096 |         return result as! SecCertificate
     |                |      | `- note: use 'as?' to perform a conditional downcast to 'SecCertificate'
     |                |      `- warning: treating a forced downcast to 'SecCertificate' as optional will never produce 'nil'
     |                `- note: add parentheses around the cast to silence this warning
2097 |     }
2098 |

/SOURCE/Sources/HostwrightCluster/ClusterCertificateLifecycle.swift:2263:22: warning: 'SecKeychainGetStatus' was deprecated in macOS 10.10: SecKeychain is deprecated [#DeprecatedDeclaration]
2261 |     private func requireUnlockedKeychain() throws {
2262 |         var keychainStatus: SecKeychainStatus = 0
2263 |         let status = SecKeychainGetStatus(keychain, &keychainStatus)
     |                      `- warning: 'SecKeychainGetStatus' was deprecated in macOS 10.10: SecKeychain is deprecated [#DeprecatedDeclaration]
2264 |         guard status == errSecSuccess else {
2265 |             throw Self.mapStatus(status)

[#DeprecatedDeclaration]: <https://docs.swift.org/compiler/documentation/diagnostics/deprecated-declaration>
[3088/3137] Compiling HostwrightCluster ClusterMutationFence.swift
/SOURCE/Sources/HostwrightCluster/ClusterCertificateLifecycle.swift:1086:22: warning: 'SecKeychainCopyDefault' was deprecated in macOS 10.10: SecKeychain is deprecated [#DeprecatedDeclaration]
1084 |     static func productionDefault() throws -> ClusterCertificateKeychainStore {
1085 |         var keychain: SecKeychain?
1086 |         let status = SecKeychainCopyDefault(&keychain)
     |                      `- warning: 'SecKeychainCopyDefault' was deprecated in macOS 10.10: SecKeychain is deprecated [#DeprecatedDeclaration]
1087 |         guard status == errSecSuccess, let keychain else {
1088 |             throw status == errSecSuccess

/SOURCE/Sources/HostwrightCluster/ClusterCertificateLifecycle.swift:1110:26: warning: 'SecKeychainGetUserInteractionAllowed' was deprecated in macOS 10.10: SecKeychain is deprecated [#DeprecatedDeclaration]
1108 |
1109 |         var priorInteraction = DarwinBoolean(false)
1110 |         let readStatus = SecKeychainGetUserInteractionAllowed(&priorInteraction)
     |                          `- warning: 'SecKeychainGetUserInteractionAllowed' was deprecated in macOS 10.10: SecKeychain is deprecated [#DeprecatedDeclaration]
1111 |         guard readStatus == errSecSuccess else {
1112 |             throw Self.mapStatus(readStatus)

/SOURCE/Sources/HostwrightCluster/ClusterCertificateLifecycle.swift:1114:29: warning: 'SecKeychainSetUserInteractionAllowed' was deprecated in macOS 10.10: SecKeychain is deprecated [#DeprecatedDeclaration]
1112 |             throw Self.mapStatus(readStatus)
1113 |         }
1114 |         let disableStatus = SecKeychainSetUserInteractionAllowed(false)
     |                             `- warning: 'SecKeychainSetUserInteractionAllowed' was deprecated in macOS 10.10: SecKeychain is deprecated [#DeprecatedDeclaration]
1115 |         guard disableStatus == errSecSuccess else {
1116 |             throw Self.mapStatus(disableStatus)

/SOURCE/Sources/HostwrightCluster/ClusterCertificateLifecycle.swift:1127:29: warning: 'SecKeychainSetUserInteractionAllowed' was deprecated in macOS 10.10: SecKeychain is deprecated [#DeprecatedDeclaration]
1125 |         }
1126 |
1127 |         let restoreStatus = SecKeychainSetUserInteractionAllowed(
     |                             `- warning: 'SecKeychainSetUserInteractionAllowed' was deprecated in macOS 10.10: SecKeychain is deprecated [#DeprecatedDeclaration]
1128 |             priorInteraction.boolValue
1129 |         )

/SOURCE/Sources/HostwrightCluster/ClusterCertificateLifecycle.swift:1138:42: warning: 'kSecUseAuthenticationUIFail' was deprecated in macOS 11.0: Instead of kSecUseAuthenticationUI, use kSecUseAuthenticationContext and set LAContext.interactionNotAllowed property [#DeprecatedDeclaration]
1136 |     private func applyNonInteractiveLookup(to query: inout [CFString: Any]) {
1137 |         query[kSecUseAuthenticationContext] = authenticationContext
1138 |         query[kSecUseAuthenticationUI] = kSecUseAuthenticationUIFail
     |                                          `- warning: 'kSecUseAuthenticationUIFail' was deprecated in macOS 11.0: Instead of kSecUseAuthenticationUI, use kSecUseAuthenticationContext and set LAContext.interactionNotAllowed property [#DeprecatedDeclaration]
1139 |     }
1140 |

/SOURCE/Sources/HostwrightCluster/ClusterCertificateLifecycle.swift:2096:23: warning: treating a forced downcast to 'SecCertificate' as optional will never produce 'nil'
2094 |                 : Self.mapStatus(status)
2095 |         }
2096 |         return result as! SecCertificate
     |                |      | `- note: use 'as?' to perform a conditional downcast to 'SecCertificate'
     |                |      `- warning: treating a forced downcast to 'SecCertificate' as optional will never produce 'nil'
     |                `- note: add parentheses around the cast to silence this warning
2097 |     }
2098 |

/SOURCE/Sources/HostwrightCluster/ClusterCertificateLifecycle.swift:2263:22: warning: 'SecKeychainGetStatus' was deprecated in macOS 10.10: SecKeychain is deprecated [#DeprecatedDeclaration]
2261 |     private func requireUnlockedKeychain() throws {
2262 |         var keychainStatus: SecKeychainStatus = 0
2263 |         let status = SecKeychainGetStatus(keychain, &keychainStatus)
     |                      `- warning: 'SecKeychainGetStatus' was deprecated in macOS 10.10: SecKeychain is deprecated [#DeprecatedDeclaration]
2264 |         guard status == errSecSuccess else {
2265 |             throw Self.mapStatus(status)

[#DeprecatedDeclaration]: <https://docs.swift.org/compiler/documentation/diagnostics/deprecated-declaration>
[3089/3137] Compiling HostwrightCluster ClusterNodeAgentTransportSecurity.swift
/SOURCE/Sources/HostwrightCluster/ClusterCertificateLifecycle.swift:1086:22: warning: 'SecKeychainCopyDefault' was deprecated in macOS 10.10: SecKeychain is deprecated [#DeprecatedDeclaration]
1084 |     static func productionDefault() throws -> ClusterCertificateKeychainStore {
1085 |         var keychain: SecKeychain?
1086 |         let status = SecKeychainCopyDefault(&keychain)
     |                      `- warning: 'SecKeychainCopyDefault' was deprecated in macOS 10.10: SecKeychain is deprecated [#DeprecatedDeclaration]
1087 |         guard status == errSecSuccess, let keychain else {
1088 |             throw status == errSecSuccess

/SOURCE/Sources/HostwrightCluster/ClusterCertificateLifecycle.swift:1110:26: warning: 'SecKeychainGetUserInteractionAllowed' was deprecated in macOS 10.10: SecKeychain is deprecated [#DeprecatedDeclaration]
1108 |
1109 |         var priorInteraction = DarwinBoolean(false)
1110 |         let readStatus = SecKeychainGetUserInteractionAllowed(&priorInteraction)
     |                          `- warning: 'SecKeychainGetUserInteractionAllowed' was deprecated in macOS 10.10: SecKeychain is deprecated [#DeprecatedDeclaration]
1111 |         guard readStatus == errSecSuccess else {
1112 |             throw Self.mapStatus(readStatus)

/SOURCE/Sources/HostwrightCluster/ClusterCertificateLifecycle.swift:1114:29: warning: 'SecKeychainSetUserInteractionAllowed' was deprecated in macOS 10.10: SecKeychain is deprecated [#DeprecatedDeclaration]
1112 |             throw Self.mapStatus(readStatus)
1113 |         }
1114 |         let disableStatus = SecKeychainSetUserInteractionAllowed(false)
     |                             `- warning: 'SecKeychainSetUserInteractionAllowed' was deprecated in macOS 10.10: SecKeychain is deprecated [#DeprecatedDeclaration]
1115 |         guard disableStatus == errSecSuccess else {
1116 |             throw Self.mapStatus(disableStatus)

/SOURCE/Sources/HostwrightCluster/ClusterCertificateLifecycle.swift:1127:29: warning: 'SecKeychainSetUserInteractionAllowed' was deprecated in macOS 10.10: SecKeychain is deprecated [#DeprecatedDeclaration]
1125 |         }
1126 |
1127 |         let restoreStatus = SecKeychainSetUserInteractionAllowed(
     |                             `- warning: 'SecKeychainSetUserInteractionAllowed' was deprecated in macOS 10.10: SecKeychain is deprecated [#DeprecatedDeclaration]
1128 |             priorInteraction.boolValue
1129 |         )

/SOURCE/Sources/HostwrightCluster/ClusterCertificateLifecycle.swift:1138:42: warning: 'kSecUseAuthenticationUIFail' was deprecated in macOS 11.0: Instead of kSecUseAuthenticationUI, use kSecUseAuthenticationContext and set LAContext.interactionNotAllowed property [#DeprecatedDeclaration]
1136 |     private func applyNonInteractiveLookup(to query: inout [CFString: Any]) {
1137 |         query[kSecUseAuthenticationContext] = authenticationContext
1138 |         query[kSecUseAuthenticationUI] = kSecUseAuthenticationUIFail
     |                                          `- warning: 'kSecUseAuthenticationUIFail' was deprecated in macOS 11.0: Instead of kSecUseAuthenticationUI, use kSecUseAuthenticationContext and set LAContext.interactionNotAllowed property [#DeprecatedDeclaration]
1139 |     }
1140 |

/SOURCE/Sources/HostwrightCluster/ClusterCertificateLifecycle.swift:2096:23: warning: treating a forced downcast to 'SecCertificate' as optional will never produce 'nil'
2094 |                 : Self.mapStatus(status)
2095 |         }
2096 |         return result as! SecCertificate
     |                |      | `- note: use 'as?' to perform a conditional downcast to 'SecCertificate'
     |                |      `- warning: treating a forced downcast to 'SecCertificate' as optional will never produce 'nil'
     |                `- note: add parentheses around the cast to silence this warning
2097 |     }
2098 |

/SOURCE/Sources/HostwrightCluster/ClusterCertificateLifecycle.swift:2263:22: warning: 'SecKeychainGetStatus' was deprecated in macOS 10.10: SecKeychain is deprecated [#DeprecatedDeclaration]
2261 |     private func requireUnlockedKeychain() throws {
2262 |         var keychainStatus: SecKeychainStatus = 0
2263 |         let status = SecKeychainGetStatus(keychain, &keychainStatus)
     |                      `- warning: 'SecKeychainGetStatus' was deprecated in macOS 10.10: SecKeychain is deprecated [#DeprecatedDeclaration]
2264 |         guard status == errSecSuccess else {
2265 |             throw Self.mapStatus(status)

[#DeprecatedDeclaration]: <https://docs.swift.org/compiler/documentation/diagnostics/deprecated-declaration>
[3090/3137] Compiling HostwrightCluster ClusterRemoteOperationAdmission.swift
/SOURCE/Sources/HostwrightCluster/ClusterCertificateLifecycle.swift:1086:22: warning: 'SecKeychainCopyDefault' was deprecated in macOS 10.10: SecKeychain is deprecated [#DeprecatedDeclaration]
1084 |     static func productionDefault() throws -> ClusterCertificateKeychainStore {
1085 |         var keychain: SecKeychain?
1086 |         let status = SecKeychainCopyDefault(&keychain)
     |                      `- warning: 'SecKeychainCopyDefault' was deprecated in macOS 10.10: SecKeychain is deprecated [#DeprecatedDeclaration]
1087 |         guard status == errSecSuccess, let keychain else {
1088 |             throw status == errSecSuccess

/SOURCE/Sources/HostwrightCluster/ClusterCertificateLifecycle.swift:1110:26: warning: 'SecKeychainGetUserInteractionAllowed' was deprecated in macOS 10.10: SecKeychain is deprecated [#DeprecatedDeclaration]
1108 |
1109 |         var priorInteraction = DarwinBoolean(false)
1110 |         let readStatus = SecKeychainGetUserInteractionAllowed(&priorInteraction)
     |                          `- warning: 'SecKeychainGetUserInteractionAllowed' was deprecated in macOS 10.10: SecKeychain is deprecated [#DeprecatedDeclaration]
1111 |         guard readStatus == errSecSuccess else {
1112 |             throw Self.mapStatus(readStatus)

/SOURCE/Sources/HostwrightCluster/ClusterCertificateLifecycle.swift:1114:29: warning: 'SecKeychainSetUserInteractionAllowed' was deprecated in macOS 10.10: SecKeychain is deprecated [#DeprecatedDeclaration]
1112 |             throw Self.mapStatus(readStatus)
1113 |         }
1114 |         let disableStatus = SecKeychainSetUserInteractionAllowed(false)
     |                             `- warning: 'SecKeychainSetUserInteractionAllowed' was deprecated in macOS 10.10: SecKeychain is deprecated [#DeprecatedDeclaration]
1115 |         guard disableStatus == errSecSuccess else {
1116 |             throw Self.mapStatus(disableStatus)

/SOURCE/Sources/HostwrightCluster/ClusterCertificateLifecycle.swift:1127:29: warning: 'SecKeychainSetUserInteractionAllowed' was deprecated in macOS 10.10: SecKeychain is deprecated [#DeprecatedDeclaration]
1125 |         }
1126 |
1127 |         let restoreStatus = SecKeychainSetUserInteractionAllowed(
     |                             `- warning: 'SecKeychainSetUserInteractionAllowed' was deprecated in macOS 10.10: SecKeychain is deprecated [#DeprecatedDeclaration]
1128 |             priorInteraction.boolValue
1129 |         )

/SOURCE/Sources/HostwrightCluster/ClusterCertificateLifecycle.swift:1138:42: warning: 'kSecUseAuthenticationUIFail' was deprecated in macOS 11.0: Instead of kSecUseAuthenticationUI, use kSecUseAuthenticationContext and set LAContext.interactionNotAllowed property [#DeprecatedDeclaration]
1136 |     private func applyNonInteractiveLookup(to query: inout [CFString: Any]) {
1137 |         query[kSecUseAuthenticationContext] = authenticationContext
1138 |         query[kSecUseAuthenticationUI] = kSecUseAuthenticationUIFail
     |                                          `- warning: 'kSecUseAuthenticationUIFail' was deprecated in macOS 11.0: Instead of kSecUseAuthenticationUI, use kSecUseAuthenticationContext and set LAContext.interactionNotAllowed property [#DeprecatedDeclaration]
1139 |     }
1140 |

/SOURCE/Sources/HostwrightCluster/ClusterCertificateLifecycle.swift:2096:23: warning: treating a forced downcast to 'SecCertificate' as optional will never produce 'nil'
2094 |                 : Self.mapStatus(status)
2095 |         }
2096 |         return result as! SecCertificate
     |                |      | `- note: use 'as?' to perform a conditional downcast to 'SecCertificate'
     |                |      `- warning: treating a forced downcast to 'SecCertificate' as optional will never produce 'nil'
     |                `- note: add parentheses around the cast to silence this warning
2097 |     }
2098 |

/SOURCE/Sources/HostwrightCluster/ClusterCertificateLifecycle.swift:2263:22: warning: 'SecKeychainGetStatus' was deprecated in macOS 10.10: SecKeychain is deprecated [#DeprecatedDeclaration]
2261 |     private func requireUnlockedKeychain() throws {
2262 |         var keychainStatus: SecKeychainStatus = 0
2263 |         let status = SecKeychainGetStatus(keychain, &keychainStatus)
     |                      `- warning: 'SecKeychainGetStatus' was deprecated in macOS 10.10: SecKeychain is deprecated [#DeprecatedDeclaration]
2264 |         guard status == errSecSuccess else {
2265 |             throw Self.mapStatus(status)

[#DeprecatedDeclaration]: <https://docs.swift.org/compiler/documentation/diagnostics/deprecated-declaration>
[3091/3137] Compiling HostwrightCluster ClusterReplicatedDesiredState.swift
/SOURCE/Sources/HostwrightCluster/ClusterCertificateLifecycle.swift:1086:22: warning: 'SecKeychainCopyDefault' was deprecated in macOS 10.10: SecKeychain is deprecated [#DeprecatedDeclaration]
1084 |     static func productionDefault() throws -> ClusterCertificateKeychainStore {
1085 |         var keychain: SecKeychain?
1086 |         let status = SecKeychainCopyDefault(&keychain)
     |                      `- warning: 'SecKeychainCopyDefault' was deprecated in macOS 10.10: SecKeychain is deprecated [#DeprecatedDeclaration]
1087 |         guard status == errSecSuccess, let keychain else {
1088 |             throw status == errSecSuccess

/SOURCE/Sources/HostwrightCluster/ClusterCertificateLifecycle.swift:1110:26: warning: 'SecKeychainGetUserInteractionAllowed' was deprecated in macOS 10.10: SecKeychain is deprecated [#DeprecatedDeclaration]
1108 |
1109 |         var priorInteraction = DarwinBoolean(false)
1110 |         let readStatus = SecKeychainGetUserInteractionAllowed(&priorInteraction)
     |                          `- warning: 'SecKeychainGetUserInteractionAllowed' was deprecated in macOS 10.10: SecKeychain is deprecated [#DeprecatedDeclaration]
1111 |         guard readStatus == errSecSuccess else {
1112 |             throw Self.mapStatus(readStatus)

/SOURCE/Sources/HostwrightCluster/ClusterCertificateLifecycle.swift:1114:29: warning: 'SecKeychainSetUserInteractionAllowed' was deprecated in macOS 10.10: SecKeychain is deprecated [#DeprecatedDeclaration]
1112 |             throw Self.mapStatus(readStatus)
1113 |         }
1114 |         let disableStatus = SecKeychainSetUserInteractionAllowed(false)
     |                             `- warning: 'SecKeychainSetUserInteractionAllowed' was deprecated in macOS 10.10: SecKeychain is deprecated [#DeprecatedDeclaration]
1115 |         guard disableStatus == errSecSuccess else {
1116 |             throw Self.mapStatus(disableStatus)

/SOURCE/Sources/HostwrightCluster/ClusterCertificateLifecycle.swift:1127:29: warning: 'SecKeychainSetUserInteractionAllowed' was deprecated in macOS 10.10: SecKeychain is deprecated [#DeprecatedDeclaration]
1125 |         }
1126 |
1127 |         let restoreStatus = SecKeychainSetUserInteractionAllowed(
     |                             `- warning: 'SecKeychainSetUserInteractionAllowed' was deprecated in macOS 10.10: SecKeychain is deprecated [#DeprecatedDeclaration]
1128 |             priorInteraction.boolValue
1129 |         )

/SOURCE/Sources/HostwrightCluster/ClusterCertificateLifecycle.swift:1138:42: warning: 'kSecUseAuthenticationUIFail' was deprecated in macOS 11.0: Instead of kSecUseAuthenticationUI, use kSecUseAuthenticationContext and set LAContext.interactionNotAllowed property [#DeprecatedDeclaration]
1136 |     private func applyNonInteractiveLookup(to query: inout [CFString: Any]) {
1137 |         query[kSecUseAuthenticationContext] = authenticationContext
1138 |         query[kSecUseAuthenticationUI] = kSecUseAuthenticationUIFail
     |                                          `- warning: 'kSecUseAuthenticationUIFail' was deprecated in macOS 11.0: Instead of kSecUseAuthenticationUI, use kSecUseAuthenticationContext and set LAContext.interactionNotAllowed property [#DeprecatedDeclaration]
1139 |     }
1140 |

/SOURCE/Sources/HostwrightCluster/ClusterCertificateLifecycle.swift:2096:23: warning: treating a forced downcast to 'SecCertificate' as optional will never produce 'nil'
2094 |                 : Self.mapStatus(status)
2095 |         }
2096 |         return result as! SecCertificate
     |                |      | `- note: use 'as?' to perform a conditional downcast to 'SecCertificate'
     |                |      `- warning: treating a forced downcast to 'SecCertificate' as optional will never produce 'nil'
     |                `- note: add parentheses around the cast to silence this warning
2097 |     }
2098 |

/SOURCE/Sources/HostwrightCluster/ClusterCertificateLifecycle.swift:2263:22: warning: 'SecKeychainGetStatus' was deprecated in macOS 10.10: SecKeychain is deprecated [#DeprecatedDeclaration]
2261 |     private func requireUnlockedKeychain() throws {
2262 |         var keychainStatus: SecKeychainStatus = 0
2263 |         let status = SecKeychainGetStatus(keychain, &keychainStatus)
     |                      `- warning: 'SecKeychainGetStatus' was deprecated in macOS 10.10: SecKeychain is deprecated [#DeprecatedDeclaration]
2264 |         guard status == errSecSuccess else {
2265 |             throw Self.mapStatus(status)

[#DeprecatedDeclaration]: <https://docs.swift.org/compiler/documentation/diagnostics/deprecated-declaration>
[3092/3137] Compiling HostwrightCluster ClusterSession.swift
/SOURCE/Sources/HostwrightCluster/ClusterCertificateLifecycle.swift:1086:22: warning: 'SecKeychainCopyDefault' was deprecated in macOS 10.10: SecKeychain is deprecated [#DeprecatedDeclaration]
1084 |     static func productionDefault() throws -> ClusterCertificateKeychainStore {
1085 |         var keychain: SecKeychain?
1086 |         let status = SecKeychainCopyDefault(&keychain)
     |                      `- warning: 'SecKeychainCopyDefault' was deprecated in macOS 10.10: SecKeychain is deprecated [#DeprecatedDeclaration]
1087 |         guard status == errSecSuccess, let keychain else {
1088 |             throw status == errSecSuccess

/SOURCE/Sources/HostwrightCluster/ClusterCertificateLifecycle.swift:1110:26: warning: 'SecKeychainGetUserInteractionAllowed' was deprecated in macOS 10.10: SecKeychain is deprecated [#DeprecatedDeclaration]
1108 |
1109 |         var priorInteraction = DarwinBoolean(false)
1110 |         let readStatus = SecKeychainGetUserInteractionAllowed(&priorInteraction)
     |                          `- warning: 'SecKeychainGetUserInteractionAllowed' was deprecated in macOS 10.10: SecKeychain is deprecated [#DeprecatedDeclaration]
1111 |         guard readStatus == errSecSuccess else {
1112 |             throw Self.mapStatus(readStatus)

/SOURCE/Sources/HostwrightCluster/ClusterCertificateLifecycle.swift:1114:29: warning: 'SecKeychainSetUserInteractionAllowed' was deprecated in macOS 10.10: SecKeychain is deprecated [#DeprecatedDeclaration]
1112 |             throw Self.mapStatus(readStatus)
1113 |         }
1114 |         let disableStatus = SecKeychainSetUserInteractionAllowed(false)
     |                             `- warning: 'SecKeychainSetUserInteractionAllowed' was deprecated in macOS 10.10: SecKeychain is deprecated [#DeprecatedDeclaration]
1115 |         guard disableStatus == errSecSuccess else {
1116 |             throw Self.mapStatus(disableStatus)

/SOURCE/Sources/HostwrightCluster/ClusterCertificateLifecycle.swift:1127:29: warning: 'SecKeychainSetUserInteractionAllowed' was deprecated in macOS 10.10: SecKeychain is deprecated [#DeprecatedDeclaration]
1125 |         }
1126 |
1127 |         let restoreStatus = SecKeychainSetUserInteractionAllowed(
     |                             `- warning: 'SecKeychainSetUserInteractionAllowed' was deprecated in macOS 10.10: SecKeychain is deprecated [#DeprecatedDeclaration]
1128 |             priorInteraction.boolValue
1129 |         )

/SOURCE/Sources/HostwrightCluster/ClusterCertificateLifecycle.swift:1138:42: warning: 'kSecUseAuthenticationUIFail' was deprecated in macOS 11.0: Instead of kSecUseAuthenticationUI, use kSecUseAuthenticationContext and set LAContext.interactionNotAllowed property [#DeprecatedDeclaration]
1136 |     private func applyNonInteractiveLookup(to query: inout [CFString: Any]) {
1137 |         query[kSecUseAuthenticationContext] = authenticationContext
1138 |         query[kSecUseAuthenticationUI] = kSecUseAuthenticationUIFail
     |                                          `- warning: 'kSecUseAuthenticationUIFail' was deprecated in macOS 11.0: Instead of kSecUseAuthenticationUI, use kSecUseAuthenticationContext and set LAContext.interactionNotAllowed property [#DeprecatedDeclaration]
1139 |     }
1140 |

/SOURCE/Sources/HostwrightCluster/ClusterCertificateLifecycle.swift:2096:23: warning: treating a forced downcast to 'SecCertificate' as optional will never produce 'nil'
2094 |                 : Self.mapStatus(status)
2095 |         }
2096 |         return result as! SecCertificate
     |                |      | `- note: use 'as?' to perform a conditional downcast to 'SecCertificate'
     |                |      `- warning: treating a forced downcast to 'SecCertificate' as optional will never produce 'nil'
     |                `- note: add parentheses around the cast to silence this warning
2097 |     }
2098 |

/SOURCE/Sources/HostwrightCluster/ClusterCertificateLifecycle.swift:2263:22: warning: 'SecKeychainGetStatus' was deprecated in macOS 10.10: SecKeychain is deprecated [#DeprecatedDeclaration]
2261 |     private func requireUnlockedKeychain() throws {
2262 |         var keychainStatus: SecKeychainStatus = 0
2263 |         let status = SecKeychainGetStatus(keychain, &keychainStatus)
     |                      `- warning: 'SecKeychainGetStatus' was deprecated in macOS 10.10: SecKeychain is deprecated [#DeprecatedDeclaration]
2264 |         guard status == errSecSuccess else {
2265 |             throw Self.mapStatus(status)

[#DeprecatedDeclaration]: <https://docs.swift.org/compiler/documentation/diagnostics/deprecated-declaration>
[3093/3137] Compiling HostwrightCluster ManagedEtcdArtifact.swift
/SOURCE/Sources/HostwrightCluster/ClusterCertificateLifecycle.swift:1086:22: warning: 'SecKeychainCopyDefault' was deprecated in macOS 10.10: SecKeychain is deprecated [#DeprecatedDeclaration]
1084 |     static func productionDefault() throws -> ClusterCertificateKeychainStore {
1085 |         var keychain: SecKeychain?
1086 |         let status = SecKeychainCopyDefault(&keychain)
     |                      `- warning: 'SecKeychainCopyDefault' was deprecated in macOS 10.10: SecKeychain is deprecated [#DeprecatedDeclaration]
1087 |         guard status == errSecSuccess, let keychain else {
1088 |             throw status == errSecSuccess

/SOURCE/Sources/HostwrightCluster/ClusterCertificateLifecycle.swift:1110:26: warning: 'SecKeychainGetUserInteractionAllowed' was deprecated in macOS 10.10: SecKeychain is deprecated [#DeprecatedDeclaration]
1108 |
1109 |         var priorInteraction = DarwinBoolean(false)
1110 |         let readStatus = SecKeychainGetUserInteractionAllowed(&priorInteraction)
     |                          `- warning: 'SecKeychainGetUserInteractionAllowed' was deprecated in macOS 10.10: SecKeychain is deprecated [#DeprecatedDeclaration]
1111 |         guard readStatus == errSecSuccess else {
1112 |             throw Self.mapStatus(readStatus)

/SOURCE/Sources/HostwrightCluster/ClusterCertificateLifecycle.swift:1114:29: warning: 'SecKeychainSetUserInteractionAllowed' was deprecated in macOS 10.10: SecKeychain is deprecated [#DeprecatedDeclaration]
1112 |             throw Self.mapStatus(readStatus)
1113 |         }
1114 |         let disableStatus = SecKeychainSetUserInteractionAllowed(false)
     |                             `- warning: 'SecKeychainSetUserInteractionAllowed' was deprecated in macOS 10.10: SecKeychain is deprecated [#DeprecatedDeclaration]
1115 |         guard disableStatus == errSecSuccess else {
1116 |             throw Self.mapStatus(disableStatus)

/SOURCE/Sources/HostwrightCluster/ClusterCertificateLifecycle.swift:1127:29: warning: 'SecKeychainSetUserInteractionAllowed' was deprecated in macOS 10.10: SecKeychain is deprecated [#DeprecatedDeclaration]
1125 |         }
1126 |
1127 |         let restoreStatus = SecKeychainSetUserInteractionAllowed(
     |                             `- warning: 'SecKeychainSetUserInteractionAllowed' was deprecated in macOS 10.10: SecKeychain is deprecated [#DeprecatedDeclaration]
1128 |             priorInteraction.boolValue
1129 |         )

/SOURCE/Sources/HostwrightCluster/ClusterCertificateLifecycle.swift:1138:42: warning: 'kSecUseAuthenticationUIFail' was deprecated in macOS 11.0: Instead of kSecUseAuthenticationUI, use kSecUseAuthenticationContext and set LAContext.interactionNotAllowed property [#DeprecatedDeclaration]
1136 |     private func applyNonInteractiveLookup(to query: inout [CFString: Any]) {
1137 |         query[kSecUseAuthenticationContext] = authenticationContext
1138 |         query[kSecUseAuthenticationUI] = kSecUseAuthenticationUIFail
     |                                          `- warning: 'kSecUseAuthenticationUIFail' was deprecated in macOS 11.0: Instead of kSecUseAuthenticationUI, use kSecUseAuthenticationContext and set LAContext.interactionNotAllowed property [#DeprecatedDeclaration]
1139 |     }
1140 |

/SOURCE/Sources/HostwrightCluster/ClusterCertificateLifecycle.swift:2096:23: warning: treating a forced downcast to 'SecCertificate' as optional will never produce 'nil'
2094 |                 : Self.mapStatus(status)
2095 |         }
2096 |         return result as! SecCertificate
     |                |      | `- note: use 'as?' to perform a conditional downcast to 'SecCertificate'
     |                |      `- warning: treating a forced downcast to 'SecCertificate' as optional will never produce 'nil'
     |                `- note: add parentheses around the cast to silence this warning
2097 |     }
2098 |

/SOURCE/Sources/HostwrightCluster/ClusterCertificateLifecycle.swift:2263:22: warning: 'SecKeychainGetStatus' was deprecated in macOS 10.10: SecKeychain is deprecated [#DeprecatedDeclaration]
2261 |     private func requireUnlockedKeychain() throws {
2262 |         var keychainStatus: SecKeychainStatus = 0
2263 |         let status = SecKeychainGetStatus(keychain, &keychainStatus)
     |                      `- warning: 'SecKeychainGetStatus' was deprecated in macOS 10.10: SecKeychain is deprecated [#DeprecatedDeclaration]
2264 |         guard status == errSecSuccess else {
2265 |             throw Self.mapStatus(status)

[#DeprecatedDeclaration]: <https://docs.swift.org/compiler/documentation/diagnostics/deprecated-declaration>
[3094/3137] Compiling HostwrightCluster ManagedEtcdRuntime.swift
/SOURCE/Sources/HostwrightCluster/ClusterCertificateLifecycle.swift:1086:22: warning: 'SecKeychainCopyDefault' was deprecated in macOS 10.10: SecKeychain is deprecated [#DeprecatedDeclaration]
1084 |     static func productionDefault() throws -> ClusterCertificateKeychainStore {
1085 |         var keychain: SecKeychain?
1086 |         let status = SecKeychainCopyDefault(&keychain)
     |                      `- warning: 'SecKeychainCopyDefault' was deprecated in macOS 10.10: SecKeychain is deprecated [#DeprecatedDeclaration]
1087 |         guard status == errSecSuccess, let keychain else {
1088 |             throw status == errSecSuccess

/SOURCE/Sources/HostwrightCluster/ClusterCertificateLifecycle.swift:1110:26: warning: 'SecKeychainGetUserInteractionAllowed' was deprecated in macOS 10.10: SecKeychain is deprecated [#DeprecatedDeclaration]
1108 |
1109 |         var priorInteraction = DarwinBoolean(false)
1110 |         let readStatus = SecKeychainGetUserInteractionAllowed(&priorInteraction)
     |                          `- warning: 'SecKeychainGetUserInteractionAllowed' was deprecated in macOS 10.10: SecKeychain is deprecated [#DeprecatedDeclaration]
1111 |         guard readStatus == errSecSuccess else {
1112 |             throw Self.mapStatus(readStatus)

/SOURCE/Sources/HostwrightCluster/ClusterCertificateLifecycle.swift:1114:29: warning: 'SecKeychainSetUserInteractionAllowed' was deprecated in macOS 10.10: SecKeychain is deprecated [#DeprecatedDeclaration]
1112 |             throw Self.mapStatus(readStatus)
1113 |         }
1114 |         let disableStatus = SecKeychainSetUserInteractionAllowed(false)
     |                             `- warning: 'SecKeychainSetUserInteractionAllowed' was deprecated in macOS 10.10: SecKeychain is deprecated [#DeprecatedDeclaration]
1115 |         guard disableStatus == errSecSuccess else {
1116 |             throw Self.mapStatus(disableStatus)

/SOURCE/Sources/HostwrightCluster/ClusterCertificateLifecycle.swift:1127:29: warning: 'SecKeychainSetUserInteractionAllowed' was deprecated in macOS 10.10: SecKeychain is deprecated [#DeprecatedDeclaration]
1125 |         }
1126 |
1127 |         let restoreStatus = SecKeychainSetUserInteractionAllowed(
     |                             `- warning: 'SecKeychainSetUserInteractionAllowed' was deprecated in macOS 10.10: SecKeychain is deprecated [#DeprecatedDeclaration]
1128 |             priorInteraction.boolValue
1129 |         )

/SOURCE/Sources/HostwrightCluster/ClusterCertificateLifecycle.swift:1138:42: warning: 'kSecUseAuthenticationUIFail' was deprecated in macOS 11.0: Instead of kSecUseAuthenticationUI, use kSecUseAuthenticationContext and set LAContext.interactionNotAllowed property [#DeprecatedDeclaration]
1136 |     private func applyNonInteractiveLookup(to query: inout [CFString: Any]) {
1137 |         query[kSecUseAuthenticationContext] = authenticationContext
1138 |         query[kSecUseAuthenticationUI] = kSecUseAuthenticationUIFail
     |                                          `- warning: 'kSecUseAuthenticationUIFail' was deprecated in macOS 11.0: Instead of kSecUseAuthenticationUI, use kSecUseAuthenticationContext and set LAContext.interactionNotAllowed property [#DeprecatedDeclaration]
1139 |     }
1140 |

/SOURCE/Sources/HostwrightCluster/ClusterCertificateLifecycle.swift:2096:23: warning: treating a forced downcast to 'SecCertificate' as optional will never produce 'nil'
2094 |                 : Self.mapStatus(status)
2095 |         }
2096 |         return result as! SecCertificate
     |                |      | `- note: use 'as?' to perform a conditional downcast to 'SecCertificate'
     |                |      `- warning: treating a forced downcast to 'SecCertificate' as optional will never produce 'nil'
     |                `- note: add parentheses around the cast to silence this warning
2097 |     }
2098 |

/SOURCE/Sources/HostwrightCluster/ClusterCertificateLifecycle.swift:2263:22: warning: 'SecKeychainGetStatus' was deprecated in macOS 10.10: SecKeychain is deprecated [#DeprecatedDeclaration]
2261 |     private func requireUnlockedKeychain() throws {
2262 |         var keychainStatus: SecKeychainStatus = 0
2263 |         let status = SecKeychainGetStatus(keychain, &keychainStatus)
     |                      `- warning: 'SecKeychainGetStatus' was deprecated in macOS 10.10: SecKeychain is deprecated [#DeprecatedDeclaration]
2264 |         guard status == errSecSuccess else {
2265 |             throw Self.mapStatus(status)

[#DeprecatedDeclaration]: <https://docs.swift.org/compiler/documentation/diagnostics/deprecated-declaration>
[3095/3137] Compiling HostwrightCluster NodeAgentTransport.swift
/SOURCE/Sources/HostwrightCluster/ClusterCertificateLifecycle.swift:1086:22: warning: 'SecKeychainCopyDefault' was deprecated in macOS 10.10: SecKeychain is deprecated [#DeprecatedDeclaration]
1084 |     static func productionDefault() throws -> ClusterCertificateKeychainStore {
1085 |         var keychain: SecKeychain?
1086 |         let status = SecKeychainCopyDefault(&keychain)
     |                      `- warning: 'SecKeychainCopyDefault' was deprecated in macOS 10.10: SecKeychain is deprecated [#DeprecatedDeclaration]
1087 |         guard status == errSecSuccess, let keychain else {
1088 |             throw status == errSecSuccess

/SOURCE/Sources/HostwrightCluster/ClusterCertificateLifecycle.swift:1110:26: warning: 'SecKeychainGetUserInteractionAllowed' was deprecated in macOS 10.10: SecKeychain is deprecated [#DeprecatedDeclaration]
1108 |
1109 |         var priorInteraction = DarwinBoolean(false)
1110 |         let readStatus = SecKeychainGetUserInteractionAllowed(&priorInteraction)
     |                          `- warning: 'SecKeychainGetUserInteractionAllowed' was deprecated in macOS 10.10: SecKeychain is deprecated [#DeprecatedDeclaration]
1111 |         guard readStatus == errSecSuccess else {
1112 |             throw Self.mapStatus(readStatus)

/SOURCE/Sources/HostwrightCluster/ClusterCertificateLifecycle.swift:1114:29: warning: 'SecKeychainSetUserInteractionAllowed' was deprecated in macOS 10.10: SecKeychain is deprecated [#DeprecatedDeclaration]
1112 |             throw Self.mapStatus(readStatus)
1113 |         }
1114 |         let disableStatus = SecKeychainSetUserInteractionAllowed(false)
     |                             `- warning: 'SecKeychainSetUserInteractionAllowed' was deprecated in macOS 10.10: SecKeychain is deprecated [#DeprecatedDeclaration]
1115 |         guard disableStatus == errSecSuccess else {
1116 |             throw Self.mapStatus(disableStatus)

/SOURCE/Sources/HostwrightCluster/ClusterCertificateLifecycle.swift:1127:29: warning: 'SecKeychainSetUserInteractionAllowed' was deprecated in macOS 10.10: SecKeychain is deprecated [#DeprecatedDeclaration]
1125 |         }
1126 |
1127 |         let restoreStatus = SecKeychainSetUserInteractionAllowed(
     |                             `- warning: 'SecKeychainSetUserInteractionAllowed' was deprecated in macOS 10.10: SecKeychain is deprecated [#DeprecatedDeclaration]
1128 |             priorInteraction.boolValue
1129 |         )

/SOURCE/Sources/HostwrightCluster/ClusterCertificateLifecycle.swift:1138:42: warning: 'kSecUseAuthenticationUIFail' was deprecated in macOS 11.0: Instead of kSecUseAuthenticationUI, use kSecUseAuthenticationContext and set LAContext.interactionNotAllowed property [#DeprecatedDeclaration]
1136 |     private func applyNonInteractiveLookup(to query: inout [CFString: Any]) {
1137 |         query[kSecUseAuthenticationContext] = authenticationContext
1138 |         query[kSecUseAuthenticationUI] = kSecUseAuthenticationUIFail
     |                                          `- warning: 'kSecUseAuthenticationUIFail' was deprecated in macOS 11.0: Instead of kSecUseAuthenticationUI, use kSecUseAuthenticationContext and set LAContext.interactionNotAllowed property [#DeprecatedDeclaration]
1139 |     }
1140 |

/SOURCE/Sources/HostwrightCluster/ClusterCertificateLifecycle.swift:2096:23: warning: treating a forced downcast to 'SecCertificate' as optional will never produce 'nil'
2094 |                 : Self.mapStatus(status)
2095 |         }
2096 |         return result as! SecCertificate
     |                |      | `- note: use 'as?' to perform a conditional downcast to 'SecCertificate'
     |                |      `- warning: treating a forced downcast to 'SecCertificate' as optional will never produce 'nil'
     |                `- note: add parentheses around the cast to silence this warning
2097 |     }
2098 |

/SOURCE/Sources/HostwrightCluster/ClusterCertificateLifecycle.swift:2263:22: warning: 'SecKeychainGetStatus' was deprecated in macOS 10.10: SecKeychain is deprecated [#DeprecatedDeclaration]
2261 |     private func requireUnlockedKeychain() throws {
2262 |         var keychainStatus: SecKeychainStatus = 0
2263 |         let status = SecKeychainGetStatus(keychain, &keychainStatus)
     |                      `- warning: 'SecKeychainGetStatus' was deprecated in macOS 10.10: SecKeychain is deprecated [#DeprecatedDeclaration]
2264 |         guard status == errSecSuccess else {
2265 |             throw Self.mapStatus(status)

[#DeprecatedDeclaration]: <https://docs.swift.org/compiler/documentation/diagnostics/deprecated-declaration>
[3096/3138] Emitting module HostwrightTunnelQualificationTool
[3097/3139] Compiling HostwrightTunnelQualificationTool main.swift
[3098/3140] Emitting module HostwrightPodSandbox
[3099/3149] Compiling HostwrightPodSandbox GuestAgentClusterSessionAuthentication.swift
[3100/3149] Compiling HostwrightPodSandbox GuestAgentFrameCodec.swift
[3101/3149] Compiling HostwrightPodSandbox GuestAgentNodeAgentTransport.swift
[3102/3149] Compiling HostwrightPodSandbox GuestAgentProtocol.swift
[3103/3149] Compiling HostwrightPodSandbox GuestAgentServer.swift
[3104/3149] Compiling HostwrightPodSandbox KubernetesResourceAdmission.swift
[3105/3149] Compiling HostwrightPodSandbox PodSandboxLifecycle.swift
[3106/3149] Compiling HostwrightPodSandbox PodSandboxModels.swift
[3107/3149] Compiling HostwrightPodSandbox PodSandboxRecoveryStore.swift
[3108/3150] Emitting module HostwrightNetworkHelperTests
[3109/3163] Compiling HostwrightNetworkHelperTests CertificateIdentityStoreTests.swift
[3110/3163] Compiling HostwrightNetworkHelperTests CryptoPublicKeyParsingRegressionTests.swift
[3111/3163] Compiling HostwrightNetworkHelperTests NetworkHelperClientTests.swift
[3112/3163] Compiling HostwrightNetworkHelperTests NetworkHelperIngressBrokerTests.swift
[3113/3163] Compiling HostwrightNetworkHelperTests NetworkHelperIngressExposureValidationTests.swift
[3114/3163] Compiling HostwrightNetworkHelperTests NetworkHelperMutualTLSTests.swift
[3115/3163] Compiling HostwrightNetworkHelperTests NetworkHelperProviderCoordinatorTests.swift
[3116/3163] Compiling HostwrightNetworkHelperTests NetworkHelperTests.swift
[3117/3163] Compiling HostwrightNetworkHelperTests Phase07LANExposureLiveTests.swift
[3118/3163] Compiling HostwrightNetworkHelperTests ServiceTunnelControllerTests.swift
[3119/3163] Compiling HostwrightNetworkHelperTests ServiceTunnelLifecycleManagerTests.swift
[3120/3163] Compiling HostwrightNetworkHelperTests ServiceTunnelTahoeVMHarnessTests.swift
[3121/3163] Compiling HostwrightNetworkHelperTests ServiceTunnelTransportTests.swift
[3122/3164] Emitting module HostwrightPodSandboxGuest
[3123/3165] Compiling HostwrightPodSandboxGuest main.swift
[3124/3166] Emitting module HostwrightNetworkHelper
[3125/3167] Compiling HostwrightNetworkHelper NetworkHelperMain.swift
[3126/3168] Emitting module HostwrightCLI
[3127/3188] Compiling HostwrightCLI ApplyCommand.swift
[3128/3188] Compiling HostwrightCLI ApplyCommandExecution.swift
[3129/3188] Compiling HostwrightCLI ApplyCommandPersistence.swift
[3130/3188] Compiling HostwrightCLI ApplyCommandRecovery.swift
[3131/3188] Compiling HostwrightCLI ApplyCommandSupport.swift
[3132/3188] Compiling HostwrightCLI ApplyLifecycleCompatibility.swift
[3133/3188] Compiling HostwrightCLI BenchmarkCommand.swift
[3134/3188] Compiling HostwrightCLI BenchmarkSession.swift
[3135/3188] Compiling HostwrightCLI CLICommand.swift
[3136/3188] Compiling HostwrightCLI CLIControlAuthorizationScope.swift
[3137/3188] Compiling HostwrightCLI CLIEnvironment.swift
[3138/3188] Compiling HostwrightCLI CLIUtilities.swift
[3139/3188] Compiling HostwrightCLI CleanupCommand.swift
[3140/3188] Compiling HostwrightCLI ControlIdentityBootstrap.swift
[3141/3188] Compiling HostwrightCLI ControlRuntimeStreamDriver.swift
[3142/3188] Compiling HostwrightCLI DaemonLifecycleCommand.swift
[3143/3188] Compiling HostwrightCLI DiagnosticsCommand.swift
[3144/3188] Compiling HostwrightCLI EventsCommand.swift
[3145/3188] Compiling HostwrightCLI HostwrightCLI.swift
[3146/3188] Compiling HostwrightCLI ImageCacheCommandRunner.swift
[3147/3208] Compiling HostwrightCLI ImageCachePolicy.swift
/SOURCE/Sources/HostwrightCLI/LifecycleLiveDriver.swift:7412:50: warning: result of call to 'admit(manifest:subjectID:profileResolution:)' is unused [#no-usage]
7410 |                     service, resolution: resolution, snapshot: capability)
7411 |             }
7412 |             try ManifestSchedulerAdmissionBridge.admit(
     |                                                  `- warning: result of call to 'admit(manifest:subjectID:profileResolution:)' is unused [#no-usage]
7413 |                 manifest: manifest,
7414 |                 subjectID: "owner",

/SOURCE/Sources/HostwrightCLI/LifecycleLiveDriver.swift:7440:50: warning: result of call to 'admit(manifest:subjectID:profileResolution:)' is unused [#no-usage]
7438 |     } else {
7439 |         do {
7440 |             try ManifestSchedulerAdmissionBridge.admit(
     |                                                  `- warning: result of call to 'admit(manifest:subjectID:profileResolution:)' is unused [#no-usage]
7441 |                 manifest: manifest,
7442 |                 subjectID: "owner"
[3148/3208] Compiling HostwrightCLI ImageCommand.swift
/SOURCE/Sources/HostwrightCLI/LifecycleLiveDriver.swift:7412:50: warning: result of call to 'admit(manifest:subjectID:profileResolution:)' is unused [#no-usage]
7410 |                     service, resolution: resolution, snapshot: capability)
7411 |             }
7412 |             try ManifestSchedulerAdmissionBridge.admit(
     |                                                  `- warning: result of call to 'admit(manifest:subjectID:profileResolution:)' is unused [#no-usage]
7413 |                 manifest: manifest,
7414 |                 subjectID: "owner",

/SOURCE/Sources/HostwrightCLI/LifecycleLiveDriver.swift:7440:50: warning: result of call to 'admit(manifest:subjectID:profileResolution:)' is unused [#no-usage]
7438 |     } else {
7439 |         do {
7440 |             try ManifestSchedulerAdmissionBridge.admit(
     |                                                  `- warning: result of call to 'admit(manifest:subjectID:profileResolution:)' is unused [#no-usage]
7441 |                 manifest: manifest,
7442 |                 subjectID: "owner"
[3149/3208] Compiling HostwrightCLI ImageCommandRunner.swift
/SOURCE/Sources/HostwrightCLI/LifecycleLiveDriver.swift:7412:50: warning: result of call to 'admit(manifest:subjectID:profileResolution:)' is unused [#no-usage]
7410 |                     service, resolution: resolution, snapshot: capability)
7411 |             }
7412 |             try ManifestSchedulerAdmissionBridge.admit(
     |                                                  `- warning: result of call to 'admit(manifest:subjectID:profileResolution:)' is unused [#no-usage]
7413 |                 manifest: manifest,
7414 |                 subjectID: "owner",

/SOURCE/Sources/HostwrightCLI/LifecycleLiveDriver.swift:7440:50: warning: result of call to 'admit(manifest:subjectID:profileResolution:)' is unused [#no-usage]
7438 |     } else {
7439 |         do {
7440 |             try ManifestSchedulerAdmissionBridge.admit(
     |                                                  `- warning: result of call to 'admit(manifest:subjectID:profileResolution:)' is unused [#no-usage]
7441 |                 manifest: manifest,
7442 |                 subjectID: "owner"
[3150/3208] Compiling HostwrightCLI ImageLifecycleCoordinator.swift
/SOURCE/Sources/HostwrightCLI/LifecycleLiveDriver.swift:7412:50: warning: result of call to 'admit(manifest:subjectID:profileResolution:)' is unused [#no-usage]
7410 |                     service, resolution: resolution, snapshot: capability)
7411 |             }
7412 |             try ManifestSchedulerAdmissionBridge.admit(
     |                                                  `- warning: result of call to 'admit(manifest:subjectID:profileResolution:)' is unused [#no-usage]
7413 |                 manifest: manifest,
7414 |                 subjectID: "owner",

/SOURCE/Sources/HostwrightCLI/LifecycleLiveDriver.swift:7440:50: warning: result of call to 'admit(manifest:subjectID:profileResolution:)' is unused [#no-usage]
7438 |     } else {
7439 |         do {
7440 |             try ManifestSchedulerAdmissionBridge.admit(
     |                                                  `- warning: result of call to 'admit(manifest:subjectID:profileResolution:)' is unused [#no-usage]
7441 |                 manifest: manifest,
7442 |                 subjectID: "owner"
[3151/3208] Compiling HostwrightCLI ImagePersistedRecoveryDriver.swift
/SOURCE/Sources/HostwrightCLI/LifecycleLiveDriver.swift:7412:50: warning: result of call to 'admit(manifest:subjectID:profileResolution:)' is unused [#no-usage]
7410 |                     service, resolution: resolution, snapshot: capability)
7411 |             }
7412 |             try ManifestSchedulerAdmissionBridge.admit(
     |                                                  `- warning: result of call to 'admit(manifest:subjectID:profileResolution:)' is unused [#no-usage]
7413 |                 manifest: manifest,
7414 |                 subjectID: "owner",

/SOURCE/Sources/HostwrightCLI/LifecycleLiveDriver.swift:7440:50: warning: result of call to 'admit(manifest:subjectID:profileResolution:)' is unused [#no-usage]
7438 |     } else {
7439 |         do {
7440 |             try ManifestSchedulerAdmissionBridge.admit(
     |                                                  `- warning: result of call to 'admit(manifest:subjectID:profileResolution:)' is unused [#no-usage]
7441 |                 manifest: manifest,
7442 |                 subjectID: "owner"
[3152/3208] Compiling HostwrightCLI ImageProvenancePolicyMapping.swift
/SOURCE/Sources/HostwrightCLI/LifecycleLiveDriver.swift:7412:50: warning: result of call to 'admit(manifest:subjectID:profileResolution:)' is unused [#no-usage]
7410 |                     service, resolution: resolution, snapshot: capability)
7411 |             }
7412 |             try ManifestSchedulerAdmissionBridge.admit(
     |                                                  `- warning: result of call to 'admit(manifest:subjectID:profileResolution:)' is unused [#no-usage]
7413 |                 manifest: manifest,
7414 |                 subjectID: "owner",

/SOURCE/Sources/HostwrightCLI/LifecycleLiveDriver.swift:7440:50: warning: result of call to 'admit(manifest:subjectID:profileResolution:)' is unused [#no-usage]
7438 |     } else {
7439 |         do {
7440 |             try ManifestSchedulerAdmissionBridge.admit(
     |                                                  `- warning: result of call to 'admit(manifest:subjectID:profileResolution:)' is unused [#no-usage]
7441 |                 manifest: manifest,
7442 |                 subjectID: "owner"
[3153/3208] Compiling HostwrightCLI ImageSBOMPolicyMapping.swift
/SOURCE/Sources/HostwrightCLI/LifecycleLiveDriver.swift:7412:50: warning: result of call to 'admit(manifest:subjectID:profileResolution:)' is unused [#no-usage]
7410 |                     service, resolution: resolution, snapshot: capability)
7411 |             }
7412 |             try ManifestSchedulerAdmissionBridge.admit(
     |                                                  `- warning: result of call to 'admit(manifest:subjectID:profileResolution:)' is unused [#no-usage]
7413 |                 manifest: manifest,
7414 |                 subjectID: "owner",

/SOURCE/Sources/HostwrightCLI/LifecycleLiveDriver.swift:7440:50: warning: result of call to 'admit(manifest:subjectID:profileResolution:)' is unused [#no-usage]
7438 |     } else {
7439 |         do {
7440 |             try ManifestSchedulerAdmissionBridge.admit(
     |                                                  `- warning: result of call to 'admit(manifest:subjectID:profileResolution:)' is unused [#no-usage]
7441 |                 manifest: manifest,
7442 |                 subjectID: "owner"
[3154/3208] Compiling HostwrightCLI ImageTrustPolicyMapping.swift
/SOURCE/Sources/HostwrightCLI/LifecycleLiveDriver.swift:7412:50: warning: result of call to 'admit(manifest:subjectID:profileResolution:)' is unused [#no-usage]
7410 |                     service, resolution: resolution, snapshot: capability)
7411 |             }
7412 |             try ManifestSchedulerAdmissionBridge.admit(
     |                                                  `- warning: result of call to 'admit(manifest:subjectID:profileResolution:)' is unused [#no-usage]
7413 |                 manifest: manifest,
7414 |                 subjectID: "owner",

/SOURCE/Sources/HostwrightCLI/LifecycleLiveDriver.swift:7440:50: warning: result of call to 'admit(manifest:subjectID:profileResolution:)' is unused [#no-usage]
7438 |     } else {
7439 |         do {
7440 |             try ManifestSchedulerAdmissionBridge.admit(
     |                                                  `- warning: result of call to 'admit(manifest:subjectID:profileResolution:)' is unused [#no-usage]
7441 |                 manifest: manifest,
7442 |                 subjectID: "owner"
[3155/3208] Compiling HostwrightCLI ImageVulnerabilityPolicyMapping.swift
/SOURCE/Sources/HostwrightCLI/LifecycleLiveDriver.swift:7412:50: warning: result of call to 'admit(manifest:subjectID:profileResolution:)' is unused [#no-usage]
7410 |                     service, resolution: resolution, snapshot: capability)
7411 |             }
7412 |             try ManifestSchedulerAdmissionBridge.admit(
     |                                                  `- warning: result of call to 'admit(manifest:subjectID:profileResolution:)' is unused [#no-usage]
7413 |                 manifest: manifest,
7414 |                 subjectID: "owner",

/SOURCE/Sources/HostwrightCLI/LifecycleLiveDriver.swift:7440:50: warning: result of call to 'admit(manifest:subjectID:profileResolution:)' is unused [#no-usage]
7438 |     } else {
7439 |         do {
7440 |             try ManifestSchedulerAdmissionBridge.admit(
     |                                                  `- warning: result of call to 'admit(manifest:subjectID:profileResolution:)' is unused [#no-usage]
7441 |                 manifest: manifest,
7442 |                 subjectID: "owner"
[3156/3208] Compiling HostwrightCLI InteractiveCLIOptions.swift
/SOURCE/Sources/HostwrightCLI/LifecycleLiveDriver.swift:7412:50: warning: result of call to 'admit(manifest:subjectID:profileResolution:)' is unused [#no-usage]
7410 |                     service, resolution: resolution, snapshot: capability)
7411 |             }
7412 |             try ManifestSchedulerAdmissionBridge.admit(
     |                                                  `- warning: result of call to 'admit(manifest:subjectID:profileResolution:)' is unused [#no-usage]
7413 |                 manifest: manifest,
7414 |                 subjectID: "owner",

/SOURCE/Sources/HostwrightCLI/LifecycleLiveDriver.swift:7440:50: warning: result of call to 'admit(manifest:subjectID:profileResolution:)' is unused [#no-usage]
7438 |     } else {
7439 |         do {
7440 |             try ManifestSchedulerAdmissionBridge.admit(
     |                                                  `- warning: result of call to 'admit(manifest:subjectID:profileResolution:)' is unused [#no-usage]
7441 |                 manifest: manifest,
7442 |                 subjectID: "owner"
[3157/3208] Compiling HostwrightCLI InteractiveCommandRunner.swift
/SOURCE/Sources/HostwrightCLI/LifecycleLiveDriver.swift:7412:50: warning: result of call to 'admit(manifest:subjectID:profileResolution:)' is unused [#no-usage]
7410 |                     service, resolution: resolution, snapshot: capability)
7411 |             }
7412 |             try ManifestSchedulerAdmissionBridge.admit(
     |                                                  `- warning: result of call to 'admit(manifest:subjectID:profileResolution:)' is unused [#no-usage]
7413 |                 manifest: manifest,
7414 |                 subjectID: "owner",

/SOURCE/Sources/HostwrightCLI/LifecycleLiveDriver.swift:7440:50: warning: result of call to 'admit(manifest:subjectID:profileResolution:)' is unused [#no-usage]
7438 |     } else {
7439 |         do {
7440 |             try ManifestSchedulerAdmissionBridge.admit(
     |                                                  `- warning: result of call to 'admit(manifest:subjectID:profileResolution:)' is unused [#no-usage]
7441 |                 manifest: manifest,
7442 |                 subjectID: "owner"
[3158/3208] Compiling HostwrightCLI LifecycleCLIOptions.swift
/SOURCE/Sources/HostwrightCLI/LifecycleLiveDriver.swift:7412:50: warning: result of call to 'admit(manifest:subjectID:profileResolution:)' is unused [#no-usage]
7410 |                     service, resolution: resolution, snapshot: capability)
7411 |             }
7412 |             try ManifestSchedulerAdmissionBridge.admit(
     |                                                  `- warning: result of call to 'admit(manifest:subjectID:profileResolution:)' is unused [#no-usage]
7413 |                 manifest: manifest,
7414 |                 subjectID: "owner",

/SOURCE/Sources/HostwrightCLI/LifecycleLiveDriver.swift:7440:50: warning: result of call to 'admit(manifest:subjectID:profileResolution:)' is unused [#no-usage]
7438 |     } else {
7439 |         do {
7440 |             try ManifestSchedulerAdmissionBridge.admit(
     |                                                  `- warning: result of call to 'admit(manifest:subjectID:profileResolution:)' is unused [#no-usage]
7441 |                 manifest: manifest,
7442 |                 subjectID: "owner"
[3159/3208] Compiling HostwrightCLI LifecycleCommandRunner.swift
/SOURCE/Sources/HostwrightCLI/LifecycleLiveDriver.swift:7412:50: warning: result of call to 'admit(manifest:subjectID:profileResolution:)' is unused [#no-usage]
7410 |                     service, resolution: resolution, snapshot: capability)
7411 |             }
7412 |             try ManifestSchedulerAdmissionBridge.admit(
     |                                                  `- warning: result of call to 'admit(manifest:subjectID:profileResolution:)' is unused [#no-usage]
7413 |                 manifest: manifest,
7414 |                 subjectID: "owner",

/SOURCE/Sources/HostwrightCLI/LifecycleLiveDriver.swift:7440:50: warning: result of call to 'admit(manifest:subjectID:profileResolution:)' is unused [#no-usage]
7438 |     } else {
7439 |         do {
7440 |             try ManifestSchedulerAdmissionBridge.admit(
     |                                                  `- warning: result of call to 'admit(manifest:subjectID:profileResolution:)' is unused [#no-usage]
7441 |                 manifest: manifest,
7442 |                 subjectID: "owner"
[3160/3208] Compiling HostwrightCLI LifecycleLiveDriver.swift
/SOURCE/Sources/HostwrightCLI/LifecycleLiveDriver.swift:7412:50: warning: result of call to 'admit(manifest:subjectID:profileResolution:)' is unused [#no-usage]
7410 |                     service, resolution: resolution, snapshot: capability)
7411 |             }
7412 |             try ManifestSchedulerAdmissionBridge.admit(
     |                                                  `- warning: result of call to 'admit(manifest:subjectID:profileResolution:)' is unused [#no-usage]
7413 |                 manifest: manifest,
7414 |                 subjectID: "owner",

/SOURCE/Sources/HostwrightCLI/LifecycleLiveDriver.swift:7440:50: warning: result of call to 'admit(manifest:subjectID:profileResolution:)' is unused [#no-usage]
7438 |     } else {
7439 |         do {
7440 |             try ManifestSchedulerAdmissionBridge.admit(
     |                                                  `- warning: result of call to 'admit(manifest:subjectID:profileResolution:)' is unused [#no-usage]
7441 |                 manifest: manifest,
7442 |                 subjectID: "owner"
[3161/3208] Compiling HostwrightCLI LifecycleOwnershipFinalizer.swift
/SOURCE/Sources/HostwrightCLI/LifecycleLiveDriver.swift:7412:50: warning: result of call to 'admit(manifest:subjectID:profileResolution:)' is unused [#no-usage]
7410 |                     service, resolution: resolution, snapshot: capability)
7411 |             }
7412 |             try ManifestSchedulerAdmissionBridge.admit(
     |                                                  `- warning: result of call to 'admit(manifest:subjectID:profileResolution:)' is unused [#no-usage]
7413 |                 manifest: manifest,
7414 |                 subjectID: "owner",

/SOURCE/Sources/HostwrightCLI/LifecycleLiveDriver.swift:7440:50: warning: result of call to 'admit(manifest:subjectID:profileResolution:)' is unused [#no-usage]
7438 |     } else {
7439 |         do {
7440 |             try ManifestSchedulerAdmissionBridge.admit(
     |                                                  `- warning: result of call to 'admit(manifest:subjectID:profileResolution:)' is unused [#no-usage]
7441 |                 manifest: manifest,
7442 |                 subjectID: "owner"
[3162/3208] Compiling HostwrightCLI LifecycleProbeExecutor.swift
/SOURCE/Sources/HostwrightCLI/LifecycleLiveDriver.swift:7412:50: warning: result of call to 'admit(manifest:subjectID:profileResolution:)' is unused [#no-usage]
7410 |                     service, resolution: resolution, snapshot: capability)
7411 |             }
7412 |             try ManifestSchedulerAdmissionBridge.admit(
     |                                                  `- warning: result of call to 'admit(manifest:subjectID:profileResolution:)' is unused [#no-usage]
7413 |                 manifest: manifest,
7414 |                 subjectID: "owner",

/SOURCE/Sources/HostwrightCLI/LifecycleLiveDriver.swift:7440:50: warning: result of call to 'admit(manifest:subjectID:profileResolution:)' is unused [#no-usage]
7438 |     } else {
7439 |         do {
7440 |             try ManifestSchedulerAdmissionBridge.admit(
     |                                                  `- warning: result of call to 'admit(manifest:subjectID:profileResolution:)' is unused [#no-usage]
7441 |                 manifest: manifest,
7442 |                 subjectID: "owner"
[3163/3208] Compiling HostwrightCLI LifecycleSchedulerContext.swift
/SOURCE/Sources/HostwrightCLI/LifecycleLiveDriver.swift:7412:50: warning: result of call to 'admit(manifest:subjectID:profileResolution:)' is unused [#no-usage]
7410 |                     service, resolution: resolution, snapshot: capability)
7411 |             }
7412 |             try ManifestSchedulerAdmissionBridge.admit(
     |                                                  `- warning: result of call to 'admit(manifest:subjectID:profileResolution:)' is unused [#no-usage]
7413 |                 manifest: manifest,
7414 |                 subjectID: "owner",

/SOURCE/Sources/HostwrightCLI/LifecycleLiveDriver.swift:7440:50: warning: result of call to 'admit(manifest:subjectID:profileResolution:)' is unused [#no-usage]
7438 |     } else {
7439 |         do {
7440 |             try ManifestSchedulerAdmissionBridge.admit(
     |                                                  `- warning: result of call to 'admit(manifest:subjectID:profileResolution:)' is unused [#no-usage]
7441 |                 manifest: manifest,
7442 |                 subjectID: "owner"
[3164/3208] Compiling HostwrightCLI LifecycleSchedulerRuntimeObservation.swift
/SOURCE/Sources/HostwrightCLI/LifecycleLiveDriver.swift:7412:50: warning: result of call to 'admit(manifest:subjectID:profileResolution:)' is unused [#no-usage]
7410 |                     service, resolution: resolution, snapshot: capability)
7411 |             }
7412 |             try ManifestSchedulerAdmissionBridge.admit(
     |                                                  `- warning: result of call to 'admit(manifest:subjectID:profileResolution:)' is unused [#no-usage]
7413 |                 manifest: manifest,
7414 |                 subjectID: "owner",

/SOURCE/Sources/HostwrightCLI/LifecycleLiveDriver.swift:7440:50: warning: result of call to 'admit(manifest:subjectID:profileResolution:)' is unused [#no-usage]
7438 |     } else {
7439 |         do {
7440 |             try ManifestSchedulerAdmissionBridge.admit(
     |                                                  `- warning: result of call to 'admit(manifest:subjectID:profileResolution:)' is unused [#no-usage]
7441 |                 manifest: manifest,
7442 |                 subjectID: "owner"
[3165/3208] Compiling HostwrightCLI LifecycleSchedulerSession.swift
/SOURCE/Sources/HostwrightCLI/LifecycleLiveDriver.swift:7412:50: warning: result of call to 'admit(manifest:subjectID:profileResolution:)' is unused [#no-usage]
7410 |                     service, resolution: resolution, snapshot: capability)
7411 |             }
7412 |             try ManifestSchedulerAdmissionBridge.admit(
     |                                                  `- warning: result of call to 'admit(manifest:subjectID:profileResolution:)' is unused [#no-usage]
7413 |                 manifest: manifest,
7414 |                 subjectID: "owner",

/SOURCE/Sources/HostwrightCLI/LifecycleLiveDriver.swift:7440:50: warning: result of call to 'admit(manifest:subjectID:profileResolution:)' is unused [#no-usage]
7438 |     } else {
7439 |         do {
7440 |             try ManifestSchedulerAdmissionBridge.admit(
     |                                                  `- warning: result of call to 'admit(manifest:subjectID:profileResolution:)' is unused [#no-usage]
7441 |                 manifest: manifest,
7442 |                 subjectID: "owner"
[3166/3208] Compiling HostwrightCLI LifecycleSchedulerWorkloads.swift
/SOURCE/Sources/HostwrightCLI/LifecycleLiveDriver.swift:7412:50: warning: result of call to 'admit(manifest:subjectID:profileResolution:)' is unused [#no-usage]
7410 |                     service, resolution: resolution, snapshot: capability)
7411 |             }
7412 |             try ManifestSchedulerAdmissionBridge.admit(
     |                                                  `- warning: result of call to 'admit(manifest:subjectID:profileResolution:)' is unused [#no-usage]
7413 |                 manifest: manifest,
7414 |                 subjectID: "owner",

/SOURCE/Sources/HostwrightCLI/LifecycleLiveDriver.swift:7440:50: warning: result of call to 'admit(manifest:subjectID:profileResolution:)' is unused [#no-usage]
7438 |     } else {
7439 |         do {
7440 |             try ManifestSchedulerAdmissionBridge.admit(
     |                                                  `- warning: result of call to 'admit(manifest:subjectID:profileResolution:)' is unused [#no-usage]
7441 |                 manifest: manifest,
7442 |                 subjectID: "owner"
[3167/3228] Compiling HostwrightCLI LogsCommand.swift
[3168/3228] Compiling HostwrightCLI MaintenanceCommand.swift
[3169/3228] Compiling HostwrightCLI MetricsCommand.swift
[3170/3228] Compiling HostwrightCLI NetworkAttachmentLifecycle.swift
[3171/3228] Compiling HostwrightCLI NetworkLifecycleCoordinator.swift
[3172/3228] Compiling HostwrightCLI NetworkPortLifecycleCoordinator.swift
[3173/3228] Compiling HostwrightCLI NetworkPortSocketAvailability.swift
[3174/3228] Compiling HostwrightCLI OwnershipCommand.swift
[3175/3228] Compiling HostwrightCLI PluginCLIOptions.swift
[3176/3228] Compiling HostwrightCLI ProcessLookup.swift
[3177/3228] Compiling HostwrightCLI ProjectDNSHostAccessReservations.swift
[3178/3228] Compiling HostwrightCLI ProjectDNSLifecycleCoordinator.swift
[3179/3228] Compiling HostwrightCLI ProjectDNSLiveDrivers.swift
[3180/3228] Compiling HostwrightCLI ProjectDNSPlanBuilder.swift
[3181/3228] Compiling HostwrightCLI RecoveryCommand.swift
[3182/3228] Compiling HostwrightCLI RegistryCLIOptions.swift
[3183/3228] Compiling HostwrightCLI RegistryCommand.swift
[3184/3228] Compiling HostwrightCLI RegistryProvenanceCommand.swift
[3185/3228] Compiling HostwrightCLI RegistryReferrerCommand.swift
[3186/3228] Compiling HostwrightCLI RegistryReferrerMutationCoordinator.swift
[3187/3248] Compiling HostwrightCLI RegistrySBOMCommand.swift
[3188/3248] Compiling HostwrightCLI RegistryTrustCommand.swift
[3189/3248] Compiling HostwrightCLI RegistryVulnerabilityCommand.swift
[3190/3248] Compiling HostwrightCLI RestartBudgetCommand.swift
[3191/3248] Compiling HostwrightCLI RuntimeProviderMigrationCommand.swift
[3192/3248] Compiling HostwrightCLI RuntimeProviderMigrationJournal.swift
[3193/3248] Compiling HostwrightCLI RuntimeProviderMigrationJournalFactory.swift
[3194/3248] Compiling HostwrightCLI RuntimeProvidersCommand.swift
[3195/3248] Compiling HostwrightCLI SecretCommand.swift
[3196/3248] Compiling HostwrightCLI SecretInput.swift
[3197/3248] Compiling HostwrightCLI ServiceTunnelLifecycleCoordinator.swift
[3198/3248] Compiling HostwrightCLI StateMaintenanceCommand.swift
[3199/3248] Compiling HostwrightCLI StatusCommand.swift
[3200/3248] Compiling HostwrightCLI StorageCommand.swift
[3201/3248] Compiling HostwrightCLI StorageLifecycleCoordinator.swift
[3202/3248] Compiling HostwrightCLI StorageReclaimCommandCoordinator.swift
[3203/3248] Compiling HostwrightCLI SupportBundleCommand.swift
[3204/3248] Compiling HostwrightCLI TeamWorkflowCLI.swift
[3205/3248] Compiling HostwrightCLI TraceCommand.swift
[3206/3248] Compiling HostwrightCLI UnattendedLifecycleReconciler.swift
[3206/3248] Write Objects.LinkFileList
[3208/3248] Linking hostwright-tunnel-qualification
[3209/3248] Linking hostwright-pod-sandbox-guest
[3210/3248] Applying hostwright-tunnel-qualification
[3211/3248] Applying hostwright-pod-sandbox-guest
[3213/3249] Emitting module HostwrightLocalIntegrationTool
[3214/3250] Compiling HostwrightLocalIntegrationTool main.swift
[3215/3251] Emitting module HostwrightControl
[3216/3255] Compiling HostwrightControl ControlModels.swift
[3217/3255] Compiling HostwrightControl ControlRequestParser.swift
[3218/3255] Compiling HostwrightControl ControlToolCommand.swift
[3219/3255] Compiling HostwrightControl LocalControlAPI.swift
[3220/3256] Emitting module HostwrightCommandTransport
[3221/3264] Compiling HostwrightCommandTransport BootstrapControlAPI.swift
[3222/3264] Compiling HostwrightCommandTransport BootstrapControlClient.swift
[3223/3264] Compiling HostwrightCommandTransport CLIControlCommandExecutor.swift
[3224/3264] Compiling HostwrightCommandTransport CLIControlResult.swift
[3225/3264] Compiling HostwrightCommandTransport CLIControlRoute.swift
[3226/3264] Compiling HostwrightCommandTransport CLIControlStreamClient.swift
[3227/3264] Compiling HostwrightCommandTransport CLIControlStreamPreparation.swift
[3228/3264] Compiling HostwrightCommandTransport HostwrightCommandRunner.swift
[3229/3265] Emitting module HostwrightControlTests
[3230/3276] Compiling HostwrightControlTests ControlImageParityTests.swift
[3231/3276] Compiling HostwrightControlTests ControlRegistryProvenanceParityTests.swift
[3232/3276] Compiling HostwrightControlTests ControlRegistryReferrerParityTests.swift
[3233/3276] Compiling HostwrightControlTests ControlRegistrySBOMParityTests.swift
[3234/3276] Compiling HostwrightControlTests ControlRegistryTrustParityTests.swift
[3235/3276] Compiling HostwrightControlTests ControlRegistryVulnerabilityParityTests.swift
[3236/3276] Compiling HostwrightControlTests ControlRequestTests.swift
[3237/3276] Compiling HostwrightControlTests ControlStorageParityTests.swift
[3238/3276] Compiling HostwrightControlTests ControlV2ContractTests.swift
[3239/3276] Compiling HostwrightControlTests LocalControlAPIIntegrationTests.swift
[3240/3276] Compiling HostwrightControlTests LocalControlProfileIntegrationTests.swift
[3241/3277] Emitting module HostwrightStreamQualificationTool
[3242/3278] Compiling HostwrightStreamQualificationTool main.swift
[3243/3279] Emitting module HostwrightDockerEngine
[3244/3285] Compiling HostwrightDockerEngine DockerContext.swift
[3245/3285] Compiling HostwrightDockerEngine DockerControlAdapter.swift
[3246/3285] Compiling HostwrightDockerEngine DockerEndpoints.swift
[3247/3285] Compiling HostwrightDockerEngine DockerHTTP.swift
[3248/3285] Compiling HostwrightDockerEngine DockerProxyServer.swift
[3249/3285] Compiling HostwrightDockerEngine DockerSocket.swift
[3250/3286] Emitting module HostwrightDesktopModel
[3251/3291] Compiling HostwrightDesktopModel DesktopActionCatalog.swift
[3252/3291] Compiling HostwrightDesktopModel DesktopControlTransport.swift
[3253/3291] Compiling HostwrightDesktopModel DesktopModelTypes.swift
[3254/3291] Compiling HostwrightDesktopModel DesktopOperationsModel.swift
[3255/3291] Compiling HostwrightDesktopModel DesktopTopologyProjection.swift
[3256/3292] Emitting module HostwrightDockerProxy
[3257/3293] Compiling HostwrightDockerProxy main.swift
[3258/3294] Emitting module HostwrightDesktopUI
[3259/3295] Compiling HostwrightDesktopUI OperationsConsoleView.swift
[3260/3296] Emitting module HostwrightDesktopModelTests
[3261/3299] Compiling HostwrightDesktopModelTests DesktopActionCatalogTests.swift
[3262/3299] Compiling HostwrightDesktopModelTests DesktopOperationsModelTests.swift
[3263/3299] Compiling HostwrightDesktopModelTests DesktopTopologyProjectionTests.swift
[3264/3300] Emitting module HostwrightDesktopUITests
[3265/3302] Compiling HostwrightDesktopUITests DesktopAccessibilityContractTests.swift
[3266/3302] Compiling HostwrightDesktopUITests DesktopOffscreenSnapshotTests.swift
[3267/3303] Emitting module HostwrightDesktopApp
[3268/3304] Compiling HostwrightDesktopApp HostwrightDesktopApp.swift
[3269/3305] Emitting module HostwrightDaemon
[3270/3319] Compiling HostwrightDaemon AdmissionControlOperations.swift
[3271/3319] Compiling HostwrightDaemon DaemonControlStreamAuthorizationPipeline.swift
[3272/3319] Compiling HostwrightDaemon DaemonControlStreamSources.swift
[3273/3319] Compiling HostwrightDaemon HostwrightDaemonControlService.swift
[3274/3319] Compiling HostwrightDaemon HostwrightDaemonEntrypoint.swift
[3275/3319] Compiling HostwrightDaemon LocalLifecycleDaemonReconciler.swift
[3276/3319] Compiling HostwrightDaemon LocalLifecycleScheduler.swift
[3277/3319] Compiling HostwrightDaemon PluginControlOperations.swift
[3278/3319] Compiling HostwrightDaemon PluginTrustedSignerAuthority.swift
[3279/3319] Compiling HostwrightDaemon RBACControlOperations.swift
[3280/3319] Compiling HostwrightDaemon SchedulerControlOperations.swift
[3281/3319] Compiling HostwrightDaemon SchedulerPressureCoordination.swift
[3282/3319] Compiling HostwrightDaemon SchedulerStartupRecovery.swift
[3283/3319] Compiling HostwrightDaemon WorkloadProfileControlOperations.swift
[3284/3320] Emitting module HostwrightControlTool
[3285/3321] Compiling HostwrightControlTool main.swift
[3286/3322] Emitting module HostwrightCommandTransportTests
[3287/3333] Compiling HostwrightCommandTransportTests BootstrapControlAPITests.swift
[3288/3333] Compiling HostwrightCommandTransportTests BootstrapControlClientTests.swift
[3289/3333] Compiling HostwrightCommandTransportTests CLIControlCommandExecutorTests.swift
[3290/3333] Compiling HostwrightCommandTransportTests CLIControlProductionRoutingTests.swift
[3291/3333] Compiling HostwrightCommandTransportTests CLIControlResultContractTests.swift
[3292/3333] Compiling HostwrightCommandTransportTests CLIControlRouteTests.swift
[3293/3333] Compiling HostwrightCommandTransportTests CLIControlStreamClientParityTests.swift
[3294/3333] Compiling HostwrightCommandTransportTests CLIControlStreamPayloadTests.swift
[3295/3333] Compiling HostwrightCommandTransportTests HostwrightCommandRunnerTests.swift
[3296/3333] Compiling HostwrightCommandTransportTests PluginControlRoutingTests.swift
[3297/3333] Compiling HostwrightCommandTransportTests SchedulerCLIParityTests.swift
[3298/3334] Emitting module HostwrightCommand
[3299/3335] Compiling HostwrightCommand main.swift
[3300/3336] Emitting module HostwrightCLITests
[3301/3356] Compiling HostwrightCLITests ApplyLifecycleCompatibilityTests.swift
[3302/3356] Compiling HostwrightCLITests BenchmarkCommandTests.swift
[3303/3356] Compiling HostwrightCLITests CLIAsyncCancellationTests.swift
[3304/3356] Compiling HostwrightCLITests CLIControlAuthorizationScopeTests.swift
[3305/3356] Compiling HostwrightCLITests CLIFileErrorAndRecoveryTests.swift
[3306/3356] Compiling HostwrightCLITests CLITestDirectory.swift
[3307/3356] Compiling HostwrightCLITests ControlIdentityBootstrapTests.swift
[3308/3356] Compiling HostwrightCLITests DaemonLifecycleCLITests.swift
[3309/3356] Compiling HostwrightCLITests EventWatchCLIIntegrationTests.swift
[3310/3356] Compiling HostwrightCLITests Gate03RecoveryEvidenceTests.swift
[3311/3356] Compiling HostwrightCLITests HostwrightCLITests+Cleanup.swift
[3312/3356] Compiling HostwrightCLITests HostwrightCLITests+Compose.swift
[3313/3356] Compiling HostwrightCLITests HostwrightCLITests+Lifecycle.swift
[3314/3356] Compiling HostwrightCLITests HostwrightCLITests+Observation.swift
[3315/3356] Compiling HostwrightCLITests HostwrightCLITests+Parsing.swift
[3316/3356] Compiling HostwrightCLITests HostwrightCLITests+PathsAndDoctor.swift
[3317/3356] Compiling HostwrightCLITests HostwrightCLITests+Planning.swift
[3318/3356] Compiling HostwrightCLITests HostwrightCLITests+RecoveryAndDiagnostics.swift
[3319/3356] Compiling HostwrightCLITests HostwrightCLITests.swift
[3320/3356] Compiling HostwrightCLITests ImageCacheCommandRunnerTests.swift
[3321/3376] Compiling HostwrightCLITests ImageCachePolicyTests.swift
[3322/3376] Compiling HostwrightCLITests ImageCommandTests.swift
[3323/3376] Compiling HostwrightCLITests ImageLifecycleCoordinatorTests.swift
[3324/3376] Compiling HostwrightCLITests InteractiveCLIOptionsTests.swift
[3325/3376] Compiling HostwrightCLITests InteractiveCommandRunnerTests.swift
[3326/3376] Compiling HostwrightCLITests LifecycleCLIOptionsTests.swift
[3327/3376] Compiling HostwrightCLITests LifecycleCommandRunnerTests.swift
[3328/3376] Compiling HostwrightCLITests LifecycleHostAccessPreflightTests.swift
[3329/3376] Compiling HostwrightCLITests LifecycleImageProvenancePreflightTests.swift
[3330/3376] Compiling HostwrightCLITests LifecycleImageSBOMPreflightTests.swift
[3331/3376] Compiling HostwrightCLITests LifecycleImageTrustPreflightTests.swift
[3332/3376] Compiling HostwrightCLITests LifecycleImageVulnerabilityPreflightTests.swift
[3333/3376] Compiling HostwrightCLITests LifecycleLiveDriverTests.swift
[3334/3376] Compiling HostwrightCLITests LifecycleNetworkPolicyPreflightTests.swift
[3335/3376] Compiling HostwrightCLITests LifecycleProbeExecutorTests.swift
[3336/3376] Compiling HostwrightCLITests LifecycleProbeLiveIntegrationTests.swift
[3337/3376] Compiling HostwrightCLITests LifecycleProcessRecoveryIntegrationTests.swift
[3338/3376] Compiling HostwrightCLITests LifecycleProfileIntegrationTests.swift
[3339/3376] Compiling HostwrightCLITests LifecycleSchedulerCapacityTests.swift
[3340/3376] Compiling HostwrightCLITests LifecycleSchedulerEffectFreshnessTests.swift
[3341/3395] Compiling HostwrightCLITests LocalSchedulerDaemonLifecycleTests.swift
[3342/3395] Compiling HostwrightCLITests MaintenanceCommandTests.swift
[3343/3395] Compiling HostwrightCLITests MetricsCLIIntegrationTests.swift
[3344/3395] Compiling HostwrightCLITests NetworkAttachmentLifecycleTests.swift
[3345/3395] Compiling HostwrightCLITests NetworkLifecycleCoordinatorTests.swift
[3346/3395] Compiling HostwrightCLITests NetworkPortLifecycleCoordinatorTests.swift
[3347/3395] Compiling HostwrightCLITests NetworkPortSocketAvailabilityTests.swift
[3348/3395] Compiling HostwrightCLITests ObservabilityCLIIntegrationTests.swift
[3349/3395] Compiling HostwrightCLITests OwnershipCommandTests.swift
[3350/3395] Compiling HostwrightCLITests Phase01ContractCLITests.swift
[3351/3395] Compiling HostwrightCLITests Phase04ExampleExecutionIntegrationTests.swift
[3352/3395] Compiling HostwrightCLITests PluginCLIOptionsTests.swift
[3353/3395] Compiling HostwrightCLITests ProjectDNSLifecycleCoordinatorTests.swift
[3354/3395] Compiling HostwrightCLITests ProjectDNSLiveDriversTests.swift
[3355/3395] Compiling HostwrightCLITests ProjectDNSPlanBuilderTests.swift
[3356/3395] Compiling HostwrightCLITests RegistryCommandTests.swift
[3357/3395] Compiling HostwrightCLITests RegistryProvenanceExecutionTests.swift
[3358/3395] Compiling HostwrightCLITests RegistryReferrerExecutionTests.swift
[3359/3395] Compiling HostwrightCLITests RegistrySBOMExecutionTests.swift
[3360/3414] Compiling HostwrightCLITests RegistryTrustExecutionTests.swift
/SOURCE/Tests/HostwrightCLITests/RuntimeProvidersCommandTests.swift:19:18: warning: weak variable 'retainedClient' was never mutated; consider changing to 'let' constant [#WeakMutability]
 17 |         })
 18 |         var localClient: ContainerizationHelperClient? = try lifetime.client()
 19 |         weak var retainedClient = localClient
    |                  `- warning: weak variable 'retainedClient' was never mutated; consider changing to 'let' constant [#WeakMutability]
 20 |         do { _ = AppleContainerizationRuntimeAdapter(client: try lifetime.client()) }
 21 |         localClient = nil

[#WeakMutability]: <https://docs.swift.org/compiler/documentation/diagnostics/weak-mutability>
[3361/3414] Compiling HostwrightCLITests RegistryVulnerabilityExecutionTests.swift
/SOURCE/Tests/HostwrightCLITests/RuntimeProvidersCommandTests.swift:19:18: warning: weak variable 'retainedClient' was never mutated; consider changing to 'let' constant [#WeakMutability]
 17 |         })
 18 |         var localClient: ContainerizationHelperClient? = try lifetime.client()
 19 |         weak var retainedClient = localClient
    |                  `- warning: weak variable 'retainedClient' was never mutated; consider changing to 'let' constant [#WeakMutability]
 20 |         do { _ = AppleContainerizationRuntimeAdapter(client: try lifetime.client()) }
 21 |         localClient = nil

[#WeakMutability]: <https://docs.swift.org/compiler/documentation/diagnostics/weak-mutability>
[3362/3414] Compiling HostwrightCLITests RuntimeProviderMigrationCLITests.swift
/SOURCE/Tests/HostwrightCLITests/RuntimeProvidersCommandTests.swift:19:18: warning: weak variable 'retainedClient' was never mutated; consider changing to 'let' constant [#WeakMutability]
 17 |         })
 18 |         var localClient: ContainerizationHelperClient? = try lifetime.client()
 19 |         weak var retainedClient = localClient
    |                  `- warning: weak variable 'retainedClient' was never mutated; consider changing to 'let' constant [#WeakMutability]
 20 |         do { _ = AppleContainerizationRuntimeAdapter(client: try lifetime.client()) }
 21 |         localClient = nil

[#WeakMutability]: <https://docs.swift.org/compiler/documentation/diagnostics/weak-mutability>
[3363/3414] Compiling HostwrightCLITests RuntimeProviderRecoverySelectionCLITests.swift
/SOURCE/Tests/HostwrightCLITests/RuntimeProvidersCommandTests.swift:19:18: warning: weak variable 'retainedClient' was never mutated; consider changing to 'let' constant [#WeakMutability]
 17 |         })
 18 |         var localClient: ContainerizationHelperClient? = try lifetime.client()
 19 |         weak var retainedClient = localClient
    |                  `- warning: weak variable 'retainedClient' was never mutated; consider changing to 'let' constant [#WeakMutability]
 20 |         do { _ = AppleContainerizationRuntimeAdapter(client: try lifetime.client()) }
 21 |         localClient = nil

[#WeakMutability]: <https://docs.swift.org/compiler/documentation/diagnostics/weak-mutability>
[3364/3414] Compiling HostwrightCLITests RuntimeProvidersCommandTests.swift
/SOURCE/Tests/HostwrightCLITests/RuntimeProvidersCommandTests.swift:19:18: warning: weak variable 'retainedClient' was never mutated; consider changing to 'let' constant [#WeakMutability]
 17 |         })
 18 |         var localClient: ContainerizationHelperClient? = try lifetime.client()
 19 |         weak var retainedClient = localClient
    |                  `- warning: weak variable 'retainedClient' was never mutated; consider changing to 'let' constant [#WeakMutability]
 20 |         do { _ = AppleContainerizationRuntimeAdapter(client: try lifetime.client()) }
 21 |         localClient = nil

[#WeakMutability]: <https://docs.swift.org/compiler/documentation/diagnostics/weak-mutability>
[3365/3414] Compiling HostwrightCLITests SchedulerCLICommandTests.swift
/SOURCE/Tests/HostwrightCLITests/RuntimeProvidersCommandTests.swift:19:18: warning: weak variable 'retainedClient' was never mutated; consider changing to 'let' constant [#WeakMutability]
 17 |         })
 18 |         var localClient: ContainerizationHelperClient? = try lifetime.client()
 19 |         weak var retainedClient = localClient
    |                  `- warning: weak variable 'retainedClient' was never mutated; consider changing to 'let' constant [#WeakMutability]
 20 |         do { _ = AppleContainerizationRuntimeAdapter(client: try lifetime.client()) }
 21 |         localClient = nil

[#WeakMutability]: <https://docs.swift.org/compiler/documentation/diagnostics/weak-mutability>
[3366/3414] Compiling HostwrightCLITests SecretCommandTests.swift
/SOURCE/Tests/HostwrightCLITests/RuntimeProvidersCommandTests.swift:19:18: warning: weak variable 'retainedClient' was never mutated; consider changing to 'let' constant [#WeakMutability]
 17 |         })
 18 |         var localClient: ContainerizationHelperClient? = try lifetime.client()
 19 |         weak var retainedClient = localClient
    |                  `- warning: weak variable 'retainedClient' was never mutated; consider changing to 'let' constant [#WeakMutability]
 20 |         do { _ = AppleContainerizationRuntimeAdapter(client: try lifetime.client()) }
 21 |         localClient = nil

[#WeakMutability]: <https://docs.swift.org/compiler/documentation/diagnostics/weak-mutability>
[3367/3414] Compiling HostwrightCLITests SecretProviderInjectionTests.swift
/SOURCE/Tests/HostwrightCLITests/RuntimeProvidersCommandTests.swift:19:18: warning: weak variable 'retainedClient' was never mutated; consider changing to 'let' constant [#WeakMutability]
 17 |         })
 18 |         var localClient: ContainerizationHelperClient? = try lifetime.client()
 19 |         weak var retainedClient = localClient
    |                  `- warning: weak variable 'retainedClient' was never mutated; consider changing to 'let' constant [#WeakMutability]
 20 |         do { _ = AppleContainerizationRuntimeAdapter(client: try lifetime.client()) }
 21 |         localClient = nil

[#WeakMutability]: <https://docs.swift.org/compiler/documentation/diagnostics/weak-mutability>
[3368/3414] Compiling HostwrightCLITests SecretRecoveryCommandTests.swift
/SOURCE/Tests/HostwrightCLITests/RuntimeProvidersCommandTests.swift:19:18: warning: weak variable 'retainedClient' was never mutated; consider changing to 'let' constant [#WeakMutability]
 17 |         })
 18 |         var localClient: ContainerizationHelperClient? = try lifetime.client()
 19 |         weak var retainedClient = localClient
    |                  `- warning: weak variable 'retainedClient' was never mutated; consider changing to 'let' constant [#WeakMutability]
 20 |         do { _ = AppleContainerizationRuntimeAdapter(client: try lifetime.client()) }
 21 |         localClient = nil

[#WeakMutability]: <https://docs.swift.org/compiler/documentation/diagnostics/weak-mutability>
[3369/3414] Compiling HostwrightCLITests ServiceTunnelLifecycleCoordinatorTests.swift
/SOURCE/Tests/HostwrightCLITests/RuntimeProvidersCommandTests.swift:19:18: warning: weak variable 'retainedClient' was never mutated; consider changing to 'let' constant [#WeakMutability]
 17 |         })
 18 |         var localClient: ContainerizationHelperClient? = try lifetime.client()
 19 |         weak var retainedClient = localClient
    |                  `- warning: weak variable 'retainedClient' was never mutated; consider changing to 'let' constant [#WeakMutability]
 20 |         do { _ = AppleContainerizationRuntimeAdapter(client: try lifetime.client()) }
 21 |         localClient = nil

[#WeakMutability]: <https://docs.swift.org/compiler/documentation/diagnostics/weak-mutability>
[3370/3414] Compiling HostwrightCLITests StateMaintenanceCLITests.swift
/SOURCE/Tests/HostwrightCLITests/RuntimeProvidersCommandTests.swift:19:18: warning: weak variable 'retainedClient' was never mutated; consider changing to 'let' constant [#WeakMutability]
 17 |         })
 18 |         var localClient: ContainerizationHelperClient? = try lifetime.client()
 19 |         weak var retainedClient = localClient
    |                  `- warning: weak variable 'retainedClient' was never mutated; consider changing to 'let' constant [#WeakMutability]
 20 |         do { _ = AppleContainerizationRuntimeAdapter(client: try lifetime.client()) }
 21 |         localClient = nil

[#WeakMutability]: <https://docs.swift.org/compiler/documentation/diagnostics/weak-mutability>
[3371/3414] Compiling HostwrightCLITests StatusObservedAllocationTests.swift
/SOURCE/Tests/HostwrightCLITests/RuntimeProvidersCommandTests.swift:19:18: warning: weak variable 'retainedClient' was never mutated; consider changing to 'let' constant [#WeakMutability]
 17 |         })
 18 |         var localClient: ContainerizationHelperClient? = try lifetime.client()
 19 |         weak var retainedClient = localClient
    |                  `- warning: weak variable 'retainedClient' was never mutated; consider changing to 'let' constant [#WeakMutability]
 20 |         do { _ = AppleContainerizationRuntimeAdapter(client: try lifetime.client()) }
 21 |         localClient = nil

[#WeakMutability]: <https://docs.swift.org/compiler/documentation/diagnostics/weak-mutability>
[3372/3414] Compiling HostwrightCLITests StorageCommandTests.swift
/SOURCE/Tests/HostwrightCLITests/RuntimeProvidersCommandTests.swift:19:18: warning: weak variable 'retainedClient' was never mutated; consider changing to 'let' constant [#WeakMutability]
 17 |         })
 18 |         var localClient: ContainerizationHelperClient? = try lifetime.client()
 19 |         weak var retainedClient = localClient
    |                  `- warning: weak variable 'retainedClient' was never mutated; consider changing to 'let' constant [#WeakMutability]
 20 |         do { _ = AppleContainerizationRuntimeAdapter(client: try lifetime.client()) }
 21 |         localClient = nil

[#WeakMutability]: <https://docs.swift.org/compiler/documentation/diagnostics/weak-mutability>
[3373/3414] Compiling HostwrightCLITests StorageLifecycleCoordinatorTests.swift
/SOURCE/Tests/HostwrightCLITests/RuntimeProvidersCommandTests.swift:19:18: warning: weak variable 'retainedClient' was never mutated; consider changing to 'let' constant [#WeakMutability]
 17 |         })
 18 |         var localClient: ContainerizationHelperClient? = try lifetime.client()
 19 |         weak var retainedClient = localClient
    |                  `- warning: weak variable 'retainedClient' was never mutated; consider changing to 'let' constant [#WeakMutability]
 20 |         do { _ = AppleContainerizationRuntimeAdapter(client: try lifetime.client()) }
 21 |         localClient = nil

[#WeakMutability]: <https://docs.swift.org/compiler/documentation/diagnostics/weak-mutability>
[3374/3414] Compiling HostwrightCLITests StoragePruneProcessRecoveryIntegrationTests.swift
/SOURCE/Tests/HostwrightCLITests/RuntimeProvidersCommandTests.swift:19:18: warning: weak variable 'retainedClient' was never mutated; consider changing to 'let' constant [#WeakMutability]
 17 |         })
 18 |         var localClient: ContainerizationHelperClient? = try lifetime.client()
 19 |         weak var retainedClient = localClient
    |                  `- warning: weak variable 'retainedClient' was never mutated; consider changing to 'let' constant [#WeakMutability]
 20 |         do { _ = AppleContainerizationRuntimeAdapter(client: try lifetime.client()) }
 21 |         localClient = nil

[#WeakMutability]: <https://docs.swift.org/compiler/documentation/diagnostics/weak-mutability>
[3375/3414] Compiling HostwrightCLITests StorageReclaimCommandCoordinatorTests.swift
/SOURCE/Tests/HostwrightCLITests/RuntimeProvidersCommandTests.swift:19:18: warning: weak variable 'retainedClient' was never mutated; consider changing to 'let' constant [#WeakMutability]
 17 |         })
 18 |         var localClient: ContainerizationHelperClient? = try lifetime.client()
 19 |         weak var retainedClient = localClient
    |                  `- warning: weak variable 'retainedClient' was never mutated; consider changing to 'let' constant [#WeakMutability]
 20 |         do { _ = AppleContainerizationRuntimeAdapter(client: try lifetime.client()) }
 21 |         localClient = nil

[#WeakMutability]: <https://docs.swift.org/compiler/documentation/diagnostics/weak-mutability>
[3376/3414] Compiling HostwrightCLITests SupportBundleCLIIntegrationTests.swift
/SOURCE/Tests/HostwrightCLITests/RuntimeProvidersCommandTests.swift:19:18: warning: weak variable 'retainedClient' was never mutated; consider changing to 'let' constant [#WeakMutability]
 17 |         })
 18 |         var localClient: ContainerizationHelperClient? = try lifetime.client()
 19 |         weak var retainedClient = localClient
    |                  `- warning: weak variable 'retainedClient' was never mutated; consider changing to 'let' constant [#WeakMutability]
 20 |         do { _ = AppleContainerizationRuntimeAdapter(client: try lifetime.client()) }
 21 |         localClient = nil

[#WeakMutability]: <https://docs.swift.org/compiler/documentation/diagnostics/weak-mutability>
[3377/3414] Compiling HostwrightCLITests TeamWorkflowCLITests.swift
/SOURCE/Tests/HostwrightCLITests/RuntimeProvidersCommandTests.swift:19:18: warning: weak variable 'retainedClient' was never mutated; consider changing to 'let' constant [#WeakMutability]
 17 |         })
 18 |         var localClient: ContainerizationHelperClient? = try lifetime.client()
 19 |         weak var retainedClient = localClient
    |                  `- warning: weak variable 'retainedClient' was never mutated; consider changing to 'let' constant [#WeakMutability]
 20 |         do { _ = AppleContainerizationRuntimeAdapter(client: try lifetime.client()) }
 21 |         localClient = nil

[#WeakMutability]: <https://docs.swift.org/compiler/documentation/diagnostics/weak-mutability>
[3378/3414] Compiling HostwrightCLITests TraceCLIIntegrationTests.swift
/SOURCE/Tests/HostwrightCLITests/RuntimeProvidersCommandTests.swift:19:18: warning: weak variable 'retainedClient' was never mutated; consider changing to 'let' constant [#WeakMutability]
 17 |         })
 18 |         var localClient: ContainerizationHelperClient? = try lifetime.client()
 19 |         weak var retainedClient = localClient
    |                  `- warning: weak variable 'retainedClient' was never mutated; consider changing to 'let' constant [#WeakMutability]
 20 |         do { _ = AppleContainerizationRuntimeAdapter(client: try lifetime.client()) }
 21 |         localClient = nil

[#WeakMutability]: <https://docs.swift.org/compiler/documentation/diagnostics/weak-mutability>
[3378/3414] Write Objects.LinkFileList
[3380/3414] Linking hostwrightd
[3381/3414] Linking hostwright
[3382/3414] Applying hostwrightd
[3383/3414] Applying hostwright
[3385/3415] Emitting module HostwrightDaemonTests
[3386/3437] Compiling HostwrightDaemonTests AdmissionControlOperationsTests.swift
[3387/3437] Compiling HostwrightDaemonTests DaemonConfigurationWatchTests.swift
[3388/3437] Compiling HostwrightDaemonTests DaemonControlStreamAuthorizationPipelineTests.swift
[3389/3437] Compiling HostwrightDaemonTests DaemonControlStreamSourcesTests.swift
[3390/3437] Compiling HostwrightDaemonTests DaemonLifecycleContractTests.swift
[3391/3437] Compiling HostwrightDaemonTests DaemonLocalLifecycleAuthorityTests.swift
[3392/3437] Compiling HostwrightDaemonTests DaemonQualificationScriptTests.swift
[3393/3437] Compiling HostwrightDaemonTests HostwrightDaemonControlServiceTests.swift
[3394/3437] Compiling HostwrightDaemonTests HostwrightDaemonCoreTests.swift
[3395/3437] Compiling HostwrightDaemonTests MutationCheckpointQualificationScriptTests.swift
[3396/3437] Compiling HostwrightDaemonTests Phase10ControlCompatibilityQualificationTests.swift
[3397/3437] Compiling HostwrightDaemonTests PluginControlOperationsTests.swift
[3398/3437] Compiling HostwrightDaemonTests PluginTrustedSignerAuthorityTests.swift
[3399/3437] Compiling HostwrightDaemonTests RBACControlOperationsTests.swift
[3400/3437] Compiling HostwrightDaemonTests SchedulerControlOperationsTests.swift
[3401/3437] Compiling HostwrightDaemonTests SchedulerGenericProviderAdmissionTests.swift
[3402/3437] Compiling HostwrightDaemonTests SchedulerPressureAuthorityCoordinatorTests.swift
[3403/3437] Compiling HostwrightDaemonTests SchedulerPressureCoordinationTests.swift
[3404/3437] Compiling HostwrightDaemonTests SchedulerProjectPreemptionControlTests.swift
[3405/3437] Compiling HostwrightDaemonTests SchedulerRuntimeAuthorityTests.swift
[3406/3437] Compiling HostwrightDaemonTests SchedulerStartupRecoveryTests.swift
[3407/3437] Compiling HostwrightDaemonTests WorkloadProfileControlOperationsTests.swift
[3407/3437] Write Objects.LinkFileList
[3409/3437] Linking hostwright-stream-qualification
[3410/3437] Linking hostwright-network-helper
[3411/3437] Applying hostwright-stream-qualification
[3412/3437] Applying hostwright-network-helper
[3413/3437] Write Objects.LinkFileList
[3415/3437] Linking hostwright-docker-proxy
[3416/3437] Linking hostwright-desktop
[3417/3437] Applying hostwright-docker-proxy
[3418/3437] Applying hostwright-desktop
[3419/3437] Write Objects.LinkFileList
[3421/3437] Linking hostwright-control
[3422/3437] Linking HostwrightLocalIntegrationTool
[3423/3437] Applying hostwright-control
[3424/3437] Applying HostwrightLocalIntegrationTool
[3425/3437] Write sources
[3428/3438] Emitting module Atomics
[3429/3457] Compiling Atomics OptionalRawRepresentable.swift
[3430/3457] Compiling Atomics RawRepresentable.swift
[3431/3457] Compiling Atomics AtomicBool.swift
[3432/3457] Compiling Atomics IntegerConformances.swift
[3433/3457] Compiling Atomics PointerConformances.swift
[3434/3457] Compiling Atomics Primitives.native.swift
[3435/3457] Compiling Atomics AtomicInteger.swift
[3436/3457] Compiling Atomics AtomicOptionalWrappable.swift
[3437/3457] Compiling Atomics AtomicReference.swift
[3438/3457] Compiling Atomics AtomicStorage.swift
[3439/3457] Compiling Atomics AtomicValue.swift
[3440/3457] Compiling Atomics AtomicMemoryOrderings.swift
[3441/3457] Compiling Atomics DoubleWord.swift
[3442/3457] Compiling Atomics ManagedAtomic.swift
[3443/3457] Compiling Atomics ManagedAtomicLazyReference.swift
[3444/3457] Compiling Atomics UnsafeAtomic.swift
[3445/3457] Compiling Atomics UnsafeAtomicLazyReference.swift
[3446/3457] Compiling Atomics IntegerOperations.swift
[3447/3457] Compiling Atomics Unmanaged extensions.swift
[3447/3457] Write sources
[3449/3458] Emitting module NIOCore
[3450/3482] Compiling NIOCore AddressedEnvelope.swift
[3451/3482] Compiling NIOCore AsyncAwaitSupport.swift
[3452/3482] Compiling NIOCore AsyncChannel.swift
[3453/3482] Compiling NIOCore AsyncChannelHandler.swift
[3454/3482] Compiling NIOCore AsyncChannelInboundStream.swift
[3455/3482] Compiling NIOCore AsyncChannelOutboundWriter.swift
[3456/3482] Compiling NIOCore NIOAsyncSequenceProducer.swift
[3457/3482] Compiling NIOCore NIOAsyncSequenceProducerStrategies.swift
[3458/3482] Compiling NIOCore NIOAsyncWriter.swift
[3459/3482] Compiling NIOCore NIOThrowingAsyncSequenceProducer.swift
[3460/3482] Compiling NIOCore BSDSocketAPI.swift
[3461/3482] Compiling NIOCore ByteBuffer-aux.swift
[3462/3482] Compiling NIOCore ByteBuffer-binaryEncodedLengthPrefix.swift
[3463/3482] Compiling NIOCore ByteBuffer-conversions.swift
[3464/3482] Compiling NIOCore ByteBuffer-core.swift
[3465/3482] Compiling NIOCore ByteBuffer-hex.swift
[3466/3482] Compiling NIOCore ByteBuffer-int.swift
[3467/3482] Compiling NIOCore ByteBuffer-lengthPrefix.swift
[3468/3482] Compiling NIOCore ByteBuffer-multi-int.swift
[3469/3482] Compiling NIOCore ByteBuffer-quicBinaryEncodingStrategy.swift
[3470/3482] Compiling NIOCore ByteBuffer-views.swift
[3471/3482] Compiling NIOCore Channel.swift
[3472/3482] Compiling NIOCore ChannelHandler.swift
[3473/3482] Compiling NIOCore ChannelHandlers.swift
[3474/3506] Compiling NIOCore ChannelInvoker.swift
[3475/3506] Compiling NIOCore ChannelOption.swift
[3476/3506] Compiling NIOCore ChannelPipeline.swift
[3477/3506] Compiling NIOCore CircularBuffer.swift
[3478/3506] Compiling NIOCore Codec.swift
[3479/3506] Compiling NIOCore ConvenienceOptionSupport.swift
[3480/3506] Compiling NIOCore DeadChannel.swift
[3481/3506] Compiling NIOCore DispatchQueue+WithFuture.swift
[3482/3506] Compiling NIOCore EventLoop+Deprecated.swift
[3483/3506] Compiling NIOCore EventLoop+SerialExecutor.swift
[3484/3506] Compiling NIOCore EventLoop.swift
[3485/3506] Compiling NIOCore EventLoopFuture+AssumeIsolated.swift
[3486/3506] Compiling NIOCore EventLoopFuture+Deprecated.swift
[3487/3506] Compiling NIOCore EventLoopFuture+WithEventLoop.swift
[3488/3506] Compiling NIOCore EventLoopFuture.swift
[3489/3506] Compiling NIOCore FileDescriptor.swift
[3490/3506] Compiling NIOCore FileHandle.swift
[3491/3506] Compiling NIOCore FileRegion.swift
[3492/3506] Compiling NIOCore GlobalSingletons.swift
[3493/3506] Compiling NIOCore IO.swift
[3494/3506] Compiling NIOCore IOData.swift
[3495/3506] Compiling NIOCore IPProtocol.swift
[3496/3506] Compiling NIOCore IntegerBitPacking.swift
[3497/3506] Compiling NIOCore IntegerTypes.swift
[3498/3529] Compiling NIOCore Interfaces.swift
[3499/3529] Compiling NIOCore Linux.swift
[3500/3529] Compiling NIOCore MarkedCircularBuffer.swift
[3501/3529] Compiling NIOCore MulticastChannel.swift
[3502/3529] Compiling NIOCore NIOAny.swift
[3503/3529] Compiling NIOCore NIOCloseOnErrorHandler.swift
[3504/3529] Compiling NIOCore NIOCoreSendableMetatype.swift
[3505/3529] Compiling NIOCore NIODecodedAsyncSequence.swift
[3506/3529] Compiling NIOCore NIOLoopBound.swift
[3507/3529] Compiling NIOCore NIOPooledRecvBufferAllocator.swift
[3508/3529] Compiling NIOCore NIOScheduledCallback.swift
[3509/3529] Compiling NIOCore NIOSendable.swift
[3510/3529] Compiling NIOCore NIOSplitLinesMessageDecoder.swift
[3511/3529] Compiling NIOCore NIOTransportAccessibleChannelCore.swift
[3512/3529] Compiling NIOCore RecvByteBufferAllocator.swift
[3513/3529] Compiling NIOCore SingleStepByteToMessageDecoder.swift
[3514/3529] Compiling NIOCore SocketAddresses.swift
[3515/3529] Compiling NIOCore SocketOptionProvider.swift
[3516/3529] Compiling NIOCore SystemCallHelpers.swift
[3517/3529] Compiling NIOCore TimeAmount+Duration.swift
[3518/3529] Compiling NIOCore TypeAssistedChannelHandler.swift
[3519/3529] Compiling NIOCore UniversalBootstrapSupport.swift
[3520/3529] Compiling NIOCore Utilities.swift
[3521/3530] Emitting module AsyncAlgorithms
[3522/3550] Compiling AsyncAlgorithms AsyncAdjacentPairsSequence.swift
[3523/3550] Compiling AsyncAlgorithms AsyncBufferedByteIterator.swift
[3524/3550] Compiling AsyncAlgorithms AsyncChain2Sequence.swift
[3525/3550] Compiling AsyncAlgorithms AsyncChain3Sequence.swift
[3526/3550] Compiling AsyncAlgorithms AsyncChunkedByGroupSequence.swift
[3527/3550] Compiling AsyncAlgorithms AsyncChunkedOnProjectionSequence.swift
[3528/3550] Compiling AsyncAlgorithms AsyncChunksOfCountOrSignalSequence.swift
[3529/3550] Compiling AsyncAlgorithms AsyncChunksOfCountSequence.swift
[3530/3550] Compiling AsyncAlgorithms AsyncCompactedSequence.swift
[3531/3550] Compiling AsyncAlgorithms AsyncExclusiveReductionsSequence.swift
[3532/3550] Compiling AsyncAlgorithms AsyncInclusiveReductionsSequence.swift
[3533/3550] Compiling AsyncAlgorithms AsyncJoinedBySeparatorSequence.swift
[3534/3550] Compiling AsyncAlgorithms AsyncJoinedSequence.swift
[3535/3550] Compiling AsyncAlgorithms AsyncMapErrorSequence.swift
[3536/3550] Compiling AsyncAlgorithms AsyncRemoveDuplicatesSequence.swift
[3537/3550] Compiling AsyncAlgorithms AsyncShareSequence.swift
[3538/3550] Compiling AsyncAlgorithms AsyncSyncSequence.swift
[3539/3550] Compiling AsyncAlgorithms AsyncThrottleSequence.swift
[3540/3550] Compiling AsyncAlgorithms AsyncThrowingExclusiveReductionsSequence.swift
[3541/3550] Compiling AsyncAlgorithms AsyncThrowingInclusiveReductionsSequence.swift
[3542/3570] Compiling AsyncAlgorithms AsyncTimerSequence.swift
[3543/3570] Compiling AsyncAlgorithms AsyncBufferSequence.swift
[3544/3570] Compiling AsyncAlgorithms BoundedBufferStateMachine.swift
[3545/3570] Compiling AsyncAlgorithms BoundedBufferStorage.swift
[3546/3570] Compiling AsyncAlgorithms UnboundedBufferStateMachine.swift
[3547/3570] Compiling AsyncAlgorithms UnboundedBufferStorage.swift
[3548/3570] Compiling AsyncAlgorithms AsyncChannel.swift
[3549/3570] Compiling AsyncAlgorithms AsyncThrowingChannel.swift
[3550/3570] Compiling AsyncAlgorithms ChannelStateMachine.swift
[3551/3570] Compiling AsyncAlgorithms ChannelStorage.swift
[3552/3570] Compiling AsyncAlgorithms AsyncCombineLatest2Sequence.swift
[3553/3570] Compiling AsyncAlgorithms AsyncCombineLatest3Sequence.swift
[3554/3570] Compiling AsyncAlgorithms CombineLatestStateMachine.swift
[3555/3570] Compiling AsyncAlgorithms CombineLatestStorage.swift
[3556/3570] Compiling AsyncAlgorithms AsyncDebounceSequence.swift
[3557/3570] Compiling AsyncAlgorithms DebounceStateMachine.swift
[3558/3570] Compiling AsyncAlgorithms DebounceStorage.swift
[3559/3570] Compiling AsyncAlgorithms Dictionary.swift
[3560/3570] Compiling AsyncAlgorithms AsyncFlatMapLatestSequence.swift
[3561/3570] Compiling AsyncAlgorithms FlatMapLatestStateMachine.swift
[3562/3589] Compiling AsyncAlgorithms FlatMapLatestStorage.swift
[3563/3589] Compiling AsyncAlgorithms Disconnected.swift
[3564/3589] Compiling AsyncAlgorithms _TinyArray.swift
[3565/3589] Compiling AsyncAlgorithms AsyncInterspersedSequence.swift
[3566/3589] Compiling AsyncAlgorithms Locking.swift
[3567/3589] Compiling AsyncAlgorithms AsyncMerge2Sequence.swift
[3568/3589] Compiling AsyncAlgorithms AsyncMerge3Sequence.swift
[3569/3589] Compiling AsyncAlgorithms MergeStateMachine.swift
[3570/3589] Compiling AsyncAlgorithms MergeStorage.swift
[3571/3589] Compiling AsyncAlgorithms MultiProducerSingleConsumerAsyncChannel+Internal.swift
[3572/3589] Compiling AsyncAlgorithms MultiProducerSingleConsumerAsyncChannel.swift
[3573/3589] Compiling AsyncAlgorithms RangeReplaceableCollection.swift
[3574/3589] Compiling AsyncAlgorithms Rethrow.swift
[3575/3589] Compiling AsyncAlgorithms SetAlgebra.swift
[3576/3589] Compiling AsyncAlgorithms UnsafeTransfer.swift
[3577/3589] Compiling AsyncAlgorithms AsyncZip2Sequence.swift
[3578/3589] Compiling AsyncAlgorithms AsyncZip3Sequence.swift
[3579/3589] Compiling AsyncAlgorithms ZipStateMachine.swift
[3580/3589] Compiling AsyncAlgorithms ZipStorage.swift
[3581/3590] Emitting module NIOPosix
[3582/3609] Compiling NIOPosix BSDSocketAPICommon.swift
[3583/3609] Compiling NIOPosix BSDSocketAPIPosix.swift
[3584/3609] Compiling NIOPosix BSDSocketAPIWindows.swift
[3585/3609] Compiling NIOPosix BaseSocket.swift
[3586/3609] Compiling NIOPosix BaseSocketChannel+AccessibleTransport.swift
[3587/3609] Compiling NIOPosix BaseSocketChannel+SocketOptionProvider.swift
[3588/3609] Compiling NIOPosix BaseSocketChannel.swift
[3589/3609] Compiling NIOPosix BaseStreamSocketChannel.swift
[3590/3609] Compiling NIOPosix Bootstrap.swift
[3591/3609] Compiling NIOPosix ControlMessage.swift
[3592/3609] Compiling NIOPosix DatagramVectorReadManager.swift
[3593/3609] Compiling NIOPosix Errors+Any.swift
[3594/3609] Compiling NIOPosix FileDescriptor.swift
[3595/3609] Compiling NIOPosix GetaddrinfoResolver.swift
[3596/3609] Compiling NIOPosix HappyEyeballs.swift
[3597/3609] Compiling NIOPosix IO.swift
[3598/3609] Compiling NIOPosix IntegerBitPacking.swift
[3599/3609] Compiling NIOPosix IntegerTypes.swift
[3600/3609] Compiling NIOPosix Linux.swift
[3601/3628] Compiling NIOPosix LinuxCPUSet.swift
[3602/3628] Compiling NIOPosix LinuxUring.swift
[3603/3628] Compiling NIOPosix MultiThreadedEventLoopGroup.swift
[3604/3628] Compiling NIOPosix NIOPosixSendableMetatype.swift
[3605/3628] Compiling NIOPosix NIORandomizedDNSResolver.swift
[3606/3628] Compiling NIOPosix NIOThreadPool.swift
[3607/3628] Compiling NIOPosix NonBlockingFileIO.swift
[3608/3628] Compiling NIOPosix PendingDatagramWritesManager.swift
[3609/3628] Compiling NIOPosix PendingWritesManager.swift
[3610/3628] Compiling NIOPosix PipeChannel.swift
[3611/3628] Compiling NIOPosix PipePair.swift
[3612/3628] Compiling NIOPosix Pool.swift
[3613/3628] Compiling NIOPosix PosixSingletons+ConcurrencyTakeOver.swift
[3614/3628] Compiling NIOPosix PosixSingletons.swift
[3615/3628] Compiling NIOPosix RawSocketBootstrap.swift
[3616/3628] Compiling NIOPosix Resolver.swift
[3617/3628] Compiling NIOPosix Selectable.swift
[3618/3628] Compiling NIOPosix SelectableChannel.swift
[3619/3628] Compiling NIOPosix SelectableEventLoop.swift
[3620/3647] Compiling NIOPosix SelectorEpoll.swift
[3621/3647] Compiling NIOPosix SelectorGeneric.swift
[3622/3647] Compiling NIOPosix SelectorKqueue.swift
[3623/3647] Compiling NIOPosix SelectorUring.swift
[3624/3647] Compiling NIOPosix SelectorWSAPoll.swift
[3625/3647] Compiling NIOPosix ServerSocket.swift
[3626/3647] Compiling NIOPosix Socket.swift
[3627/3647] Compiling NIOPosix SocketChannel.swift
[3628/3647] Compiling NIOPosix SocketProtocols.swift
[3629/3647] Compiling NIOPosix StructuredConcurrencyHelpers.swift
[3630/3647] Compiling NIOPosix System.swift
[3631/3647] Compiling NIOPosix Thread.swift
[3632/3647] Compiling NIOPosix ThreadPosix.swift
[3633/3647] Compiling NIOPosix ThreadWindows.swift
[3634/3647] Compiling NIOPosix Utilities.swift
[3635/3647] Compiling NIOPosix VsockAddress.swift
[3636/3647] Compiling NIOPosix VsockChannelEvents.swift
[3637/3647] Compiling NIOPosix Windows.swift
[3638/3647] Compiling NIOPosix resource_bundle_accessor.swift
[3639/3648] Emitting module ServiceLifecycle
[3640/3657] Compiling ServiceLifecycle AsyncCancelOnGracefulShutdownSequence.swift
[3641/3657] Compiling ServiceLifecycle AsyncGracefulShutdownSequence.swift
[3642/3657] Compiling ServiceLifecycle CancellationWaiter.swift
[3643/3657] Compiling ServiceLifecycle ClosureService.swift
[3644/3657] Compiling ServiceLifecycle GracefulShutdown.swift
[3645/3657] Compiling ServiceLifecycle Service.swift
[3646/3657] Compiling ServiceLifecycle ServiceGroup.swift
[3647/3657] Compiling ServiceLifecycle ServiceGroupConfiguration.swift
[3648/3657] Compiling ServiceLifecycle ServiceRunnerError.swift
[3649/3658] Emitting module _NIOFileSystem
[3650/3678] Compiling _NIOFileSystem Array+FileSystem.swift
[3651/3678] Compiling _NIOFileSystem ArraySlice+FileSystem.swift
[3652/3678] Compiling _NIOFileSystem BufferedReader.swift
[3653/3678] Compiling _NIOFileSystem BufferedWriter.swift
[3654/3678] Compiling _NIOFileSystem ByteBuffer+FileSystem.swift
[3655/3678] Compiling _NIOFileSystem ByteCount.swift
[3656/3678] Compiling _NIOFileSystem Convenience.swift
[3657/3678] Compiling _NIOFileSystem DirectoryEntries.swift
[3658/3678] Compiling _NIOFileSystem DirectoryEntry.swift
[3659/3678] Compiling _NIOFileSystem Exports.swift
[3660/3678] Compiling _NIOFileSystem FileChunks.swift
[3661/3678] Compiling _NIOFileSystem FileHandle.swift
[3662/3678] Compiling _NIOFileSystem FileHandleProtocol.swift
[3663/3678] Compiling _NIOFileSystem FileInfo.swift
[3664/3678] Compiling _NIOFileSystem FileSystem.swift
[3665/3678] Compiling _NIOFileSystem FileSystemError+Syscall.swift
[3666/3678] Compiling _NIOFileSystem FileSystemError.swift
[3667/3678] Compiling _NIOFileSystem FileSystemProtocol.swift
[3668/3678] Compiling _NIOFileSystem FileType.swift
[3669/3678] Compiling _NIOFileSystem IOStrategy.swift
[3670/3698] Compiling _NIOFileSystem BufferedOrAnyStream.swift
[3671/3698] Compiling _NIOFileSystem BufferedStream.swift
[3672/3698] Compiling _NIOFileSystem Cancellation.swift
[3673/3698] Compiling _NIOFileSystem TokenBucket.swift
[3674/3698] Compiling _NIOFileSystem ParallelDirCopy.swift
[3675/3698] Compiling _NIOFileSystem ParallelRemoval.swift
[3676/3698] Compiling _NIOFileSystem String+UnsafeUnititializedCapacity.swift
[3677/3698] Compiling _NIOFileSystem CInterop.swift
[3678/3698] Compiling _NIOFileSystem Errno.swift
[3679/3698] Compiling _NIOFileSystem FileDescriptor+Syscalls.swift
[3680/3698] Compiling _NIOFileSystem Mocking.swift
[3681/3698] Compiling _NIOFileSystem Syscall.swift
[3682/3698] Compiling _NIOFileSystem Syscalls.swift
[3683/3698] Compiling _NIOFileSystem SystemFileHandle.swift
[3684/3698] Compiling _NIOFileSystem Utilities.swift
[3685/3698] Compiling _NIOFileSystem NIOFilePath.swift
[3686/3698] Compiling _NIOFileSystem NIOFileSystemSendableMetatype.swift
[3687/3698] Compiling _NIOFileSystem OpenOptions.swift
[3688/3698] Compiling _NIOFileSystem String+FileSystem.swift
[3689/3698] Compiling _NIOFileSystem resource_bundle_accessor.swift
[3690/3699] Emitting module NIOFoundationEssentialsCompat
[3691/3701] Compiling NIOFoundationEssentialsCompat ByteBuffer-foundation.swift
[3692/3701] Compiling NIOFoundationEssentialsCompat Codable+ByteBuffer.swift
[3693/3702] Emitting module NIOFileSystem
[3694/3703] Compiling NIOFileSystem Exports.swift
[3695/3704] Emitting module NIOEmbedded
[3696/3707] Compiling NIOEmbedded AsyncTestingChannel.swift
[3697/3707] Compiling NIOEmbedded AsyncTestingEventLoop.swift
[3698/3707] Compiling NIOEmbedded Embedded.swift
[3698/3707] Write sources
[3700/3708] Emitting module NIO
[3701/3709] Compiling NIO Exports.swift
[3702/3710] Emitting module Algorithms
[3703/3724] Compiling Algorithms AdjacentPairs.swift
[3704/3724] Compiling Algorithms Chain.swift
[3705/3724] Compiling Algorithms Chunked.swift
[3706/3724] Compiling Algorithms Combinations.swift
[3707/3724] Compiling Algorithms Compacted.swift
[3708/3724] Compiling Algorithms Cycle.swift
[3709/3724] Compiling Algorithms EitherSequence.swift
[3710/3724] Compiling Algorithms FirstNonNil.swift
[3711/3724] Compiling Algorithms FlattenCollection.swift
[3712/3724] Compiling Algorithms Grouped.swift
[3713/3724] Compiling Algorithms Indexed.swift
[3714/3724] Compiling Algorithms Intersperse.swift
[3715/3724] Compiling Algorithms Joined.swift
[3716/3724] Compiling Algorithms Keyed.swift
[3717/3737] Compiling Algorithms MinMax.swift
[3718/3737] Compiling Algorithms Partition.swift
[3719/3737] Compiling Algorithms Permutations.swift
[3720/3737] Compiling Algorithms Product.swift
[3721/3737] Compiling Algorithms RandomSample.swift
[3722/3737] Compiling Algorithms Reductions.swift
[3723/3737] Compiling Algorithms Rotate.swift
[3724/3737] Compiling Algorithms Split.swift
[3725/3737] Compiling Algorithms Stride.swift
[3726/3737] Compiling Algorithms Suffix.swift
[3727/3737] Compiling Algorithms Trim.swift
[3728/3737] Compiling Algorithms Unique.swift
[3729/3737] Compiling Algorithms Windows.swift
[3730/3738] Emitting module NIOTLS
[3731/3743] Compiling NIOTLS ApplicationProtocolNegotiationHandler.swift
[3732/3743] Compiling NIOTLS NIOTypedApplicationProtocolNegotiationHandler.swift
[3733/3743] Compiling NIOTLS ProtocolNegotiationHandlerStateMachine.swift
[3734/3743] Compiling NIOTLS SNIHandler.swift
[3735/3743] Compiling NIOTLS TLSEvents.swift
[3736/3744] Emitting module NIOSOCKS
[3737/3756] Compiling NIOSOCKS SOCKSClientHandler.swift
[3738/3756] Compiling NIOSOCKS SOCKSServerHandshakeHandler.swift
[3739/3756] Compiling NIOSOCKS AuthenticationMethod.swift
[3740/3756] Compiling NIOSOCKS ClientGreeting.swift
[3741/3756] Compiling NIOSOCKS Errors.swift
[3742/3756] Compiling NIOSOCKS Helpers.swift
[3743/3756] Compiling NIOSOCKS Messages.swift
[3744/3756] Compiling NIOSOCKS SOCKSRequest.swift
[3745/3756] Compiling NIOSOCKS SOCKSResponse.swift
[3746/3756] Compiling NIOSOCKS SelectedAuthenticationMethod.swift
[3747/3756] Compiling NIOSOCKS ClientStateMachine.swift
[3748/3756] Compiling NIOSOCKS ServerStateMachine.swift
[3749/3757] Emitting module NIOSSL
[3750/3774] Compiling NIOSSL AndroidCABundle.swift
[3751/3774] Compiling NIOSSL ByteBufferBIO.swift
[3752/3774] Compiling NIOSSL CustomPrivateKey.swift
[3753/3774] Compiling NIOSSL FreeBSDCABundle.swift
[3754/3774] Compiling NIOSSL IdentityVerification.swift
[3755/3774] Compiling NIOSSL LinuxCABundle.swift
[3756/3774] Compiling NIOSSL NIOSSLClientHandler.swift
[3757/3774] Compiling NIOSSL NIOSSLHandler+Configuration.swift
[3758/3774] Compiling NIOSSL NIOSSLHandler.swift
[3759/3774] Compiling NIOSSL NIOSSLServerHandler.swift
[3760/3774] Compiling NIOSSL ObjectIdentifier.swift
[3761/3774] Compiling NIOSSL PosixPort.swift
[3762/3774] Compiling NIOSSL SSLCallbacks.swift
[3763/3774] Compiling NIOSSL SSLCertificate.swift
[3764/3774] Compiling NIOSSL SSLCertificateExtensions.swift
[3765/3774] Compiling NIOSSL SSLCertificateName.swift
[3766/3774] Compiling NIOSSL SSLConnection.swift
[3767/3791] Compiling NIOSSL SSLContext.swift
[3768/3791] Compiling NIOSSL SSLErrors.swift
[3769/3791] Compiling NIOSSL SSLInit.swift
[3770/3791] Compiling NIOSSL SSLPKCS12Bundle.swift
[3771/3791] Compiling NIOSSL SSLPrivateKey.swift
[3772/3791] Compiling NIOSSL SSLPublicKey.swift
[3773/3791] Compiling NIOSSL SecurityFrameworkCertificateVerification.swift
[3774/3791] Compiling NIOSSL String+unsafeUninitializedCapacity.swift
[3775/3791] Compiling NIOSSL SubjectAlternativeName.swift
[3776/3791] Compiling NIOSSL NIOSSLSecureBytes.swift
[3777/3791] Compiling NIOSSL RNG.swift
[3778/3791] Compiling NIOSSL SafeCompare.swift
[3779/3791] Compiling NIOSSL Zeroization.swift
[3780/3791] Compiling NIOSSL TLSConfiguration.swift
[3781/3791] Compiling NIOSSL UniversalBootstrapSupport.swift
[3782/3791] Compiling NIOSSL UnsafeKeyAndChainTarget.swift
[3783/3791] Compiling NIOSSL resource_bundle_accessor.swift
[3784/3792] Emitting module NIOHTTP1
[3785/3810] Compiling NIOHTTP1 ByteCollectionUtils.swift
[3786/3810] Compiling NIOHTTP1 HTTPDecoder.swift
[3787/3810] Compiling NIOHTTP1 HTTPEncoder.swift
[3788/3810] Compiling NIOHTTP1 HTTPHeaderValidator.swift
[3789/3810] Compiling NIOHTTP1 HTTPHeaders+Validation.swift
[3790/3810] Compiling NIOHTTP1 HTTPPipelineSetup.swift
[3791/3810] Compiling NIOHTTP1 HTTPServerPipelineHandler.swift
[3792/3810] Compiling NIOHTTP1 HTTPServerProtocolErrorHandler.swift
[3793/3810] Compiling NIOHTTP1 HTTPServerRequestMethodQueue.swift
[3794/3810] Compiling NIOHTTP1 HTTPServerUpgradeHandler.swift
[3795/3810] Compiling NIOHTTP1 HTTPTypedPipelineSetup.swift
[3796/3810] Compiling NIOHTTP1 HTTPTypes.swift
[3797/3810] Compiling NIOHTTP1 NIOHTTPClientUpgradeHandler.swift
[3798/3810] Compiling NIOHTTP1 NIOHTTPObjectAggregator.swift
[3799/3810] Compiling NIOHTTP1 NIOTypedHTTPClientUpgradeHandler.swift
[3800/3810] Compiling NIOHTTP1 NIOTypedHTTPClientUpgraderStateMachine.swift
[3801/3810] Compiling NIOHTTP1 NIOTypedHTTPServerUpgradeHandler.swift
[3802/3810] Compiling NIOHTTP1 NIOTypedHTTPServerUpgraderStateMachine.swift
[3803/3811] Emitting module NIOFoundationCompat
[3804/3814] Compiling NIOFoundationCompat Exports.swift
[3805/3814] Compiling NIOFoundationCompat JSONSerialization+ByteBuffer.swift
[3806/3814] Compiling NIOFoundationCompat WaitSpinningRunLoop.swift
[3807/3815] Emitting module NIOHTTPCompression
[3808/3820] Compiling NIOHTTPCompression HTTPCompression.swift
[3809/3820] Compiling NIOHTTPCompression HTTPDecompression.swift
[3810/3820] Compiling NIOHTTPCompression HTTPDecompressor.swift
[3811/3820] Compiling NIOHTTPCompression HTTPRequestCompressor.swift
[3812/3820] Compiling NIOHTTPCompression HTTPResponseCompressor.swift
[3813/3821] Emitting module NIOTransportServices
[3814/3844] Compiling NIOTransportServices AcceptHandler.swift
[3815/3844] Compiling NIOTransportServices NIOTSDatagramConnectionBootstrap.swift
[3816/3844] Compiling NIOTransportServices NIOTSDatagramConnectionChannel.swift
[3817/3844] Compiling NIOTransportServices NIOTSDatagramListenerBootstrap.swift
[3818/3844] Compiling NIOTransportServices NIOTSDatagramListenerChannel.swift
[3819/3844] Compiling NIOTransportServices NIOFilterEmptyWritesHandler.swift
[3820/3844] Compiling NIOTransportServices NIOTSBootstraps.swift
[3821/3844] Compiling NIOTransportServices NIOTSChannelOptions.swift
[3822/3844] Compiling NIOTransportServices NIOTSConnectionBootstrap.swift
[3823/3844] Compiling NIOTransportServices NIOTSConnectionChannel.swift
[3824/3844] Compiling NIOTransportServices NIOTSErrors.swift
[3825/3844] Compiling NIOTransportServices NIOTSEventLoop.swift
[3826/3844] Compiling NIOTransportServices NIOTSEventLoopGroup.swift
[3827/3844] Compiling NIOTransportServices NIOTSListenerBootstrap.swift
[3828/3844] Compiling NIOTransportServices NIOTSListenerChannel.swift
[3829/3844] Compiling NIOTransportServices NIOTSNetworkEvents.swift
[3830/3844] Compiling NIOTransportServices NIOTSSingletons.swift
[3831/3844] Compiling NIOTransportServices SocketAddress+NWEndpoint.swift
[3832/3844] Compiling NIOTransportServices StateManagedChannel.swift
[3833/3844] Compiling NIOTransportServices StateManagedListenerChannel.swift
[3834/3844] Compiling NIOTransportServices StateManagedNWConnectionChannel.swift
[3835/3844] Compiling NIOTransportServices TCPOptions+SocketChannelOption.swift
[3836/3844] Compiling NIOTransportServices UDPOptions+SocketChannelOption.swift
[3837/3845] Emitting module NIOHPACK
[3838/3856] Compiling NIOHPACK DynamicHeaderTable.swift
[3839/3856] Compiling NIOHPACK HPACKDecoder.swift
[3840/3856] Compiling NIOHPACK HPACKEncoder.swift
[3841/3856] Compiling NIOHPACK HPACKErrors.swift
[3842/3856] Compiling NIOHPACK HPACKHeader.swift
[3843/3856] Compiling NIOHPACK HeaderTables.swift
[3844/3856] Compiling NIOHPACK HuffmanCoding.swift
[3845/3856] Compiling NIOHPACK HuffmanTables.swift
[3846/3856] Compiling NIOHPACK IndexedHeaderTable.swift
[3847/3856] Compiling NIOHPACK IntegerCoding.swift
[3848/3856] Compiling NIOHPACK StaticHeaderTable.swift
[3849/3857] Emitting module NIOExtras
[3850/3876] Compiling NIOExtras DebugInboundEventsHandler.swift
[3851/3876] Compiling NIOExtras DebugOutboundEventsHandler.swift
[3852/3876] Compiling NIOExtras FixedLengthFrameDecoder.swift
[3853/3876] Compiling NIOExtras HTTP1ProxyConnectHandler.swift
[3854/3876] Compiling NIOExtras JSONRPCFraming+ContentLengthHeader.swift
[3855/3876] Compiling NIOExtras JSONRPCFraming.swift
[3856/3876] Compiling NIOExtras LengthFieldBasedFrameDecoder.swift
[3857/3876] Compiling NIOExtras LengthFieldPrepender.swift
[3858/3876] Compiling NIOExtras LineBasedFrameDecoder.swift
[3859/3876] Compiling NIOExtras MarkedCircularBuffer+PopFirstCheckMarked.swift
[3860/3876] Compiling NIOExtras NIOExtrasError.swift
[3861/3876] Compiling NIOExtras NIOLengthFieldBitLength.swift
[3862/3876] Compiling NIOExtras NIORequestIdentifiable.swift
[3863/3876] Compiling NIOExtras PCAPRingBuffer.swift
[3864/3876] Compiling NIOExtras QuiescingHelper.swift
[3865/3876] Compiling NIOExtras RequestResponseHandler.swift
[3866/3876] Compiling NIOExtras RequestResponseHandlers+State.swift
[3867/3876] Compiling NIOExtras RequestResponseWithIDHandler.swift
[3868/3876] Compiling NIOExtras WritePCAPHandler.swift
[3869/3877] Emitting module NIOHTTP2
[3870/3901] Compiling NIOHTTP2 ConnectionStateMachine.swift
[3871/3901] Compiling NIOHTTP2 ConnectionStreamsState.swift
[3872/3901] Compiling NIOHTTP2 MayReceiveFrames.swift
[3873/3901] Compiling NIOHTTP2 ReceivingDataState.swift
[3874/3901] Compiling NIOHTTP2 ReceivingGoAwayState.swift
[3875/3901] Compiling NIOHTTP2 ReceivingHeadersState.swift
[3876/3901] Compiling NIOHTTP2 ReceivingPushPromiseState.swift
[3877/3901] Compiling NIOHTTP2 ReceivingRstStreamState.swift
[3878/3901] Compiling NIOHTTP2 ReceivingWindowUpdateState.swift
[3879/3901] Compiling NIOHTTP2 MaySendFrames.swift
[3880/3901] Compiling NIOHTTP2 SendingDataState.swift
[3881/3901] Compiling NIOHTTP2 SendingGoawayState.swift
[3882/3901] Compiling NIOHTTP2 SendingHeadersState.swift
[3883/3901] Compiling NIOHTTP2 SendingPushPromiseState.swift
[3884/3901] Compiling NIOHTTP2 SendingRstStreamState.swift
[3885/3901] Compiling NIOHTTP2 SendingWindowUpdateState.swift
[3886/3901] Compiling NIOHTTP2 HTTP2SettingsState.swift
[3887/3901] Compiling NIOHTTP2 HasExtendedConnectSettings.swift
[3888/3901] Compiling NIOHTTP2 HasFlowControlWindows.swift
[3889/3901] Compiling NIOHTTP2 HasLocalSettings.swift
[3890/3901] Compiling NIOHTTP2 HasRemoteSettings.swift
[3891/3901] Compiling NIOHTTP2 LocallyQuiescingState.swift
[3892/3901] Compiling NIOHTTP2 QuiescingState.swift
[3893/3901] Compiling NIOHTTP2 RemotelyQuiescingState.swift
[3894/3924] Compiling NIOHTTP2 SendAndReceiveGoawayState.swift
[3895/3924] Compiling NIOHTTP2 StateMachineResult.swift
[3896/3924] Compiling NIOHTTP2 ContentLengthVerifier.swift
[3897/3924] Compiling NIOHTTP2 DOSHeuristics.swift
[3898/3924] Compiling NIOHTTP2 Error+Any.swift
[3899/3924] Compiling NIOHTTP2 ConcurrentStreamBuffer.swift
[3900/3924] Compiling NIOHTTP2 ControlFrameBuffer.swift
[3901/3924] Compiling NIOHTTP2 OutboundFlowControlBuffer.swift
[3902/3924] Compiling NIOHTTP2 OutboundFrameBuffer.swift
[3903/3924] Compiling NIOHTTP2 GlitchesMonitor.swift
[3904/3924] Compiling NIOHTTP2 HPACKHeaders+Validation.swift
[3905/3924] Compiling NIOHTTP2 HTTP2ChannelHandler+InboundStreamMultiplexer.swift
[3906/3924] Compiling NIOHTTP2 HTTP2ChannelHandler+InlineStreamMultiplexer.swift
[3907/3924] Compiling NIOHTTP2 HTTP2ChannelHandler.swift
[3908/3924] Compiling NIOHTTP2 HTTP2CommonInboundStreamMultiplexer.swift
[3909/3924] Compiling NIOHTTP2 HTTP2ConnectionStateChange.swift
[3910/3924] Compiling NIOHTTP2 HTTP2Error.swift
[3911/3924] Compiling NIOHTTP2 HTTP2ErrorCode.swift
[3912/3924] Compiling NIOHTTP2 HTTP2FlowControlWindow.swift
[3913/3924] Compiling NIOHTTP2 HTTP2Frame.swift
[3914/3924] Compiling NIOHTTP2 HTTP2FrameEncoder.swift
[3915/3924] Compiling NIOHTTP2 HTTP2FrameParser.swift
[3916/3924] Compiling NIOHTTP2 HTTP2PingData.swift
[3917/3947] Compiling NIOHTTP2 HTTP2PipelineHelpers.swift
[3918/3947] Compiling NIOHTTP2 HTTP2Settings.swift
[3919/3947] Compiling NIOHTTP2 HTTP2Stream.swift
[3920/3947] Compiling NIOHTTP2 HTTP2StreamChannel+OutboundStreamMultiplexer.swift
[3921/3947] Compiling NIOHTTP2 HTTP2StreamChannel.swift
[3922/3947] Compiling NIOHTTP2 HTTP2StreamDelegate.swift
[3923/3947] Compiling NIOHTTP2 HTTP2StreamID.swift
[3924/3947] Compiling NIOHTTP2 HTTP2StreamMultiplexer.swift
[3925/3947] Compiling NIOHTTP2 HTTP2ToHTTP1Codec.swift
[3926/3947] Compiling NIOHTTP2 HTTP2UserEvents.swift
[3927/3947] Compiling NIOHTTP2 InboundEventBuffer.swift
[3928/3947] Compiling NIOHTTP2 InboundWindowManager.swift
[3929/3947] Compiling NIOHTTP2 MultiplexerAbstractChannel.swift
[3930/3947] Compiling NIOHTTP2 NIOHTTP2FrameDelegate.swift
[3931/3947] Compiling NIOHTTP2 NIOHTTP2ServerConnectionManagementHandler+StateMachine.swift
[3932/3947] Compiling NIOHTTP2 NIOHTTP2ServerConnectionManagementHandler.swift
[3933/3947] Compiling NIOHTTP2 StreamChannelFlowController.swift
[3934/3947] Compiling NIOHTTP2 StreamChannelList.swift
[3935/3947] Compiling NIOHTTP2 StreamMap.swift
[3936/3947] Compiling NIOHTTP2 StreamStateMachine.swift
[3937/3947] Compiling NIOHTTP2 Timer.swift
[3938/3947] Compiling NIOHTTP2 UnsafeTransfer.swift
[3939/3947] Compiling NIOHTTP2 WatermarkedFlowController.swift
[3940/3948] Emitting module NIOCertificateReloading
[3941/3950] Compiling NIOCertificateReloading CertificateReloader.swift
[3942/3950] Compiling NIOCertificateReloading TimedCertificateReloader.swift
[3943/3951] Emitting module GRPCNIOTransportCore
[3944/3973] Compiling GRPCNIOTransportCore Backoff.swift
[3945/3973] Compiling GRPCNIOTransportCore ClientConnectionHandler.swift
[3946/3973] Compiling GRPCNIOTransportCore Connection.swift
[3947/3973] Compiling GRPCNIOTransportCore ConnectionFactory.swift
[3948/3973] Compiling GRPCNIOTransportCore ConnectivityState.swift
[3949/3973] Compiling GRPCNIOTransportCore GRPCChannel.swift
[3950/3973] Compiling GRPCNIOTransportCore LoadBalancer.swift
[3951/3973] Compiling GRPCNIOTransportCore LoadBalancerEvent.swift
[3952/3973] Compiling GRPCNIOTransportCore PickFirstLoadBalancer.swift
[3953/3973] Compiling GRPCNIOTransportCore RoundRobinLoadBalancer.swift
[3954/3973] Compiling GRPCNIOTransportCore Subchannel.swift
[3955/3973] Compiling GRPCNIOTransportCore RequestQueue.swift
[3956/3973] Compiling GRPCNIOTransportCore GRPCClientStreamHandler.swift
[3957/3973] Compiling GRPCNIOTransportCore HTTP2ClientTransport.swift
[3958/3973] Compiling GRPCNIOTransportCore DNSResolver.swift
[3959/3973] Compiling GRPCNIOTransportCore NameResolver+DNS.swift
[3960/3973] Compiling GRPCNIOTransportCore NameResolver+IPv4.swift
[3961/3973] Compiling GRPCNIOTransportCore NameResolver+IPv6.swift
[3962/3973] Compiling GRPCNIOTransportCore NameResolver+UDS.swift
[3963/3973] Compiling GRPCNIOTransportCore NameResolver+VSOCK.swift
[3964/3973] Compiling GRPCNIOTransportCore NameResolver.swift
[3965/3973] Compiling GRPCNIOTransportCore NameResolverRegistry.swift
[3966/3995] Compiling GRPCNIOTransportCore SocketAddress.swift
[3967/3995] Compiling GRPCNIOTransportCore WrappedChannel+Config.swift
[3968/3995] Compiling GRPCNIOTransportCore WrappedChannel+State.swift
[3969/3995] Compiling GRPCNIOTransportCore WrappedChannel.swift
[3970/3995] Compiling GRPCNIOTransportCore CompressionAlgorithm.swift
[3971/3995] Compiling GRPCNIOTransportCore Zlib.swift
[3972/3995] Compiling GRPCNIOTransportCore GRPCMessageDecoder.swift
[3973/3995] Compiling GRPCNIOTransportCore GRPCMessageFramer.swift
[3974/3995] Compiling GRPCNIOTransportCore GRPCNIOTransportBytes.swift
[3975/3995] Compiling GRPCNIOTransportCore GRPCStreamStateMachine.swift
[3976/3995] Compiling GRPCNIOTransportCore Base64.swift
[3977/3995] Compiling GRPCNIOTransportCore CallOptions+MethodConfig.swift
[3978/3995] Compiling GRPCNIOTransportCore Channel+AddressInfo.swift
[3979/3995] Compiling GRPCNIOTransportCore ConstantAsyncSequence.swift
[3980/3995] Compiling GRPCNIOTransportCore ContentType.swift
[3981/3995] Compiling GRPCNIOTransportCore DebugOnly.swift
[3982/3995] Compiling GRPCNIOTransportCore DiscardingTaskGroup+CancellableHandle.swift
[3983/3995] Compiling GRPCNIOTransportCore EventLoopFuture+ChannelInitializer.swift
[3984/3995] Compiling GRPCNIOTransportCore FlushCoalescingHandler.swift
[3985/3995] Compiling GRPCNIOTransportCore GRPCStatusMessageMarshaller.swift
[3986/3995] Compiling GRPCNIOTransportCore IPv6ScopeID.swift
[3987/3995] Compiling GRPCNIOTransportCore MethodConfigs.swift
[3988/4017] Compiling GRPCNIOTransportCore MethodDescriptor+IsKnown.swift
[3989/4017] Compiling GRPCNIOTransportCore NIOChannel+WaitForActive.swift
[3990/4017] Compiling GRPCNIOTransportCore NIOChannelPipeline+GRPC.swift
[3991/4017] Compiling GRPCNIOTransportCore NIOSocketAddress+GRPCSocketAddress.swift
[3992/4017] Compiling GRPCNIOTransportCore PercentEncoding.swift
[3993/4017] Compiling GRPCNIOTransportCore ProcessUniqueID.swift
[3994/4017] Compiling GRPCNIOTransportCore Result+Catching.swift
[3995/4017] Compiling GRPCNIOTransportCore Timer.swift
[3996/4017] Compiling GRPCNIOTransportCore ListeningServerTransport.swift
[3997/4017] Compiling GRPCNIOTransportCore OneOrManyQueue.swift
[3998/4017] Compiling GRPCNIOTransportCore GRPCServerFlushNotificationHandler.swift
[3999/4017] Compiling GRPCNIOTransportCore ServerConnection.swift
[4000/4017] Compiling GRPCNIOTransportCore ServerConnectionManagementHandler+StateMachine.swift
[4001/4017] Compiling GRPCNIOTransportCore ServerConnectionManagementHandler.swift
[4002/4017] Compiling GRPCNIOTransportCore ConnectionConfigurator.swift
[4003/4017] Compiling GRPCNIOTransportCore CustomTransport.swift
[4004/4017] Compiling GRPCNIOTransportCore GRPCServerStreamHandler.swift
[4005/4017] Compiling GRPCNIOTransportCore HTTP2ServerTransport.swift
[4006/4017] Compiling GRPCNIOTransportCore ListenerConfigurator.swift
[4007/4017] Compiling GRPCNIOTransportCore ListenerFactory.swift
[4008/4017] Compiling GRPCNIOTransportCore TLSConfig+Internal.swift
[4009/4017] Compiling GRPCNIOTransportCore TLSConfig.swift
[4010/4018] Emitting module ContainerizationIO
[4011/4019] Compiling ContainerizationIO ReadStream.swift
[4012/4020] Emitting module GRPCNIOTransportHTTP2TransportServices
[4013/4024] Compiling GRPCNIOTransportHTTP2TransportServices Config+TLS.swift
[4014/4024] Compiling GRPCNIOTransportHTTP2TransportServices Exports.swift
[4015/4024] Compiling GRPCNIOTransportHTTP2TransportServices HTTP2ClientTransport+TransportServices.swift
[4016/4024] Compiling GRPCNIOTransportHTTP2TransportServices HTTP2ServerTransport+TransportServices.swift
[4017/4025] Emitting module GRPCNIOTransportHTTP2Posix
[4018/4032] Compiling GRPCNIOTransportHTTP2Posix Config+TLS.swift
[4019/4032] Compiling GRPCNIOTransportHTTP2Posix Exports.swift
[4020/4032] Compiling GRPCNIOTransportHTTP2Posix HTTP2ClientTransport+Posix.swift
[4021/4032] Compiling GRPCNIOTransportHTTP2Posix HTTP2ServerTransport+Posix.swift
[4022/4032] Compiling GRPCNIOTransportHTTP2Posix NIOClientBootstrap+SocketAddress.swift
[4023/4032] Compiling GRPCNIOTransportHTTP2Posix NIOSSL+GRPC.swift
[4024/4032] Compiling GRPCNIOTransportHTTP2Posix ValidatedCertificateChain.swift
[4025/4033] Emitting module ContainerizationExtras
[4026/4056] Compiling ContainerizationExtras AddressAllocator.swift
[4027/4056] Compiling ContainerizationExtras AddressError.swift
[4028/4056] Compiling ContainerizationExtras AsyncLock.swift
[4029/4056] Compiling ContainerizationExtras AsyncMutex.swift
[4030/4056] Compiling ContainerizationExtras CIDR.swift
[4031/4056] Compiling ContainerizationExtras CIDRv4.swift
[4032/4056] Compiling ContainerizationExtras CIDRv6.swift
[4033/4056] Compiling ContainerizationExtras FileManager+Temporary.swift
[4034/4056] Compiling ContainerizationExtras IPAddress.swift
[4035/4056] Compiling ContainerizationExtras IPv4Address.swift
[4036/4056] Compiling ContainerizationExtras IPv6Address+Parse.swift
[4037/4056] Compiling ContainerizationExtras IPv6Address.swift
[4038/4056] Compiling ContainerizationExtras IndexedAddressAllocator.swift
[4039/4056] Compiling ContainerizationExtras MACAddress.swift
[4040/4056] Compiling ContainerizationExtras NetworkAddress+Allocator.swift
[4041/4056] Compiling ContainerizationExtras NetworkConfiguration.swift
[4042/4056] Compiling ContainerizationExtras Prefix.swift
[4043/4056] Compiling ContainerizationExtras ProgressEvent.swift
[4044/4056] Compiling ContainerizationExtras ProxyUtils.swift
[4045/4056] Compiling ContainerizationExtras RotatingAddressAllocator.swift
[4046/4056] Compiling ContainerizationExtras TLSUtils.swift
[4047/4056] Compiling ContainerizationExtras Timeout.swift
[4048/4056] Compiling ContainerizationExtras UInt8+DataBinding.swift
[4049/4057] Emitting module GRPCNIOTransportHTTP2
[4050/4058] Compiling GRPCNIOTransportHTTP2 Exports.swift
[4051/4059] Emitting module ContainerizationArchive
[4052/4065] Compiling ContainerizationArchive ArchiveError.swift
[4053/4065] Compiling ContainerizationArchive ArchiveReader.swift
[4054/4065] Compiling ContainerizationArchive ArchiveWriter.swift
[4055/4065] Compiling ContainerizationArchive ArchiveWriterConfiguration.swift
[4056/4065] Compiling ContainerizationArchive TempDir.swift
[4057/4065] Compiling ContainerizationArchive WriteEntry.swift
[4058/4066] Emitting module AsyncHTTPClient
[4059/4090] Compiling AsyncHTTPClient AnyAsyncSequence.swift
[4060/4090] Compiling AsyncHTTPClient AnyAsyncSequenceProucerDelete.swift
[4061/4090] Compiling AsyncHTTPClient AsyncLazySequence.swift
[4062/4090] Compiling AsyncHTTPClient HTTPClient+execute.swift
[4063/4090] Compiling AsyncHTTPClient HTTPClient+shutdown.swift
[4064/4090] Compiling AsyncHTTPClient HTTPClient+tracing.swift
[4065/4090] Compiling AsyncHTTPClient HTTPClientRequest+Prepared.swift
[4066/4090] Compiling AsyncHTTPClient HTTPClientRequest+auth.swift
[4067/4090] Compiling AsyncHTTPClient HTTPClientRequest.swift
[4068/4090] Compiling AsyncHTTPClient HTTPClientResponse.swift
[4069/4090] Compiling AsyncHTTPClient SingleIteratorPrecondition.swift
[4070/4090] Compiling AsyncHTTPClient Transaction+StateMachine.swift
[4071/4090] Compiling AsyncHTTPClient Transaction.swift
[4072/4090] Compiling AsyncHTTPClient Base64.swift
[4073/4090] Compiling AsyncHTTPClient BasicAuth.swift
[4074/4090] Compiling AsyncHTTPClient BestEffortHashableTLSConfiguration.swift
[4075/4090] Compiling AsyncHTTPClient Configuration+BrowserLike.swift
[4076/4090] Compiling AsyncHTTPClient ConnectionPool.swift
[4077/4090] Compiling AsyncHTTPClient HTTP1ProxyConnectHandler.swift
[4078/4090] Compiling AsyncHTTPClient SOCKSEventsHandler.swift
[4079/4090] Compiling AsyncHTTPClient TLSEventsHandler.swift
[4080/4090] Compiling AsyncHTTPClient HTTP1ClientChannelHandler.swift
[4081/4090] Compiling AsyncHTTPClient HTTP1Connection.swift
[4082/4090] Compiling AsyncHTTPClient HTTP1ConnectionStateMachine.swift
[4083/4114] Compiling AsyncHTTPClient HTTP2ClientRequestHandler.swift
[4084/4114] Compiling AsyncHTTPClient HTTP2Connection.swift
[4085/4114] Compiling AsyncHTTPClient HTTP2IdleHandler.swift
[4086/4114] Compiling AsyncHTTPClient HTTPConnectionEvent.swift
[4087/4114] Compiling AsyncHTTPClient HTTPConnectionPool+Factory.swift
[4088/4114] Compiling AsyncHTTPClient HTTPConnectionPool+Manager.swift
[4089/4114] Compiling AsyncHTTPClient HTTPConnectionPool.swift
[4090/4114] Compiling AsyncHTTPClient HTTPExecutableRequest.swift
[4091/4114] Compiling AsyncHTTPClient HTTPRequestStateMachine+Demand.swift
[4092/4114] Compiling AsyncHTTPClient HTTPRequestStateMachine.swift
[4093/4114] Compiling AsyncHTTPClient RequestBodyLength.swift
[4094/4114] Compiling AsyncHTTPClient RequestFramingMetadata.swift
[4095/4114] Compiling AsyncHTTPClient RequestOptions.swift
[4096/4114] Compiling AsyncHTTPClient HTTPConnectionPool+Backoff.swift
[4097/4114] Compiling AsyncHTTPClient HTTPConnectionPool+HTTP1Connections.swift
[4098/4114] Compiling AsyncHTTPClient HTTPConnectionPool+HTTP1StateMachine.swift
[4099/4114] Compiling AsyncHTTPClient HTTPConnectionPool+HTTP2Connections.swift
[4100/4114] Compiling AsyncHTTPClient HTTPConnectionPool+HTTP2StateMachine.swift
[4101/4114] Compiling AsyncHTTPClient HTTPConnectionPool+RequestQueue.swift
[4102/4114] Compiling AsyncHTTPClient HTTPConnectionPool+StateMachine.swift
[4103/4114] Compiling AsyncHTTPClient ConnectionTarget.swift
[4104/4114] Compiling AsyncHTTPClient DeconstructedURL.swift
[4105/4114] Compiling AsyncHTTPClient FileDownloadDelegate.swift
[4106/4114] Compiling AsyncHTTPClient FoundationExtensions.swift
[4107/4137] Compiling AsyncHTTPClient HTTPClient+HTTPCookie.swift
[4108/4137] Compiling AsyncHTTPClient HTTPClient+Proxy.swift
[4109/4137] Compiling AsyncHTTPClient HTTPClient+StructuredConcurrency.swift
[4110/4137] Compiling AsyncHTTPClient HTTPClient.swift
[4111/4137] Compiling AsyncHTTPClient HTTPClientConfiguration+SwiftConfiguration.swift
[4112/4137] Compiling AsyncHTTPClient HTTPHandler.swift
[4113/4137] Compiling AsyncHTTPClient LRUCache.swift
[4114/4137] Compiling AsyncHTTPClient NIOLoopBound+Execute.swift
[4115/4137] Compiling AsyncHTTPClient NWErrorHandler.swift
[4116/4137] Compiling AsyncHTTPClient NWWaitingHandler.swift
[4117/4137] Compiling AsyncHTTPClient TLSConfiguration.swift
[4118/4137] Compiling AsyncHTTPClient RedirectState.swift
[4119/4137] Compiling AsyncHTTPClient RequestBag+StateMachine.swift
[4120/4137] Compiling AsyncHTTPClient RequestBag+Tracing.swift
[4121/4137] Compiling AsyncHTTPClient RequestBag.swift
[4122/4137] Compiling AsyncHTTPClient RequestValidation.swift
[4123/4137] Compiling AsyncHTTPClient SSLContextCache.swift
[4124/4137] Compiling AsyncHTTPClient Scheme.swift
[4125/4137] Compiling AsyncHTTPClient Singleton.swift
[4126/4137] Compiling AsyncHTTPClient StringConvertibleInstances.swift
[4127/4137] Compiling AsyncHTTPClient StructuredConcurrencyHelpers.swift
[4128/4137] Compiling AsyncHTTPClient TracingSupport.swift
[4129/4137] Compiling AsyncHTTPClient Utils.swift
[4130/4138] Emitting module ContainerizationEXT4
[4131/4154] Compiling ContainerizationEXT4 EXT4+Extensions.swift
[4132/4154] Compiling ContainerizationEXT4 EXT4+FileTree.swift
[4133/4154] Compiling ContainerizationEXT4 EXT4+Formatter.swift
[4134/4154] Compiling ContainerizationEXT4 EXT4+Journal.swift
[4135/4154] Compiling ContainerizationEXT4 EXT4+Ptr.swift
[4136/4154] Compiling ContainerizationEXT4 EXT4+Reader.swift
[4137/4154] Compiling ContainerizationEXT4 EXT4+Types.swift
[4138/4154] Compiling ContainerizationEXT4 EXT4+Xattrs.swift
[4139/4154] Compiling ContainerizationEXT4 EXT4.swift
[4140/4154] Compiling ContainerizationEXT4 EXT4Reader+Export.swift
[4141/4154] Compiling ContainerizationEXT4 EXT4Reader+IO.swift
[4142/4154] Compiling ContainerizationEXT4 FilePath+Extensions.swift
[4143/4154] Compiling ContainerizationEXT4 FileTimestamps.swift
[4144/4154] Compiling ContainerizationEXT4 Formatter+Unpack.swift
[4145/4154] Compiling ContainerizationEXT4 Integer+Extensions.swift
[4146/4154] Compiling ContainerizationEXT4 UnsafeLittleEndianBytes.swift
[4147/4155] Emitting module ContainerizationOCI
[4148/4171] Compiling ContainerizationOCI AnnotationKeys.swift
[4149/4171] Compiling ContainerizationOCI Bundle.swift
[4150/4171] Compiling ContainerizationOCI Authentication.swift
[4151/4171] Compiling ContainerizationOCI KeychainHelper.swift
[4152/4171] Compiling ContainerizationOCI LocalOCILayoutClient.swift
[4153/4171] Compiling ContainerizationOCI RegistryClient+Catalog.swift
[4154/4171] Compiling ContainerizationOCI RegistryClient+Error.swift
[4155/4171] Compiling ContainerizationOCI RegistryClient+Fetch.swift
[4156/4171] Compiling ContainerizationOCI RegistryClient+Push.swift
[4157/4171] Compiling ContainerizationOCI RegistryClient+Referrers.swift
[4158/4171] Compiling ContainerizationOCI RegistryClient+Token.swift
[4159/4171] Compiling ContainerizationOCI RegistryClient.swift
[4160/4171] Compiling ContainerizationOCI AsyncTypes.swift
[4161/4171] Compiling ContainerizationOCI Content.swift
[4162/4171] Compiling ContainerizationOCI ContentStoreProtocol.swift
[4163/4171] Compiling ContainerizationOCI ContentWriter.swift
[4164/4187] Compiling ContainerizationOCI LocalContent.swift
[4165/4187] Compiling ContainerizationOCI LocalContentStore.swift
[4166/4187] Compiling ContainerizationOCI SHA256+Extensions.swift
[4167/4187] Compiling ContainerizationOCI String+Extension.swift
[4168/4187] Compiling ContainerizationOCI URL+Extensions.swift
[4169/4187] Compiling ContainerizationOCI Descriptor.swift
[4170/4187] Compiling ContainerizationOCI FileManager+Size.swift
[4171/4187] Compiling ContainerizationOCI ImageConfig.swift
[4172/4187] Compiling ContainerizationOCI Index.swift
[4173/4187] Compiling ContainerizationOCI Manifest.swift
[4174/4187] Compiling ContainerizationOCI MediaType.swift
[4175/4187] Compiling ContainerizationOCI Platform.swift
[4176/4187] Compiling ContainerizationOCI Reference.swift
[4177/4187] Compiling ContainerizationOCI Spec.swift
[4178/4187] Compiling ContainerizationOCI State.swift
[4179/4187] Compiling ContainerizationOCI Version.swift
[4180/4188] Emitting module Containerization
[4181/4207] Compiling Containerization AttachedFilesystem.swift
[4182/4207] Compiling Containerization Container.swift
[4183/4207] Compiling Containerization ContainerManager.swift
[4184/4207] Compiling Containerization ContainerStatistics.swift
[4185/4207] Compiling Containerization DNSConfiguration.swift
[4186/4207] Compiling Containerization ExitStatus.swift
[4187/4207] Compiling Containerization FileMount.swift
[4188/4207] Compiling Containerization HTTP2ConnectBufferingHandler.swift
[4189/4207] Compiling Containerization Hash.swift
[4190/4207] Compiling Containerization HostsConfiguration.swift
[4191/4207] Compiling Containerization HotplugProvider.swift
[4192/4207] Compiling Containerization ReaderStream.swift
[4193/4207] Compiling Containerization Terminal+ReaderStream.swift
[4194/4207] Compiling Containerization Writer.swift
[4195/4207] Compiling Containerization Image.swift
[4196/4207] Compiling Containerization ImageStore+Export.swift
[4197/4207] Compiling Containerization ImageStore+Import.swift
[4198/4207] Compiling Containerization ImageStore+OCILayout.swift
[4199/4207] Compiling Containerization ImageStore+ReferenceManager.swift
[4200/4226] Compiling Containerization ImageStore.swift
[4201/4226] Compiling Containerization InitImage.swift
[4202/4226] Compiling Containerization KernelImage.swift
[4203/4226] Compiling Containerization EXT4Unpacker.swift
[4204/4226] Compiling Containerization Unpacker.swift
[4205/4226] Compiling Containerization Interface.swift
[4206/4226] Compiling Containerization Kernel.swift
[4207/4226] Compiling Containerization LinuxContainer.swift
[4208/4226] Compiling Containerization LinuxPod.swift
[4209/4226] Compiling Containerization LinuxProcess.swift
[4210/4226] Compiling Containerization LinuxProcessConfiguration.swift
[4211/4226] Compiling Containerization Mount.swift
[4212/4226] Compiling Containerization NATInterface.swift
[4213/4226] Compiling Containerization NATNetworkInterface.swift
[4214/4226] Compiling Containerization Network.swift
[4215/4226] Compiling Containerization SandboxContext.grpc.swift
[4216/4226] Compiling Containerization SandboxContext.pb.swift
[4217/4226] Compiling Containerization Signal.swift
[4218/4226] Compiling Containerization SystemPlatform.swift
[4219/4244] Compiling Containerization TimeSyncer.swift
[4220/4244] Compiling Containerization UnixSocketConfiguration.swift
[4221/4244] Compiling Containerization UnixSocketRelay.swift
[4222/4244] Compiling Containerization UnixSocketRelayManager.swift
[4223/4244] Compiling Containerization VMConfiguration.swift
[4224/4244] Compiling Containerization VZVirtualMachine+Helpers.swift
[4225/4244] Compiling Containerization VZVirtualMachineInstance.swift
[4226/4244] Compiling Containerization VZVirtualMachineManager.swift
[4227/4244] Compiling Containerization VirtualMachineAgent+Additions.swift
[4228/4244] Compiling Containerization VirtualMachineAgent+Interface.swift
[4229/4244] Compiling Containerization VirtualMachineAgent.swift
[4230/4244] Compiling Containerization VirtualMachineInstance.swift
[4231/4244] Compiling Containerization VirtualMachineManager.swift
[4232/4244] Compiling Containerization Vminitd+Rosetta.swift
[4233/4244] Compiling Containerization Vminitd+SocketRelay.swift
[4234/4244] Compiling Containerization Vminitd.swift
[4235/4244] Compiling Containerization VmnetNetwork.swift
[4236/4244] Compiling Containerization VsockListener.swift
[4237/4245] Emitting module HostwrightRuntimeConformanceTool
[4238/4257] Compiling HostwrightRuntimeConformanceTool HostwrightRuntimeConformanceToolMain.swift
[4239/4257] Compiling HostwrightRuntimeConformanceTool RuntimeQualificationCommand.swift
[4240/4257] Compiling HostwrightRuntimeConformanceTool RuntimeQualificationEvidence.swift
[4241/4257] Compiling HostwrightRuntimeConformanceTool RuntimeQualificationExecutor.swift
[4242/4257] Compiling HostwrightRuntimeConformanceTool RuntimeQualificationLiveDriver.swift
[4243/4257] Compiling HostwrightRuntimeConformanceTool RuntimeQualificationMigrationCommandRunner.swift
[4244/4257] Compiling HostwrightRuntimeConformanceTool RuntimeQualificationMigrationDriver.swift
[4245/4257] Compiling HostwrightRuntimeConformanceTool RuntimeQualificationMigrationReport.swift
[4246/4257] Compiling HostwrightRuntimeConformanceTool RuntimeQualificationProcessControl.swift
[4247/4257] Compiling HostwrightRuntimeConformanceTool RuntimeQualificationRecoveryDriver.swift
[4248/4257] Compiling HostwrightRuntimeConformanceTool RuntimeQualificationRecoveryReport.swift
[4249/4257] Compiling HostwrightRuntimeConformanceTool RuntimeQualificationSDKSeeder.swift
[4250/4258] Emitting module HostwrightContainerizationHelper
[4251/4266] Compiling HostwrightContainerizationHelper ContainerizationFrameworkBackend.swift
[4252/4266] Compiling HostwrightContainerizationHelper ContainerizationGuestPolicyStore.swift
[4253/4266] Compiling HostwrightContainerizationHelper ContainerizationHelperConfiguration.swift
[4254/4266] Compiling HostwrightContainerizationHelper ContainerizationHelperExecutable.swift
[4255/4266] Compiling HostwrightContainerizationHelper ContainerizationHelperInitImage.swift
[4256/4266] Compiling HostwrightContainerizationHelper ContainerizationHelperMain.swift
[4257/4266] Compiling HostwrightContainerizationHelper ContainerizationHelperPersistence.swift
[4258/4266] Compiling HostwrightContainerizationHelper ContainerizationHelperSecurity.swift
[4258/4266] Write Objects.LinkFileList
[4260/4266] Linking hostwright-runtime-conformance
[4261/4266] Linking hostwright-containerization-helper
[4262/4266] Applying hostwright-runtime-conformance
[4263/4266] Applying hostwright-containerization-helper
[4265/4267] Emitting module HostwrightRuntimeConformanceToolTests
[4266/4275] Compiling HostwrightRuntimeConformanceToolTests RuntimeQualificationCommandTests.swift
[4267/4275] Compiling HostwrightRuntimeConformanceToolTests RuntimeQualificationEvidenceTests.swift
[4268/4275] Compiling HostwrightRuntimeConformanceToolTests RuntimeQualificationMigrationDriverTests.swift
[4269/4275] Compiling HostwrightRuntimeConformanceToolTests RuntimeQualificationMigrationReportTests.swift
[4270/4275] Compiling HostwrightRuntimeConformanceToolTests RuntimeQualificationProcessControlTests.swift
[4271/4275] Compiling HostwrightRuntimeConformanceToolTests RuntimeQualificationRecoveryDriverTests.swift
[4272/4275] Compiling HostwrightRuntimeConformanceToolTests RuntimeQualificationRecoveryReportTests.swift
[4273/4275] Compiling HostwrightRuntimeConformanceToolTests RuntimeQualificationSDKSeederTests.swift
[4274/4276] Emitting module HostwrightContainerizationHelperTests
[4275/4280] Compiling HostwrightContainerizationHelperTests ContainerizationFrameworkBackendTests.swift
[4276/4280] Compiling HostwrightContainerizationHelperTests ContainerizationGuestPolicyStoreTests.swift
[4277/4280] Compiling HostwrightContainerizationHelperTests ContainerizationInitImageContractTests.swift
[4278/4280] Compiling HostwrightContainerizationHelperTests Phase07ContainerizationNetworkLiveTests.swift
[4279/4281] Emitting module hostwrightPackageTests
[4280/4282] Compiling hostwrightPackageTests runner.swift
[4280/4282] Write Objects.LinkFileList
[4281/4282] Linking hostwrightPackageTests
Build complete! (551.08s)
Test Suite 'Selected tests' started at 2026-10-09 13:58:38.353.
Test Suite 'hostwrightPackageTests.xctest' started at 2026-10-09 13:58:38.355.
Test Suite 'AppleContainerCodecTests' started at 2026-10-09 13:58:38.355.
Test Case '-[HostwrightRuntimeTests.AppleContainerCodecTests testBothVersionCodecsAcceptUnknownNonSemanticFieldsAcrossStructuredReads]' started.
Test Case '-[HostwrightRuntimeTests.AppleContainerCodecTests testBothVersionCodecsAcceptUnknownNonSemanticFieldsAcrossStructuredReads]' passed (0.011 seconds).
Test Case '-[HostwrightRuntimeTests.AppleContainerCodecTests testBothVersionCodecsDecodeSemanticFixtureMatrix]' started.
Test Case '-[HostwrightRuntimeTests.AppleContainerCodecTests testBothVersionCodecsDecodeSemanticFixtureMatrix]' passed (0.003 seconds).
Test Case '-[HostwrightRuntimeTests.AppleContainerCodecTests testBothVersionCodecsRejectUnknownRequiredEnumsBeforeMutationConstruction]' started.
Test Case '-[HostwrightRuntimeTests.AppleContainerCodecTests testBothVersionCodecsRejectUnknownRequiredEnumsBeforeMutationConstruction]' passed (0.002 seconds).
Test Case '-[HostwrightRuntimeTests.AppleContainerCodecTests testInfrastructureCodecsAcceptEmptyListsAndRejectAmbiguousOrPartialEvidence]' started.
Test Case '-[HostwrightRuntimeTests.AppleContainerCodecTests testInfrastructureCodecsAcceptEmptyListsAndRejectAmbiguousOrPartialEvidence]' passed (0.001 seconds).
Test Case '-[HostwrightRuntimeTests.AppleContainerCodecTests testInfrastructureCodecsEnforceListStringMetadataAndByteBounds]' started.
Test Case '-[HostwrightRuntimeTests.AppleContainerCodecTests testInfrastructureCodecsEnforceListStringMetadataAndByteBounds]' passed (0.056 seconds).
Test Case '-[HostwrightRuntimeTests.AppleContainerCodecTests testLogsAreOpaqueAndBoundedAndMutationStdoutHasNoSemantics]' started.
Test Case '-[HostwrightRuntimeTests.AppleContainerCodecTests testLogsAreOpaqueAndBoundedAndMutationStdoutHasNoSemantics]' passed (0.010 seconds).
Test Case '-[HostwrightRuntimeTests.AppleContainerCodecTests testSelectsOnlyExactOnePointZeroAndOnePointOneVersionOutputs]' started.
Test Case '-[HostwrightRuntimeTests.AppleContainerCodecTests testSelectsOnlyExactOnePointZeroAndOnePointOneVersionOutputs]' passed (0.000 seconds).
Test Case '-[HostwrightRuntimeTests.AppleContainerCodecTests testSemanticDecodersRejectDuplicatePartialMalformedAndOversizedOutput]' started.
Test Case '-[HostwrightRuntimeTests.AppleContainerCodecTests testSemanticDecodersRejectDuplicatePartialMalformedAndOversizedOutput]' passed (0.077 seconds).
Test Case '-[HostwrightRuntimeTests.AppleContainerCodecTests testUnsupportedVersionFailsMutationPreflightBeforeCommandConstruction]' started.
Test Case '-[HostwrightRuntimeTests.AppleContainerCodecTests testUnsupportedVersionFailsMutationPreflightBeforeCommandConstruction]' passed (0.000 seconds).
Test Case '-[HostwrightRuntimeTests.AppleContainerCodecTests testVersionBoundCommandMatrixUsesJSONOnlyForSemanticReads]' started.
Test Case '-[HostwrightRuntimeTests.AppleContainerCodecTests testVersionBoundCommandMatrixUsesJSONOnlyForSemanticReads]' passed (0.000 seconds).
Test Suite 'AppleContainerCodecTests' passed at 2026-10-09 13:58:38.516.
	 Executed 10 tests, with 0 failures (0 unexpected) in 0.161 (0.162) seconds
Test Suite 'ContainerizationHelperProtocolTests' started at 2026-10-09 13:58:38.516.
Test Case '-[HostwrightRuntimeTests.ContainerizationHelperProtocolTests testCanonicalDecoderRejectsProtocolMismatch]' started.
Test Case '-[HostwrightRuntimeTests.ContainerizationHelperProtocolTests testCanonicalDecoderRejectsProtocolMismatch]' passed (0.001 seconds).
Test Case '-[HostwrightRuntimeTests.ContainerizationHelperProtocolTests testCanonicalDecoderRejectsWhitespaceUnknownAndDuplicateFields]' started.
Test Case '-[HostwrightRuntimeTests.ContainerizationHelperProtocolTests testCanonicalDecoderRejectsWhitespaceUnknownAndDuplicateFields]' passed (0.001 seconds).
Test Case '-[HostwrightRuntimeTests.ContainerizationHelperProtocolTests testFrameBoundIsExactlyEightMiB]' started.
Test Case '-[HostwrightRuntimeTests.ContainerizationHelperProtocolTests testFrameBoundIsExactlyEightMiB]' passed (0.001 seconds).
Test Case '-[HostwrightRuntimeTests.ContainerizationHelperProtocolTests testFrameDecoderRejectsZeroOverflowTruncationAndTrailingBytes]' started.
Test Case '-[HostwrightRuntimeTests.ContainerizationHelperProtocolTests testFrameDecoderRejectsZeroOverflowTruncationAndTrailingBytes]' passed (0.000 seconds).
Test Case '-[HostwrightRuntimeTests.ContainerizationHelperProtocolTests testFrameUsesFourByteBigEndianLength]' started.
Test Case '-[HostwrightRuntimeTests.ContainerizationHelperProtocolTests testFrameUsesFourByteBigEndianLength]' passed (0.000 seconds).
Test Case '-[HostwrightRuntimeTests.ContainerizationHelperProtocolTests testIncrementalDecoderAcceptsSplitHeaderAndPayload]' started.
Test Case '-[HostwrightRuntimeTests.ContainerizationHelperProtocolTests testIncrementalDecoderAcceptsSplitHeaderAndPayload]' passed (0.000 seconds).
Test Case '-[HostwrightRuntimeTests.ContainerizationHelperProtocolTests testMutationPriorOwnershipProofRoundTripsAndRemainsPayloadBounded]' started.
Test Case '-[HostwrightRuntimeTests.ContainerizationHelperProtocolTests testMutationPriorOwnershipProofRoundTripsAndRemainsPayloadBounded]' passed (0.086 seconds).
Test Case '-[HostwrightRuntimeTests.ContainerizationHelperProtocolTests testOperationContractIsExact]' started.
Test Case '-[HostwrightRuntimeTests.ContainerizationHelperProtocolTests testOperationContractIsExact]' passed (0.000 seconds).
Test Case '-[HostwrightRuntimeTests.ContainerizationHelperProtocolTests testPeerIdentityPolicyRequiresSameUIDPositivePIDExactTeamAndRequirement]' started.
Test Case '-[HostwrightRuntimeTests.ContainerizationHelperProtocolTests testPeerIdentityPolicyRequiresSameUIDPositivePIDExactTeamAndRequirement]' passed (0.000 seconds).
Test Case '-[HostwrightRuntimeTests.ContainerizationHelperProtocolTests testRequestRoundTripsAsCanonicalJSONWithTypedPayloadAndMutationContext]' started.
Test Case '-[HostwrightRuntimeTests.ContainerizationHelperProtocolTests testRequestRoundTripsAsCanonicalJSONWithTypedPayloadAndMutationContext]' passed (0.000 seconds).
Test Case '-[HostwrightRuntimeTests.ContainerizationHelperProtocolTests testRequestValidatorRejectsReplayExpiredAndInvalidBindings]' started.
Test Case '-[HostwrightRuntimeTests.ContainerizationHelperProtocolTests testRequestValidatorRejectsReplayExpiredAndInvalidBindings]' passed (0.000 seconds).
Test Case '-[HostwrightRuntimeTests.ContainerizationHelperProtocolTests testResultAndErrorEnvelopesAreVersionedTypedAndRedacted]' started.
Test Case '-[HostwrightRuntimeTests.ContainerizationHelperProtocolTests testResultAndErrorEnvelopesAreVersionedTypedAndRedacted]' passed (0.000 seconds).
Test Suite 'ContainerizationHelperProtocolTests' passed at 2026-10-09 13:58:38.607.
	 Executed 12 tests, with 0 failures (0 unexpected) in 0.090 (0.091) seconds
Test Suite 'ControlFrameCodecTests' started at 2026-10-09 13:58:38.607.
Test Case '-[HostwrightControlTransportTests.ControlFrameCodecTests testAcceptsBufferedReadWhenPeerHalfCloses]' started.
Test Case '-[HostwrightControlTransportTests.ControlFrameCodecTests testAcceptsBufferedReadWhenPeerHalfCloses]' passed (0.000 seconds).
Test Case '-[HostwrightControlTransportTests.ControlFrameCodecTests testDelayedUnixPeerReadCompletesMaximumFrameOnNonblockingWriter]' started.
Test Case '-[HostwrightControlTransportTests.ControlFrameCodecTests testDelayedUnixPeerReadCompletesMaximumFrameOnNonblockingWriter]' passed (0.063 seconds).
Test Case '-[HostwrightControlTransportTests.ControlFrameCodecTests testNonReadingUnixPeerExpiresMaximumFrameWriteAtDeadline]' started.
Test Case '-[HostwrightControlTransportTests.ControlFrameCodecTests testNonReadingUnixPeerExpiresMaximumFrameWriteAtDeadline]' passed (0.051 seconds).
Test Case '-[HostwrightControlTransportTests.ControlFrameCodecTests testReadDeadlineExpiresWithoutPeerData]' started.
Test Case '-[HostwrightControlTransportTests.ControlFrameCodecTests testReadDeadlineExpiresWithoutPeerData]' passed (0.006 seconds).
Test Case '-[HostwrightControlTransportTests.ControlFrameCodecTests testReadsFragmentedPrefixAndBody]' started.
Test Case '-[HostwrightControlTransportTests.ControlFrameCodecTests testReadsFragmentedPrefixAndBody]' passed (0.000 seconds).
Test Case '-[HostwrightControlTransportTests.ControlFrameCodecTests testRejectsOversizeDeclaredLengthBeforePayloadAllocation]' started.
Test Case '-[HostwrightControlTransportTests.ControlFrameCodecTests testRejectsOversizeDeclaredLengthBeforePayloadAllocation]' passed (0.000 seconds).
Test Case '-[HostwrightControlTransportTests.ControlFrameCodecTests testRoundTripUsesBigEndianLengthPrefix]' started.
Test Case '-[HostwrightControlTransportTests.ControlFrameCodecTests testRoundTripUsesBigEndianLengthPrefix]' passed (0.000 seconds).
Test Case '-[HostwrightControlTransportTests.ControlFrameCodecTests testWriteRejectsPeerCloseWithoutSignal]' started.
Test Case '-[HostwrightControlTransportTests.ControlFrameCodecTests testWriteRejectsPeerCloseWithoutSignal]' passed (0.000 seconds).
Test Suite 'ControlFrameCodecTests' passed at 2026-10-09 13:58:38.727.
	 Executed 8 tests, with 0 failures (0 unexpected) in 0.120 (0.120) seconds
Test Suite 'ControlIdentityBootstrapTransactionTests' started at 2026-10-09 13:58:38.727.
Test Case '-[HostwrightStateTests.ControlIdentityBootstrapTransactionTests testAllRotationsAndDesktopBindingCommitTogether]' started.
Test Case '-[HostwrightStateTests.ControlIdentityBootstrapTransactionTests testAllRotationsAndDesktopBindingCommitTogether]' passed (0.090 seconds).
Test Case '-[HostwrightStateTests.ControlIdentityBootstrapTransactionTests testChangedExpectedSnapshotRefusesBeforeRotations]' started.
Test Case '-[HostwrightStateTests.ControlIdentityBootstrapTransactionTests testChangedExpectedSnapshotRefusesBeforeRotations]' passed (0.066 seconds).
Test Case '-[HostwrightStateTests.ControlIdentityBootstrapTransactionTests testFailureAfterInstallerRotationPreservesHashesSessionsAndRBAC]' started.
Test Case '-[HostwrightStateTests.ControlIdentityBootstrapTransactionTests testFailureAfterInstallerRotationPreservesHashesSessionsAndRBAC]' passed (0.085 seconds).
Test Suite 'ControlIdentityBootstrapTransactionTests' passed at 2026-10-09 13:58:38.968.
	 Executed 3 tests, with 0 failures (0 unexpected) in 0.241 (0.241) seconds
Test Suite 'ControlIdentitySecurityAdapterTests' started at 2026-10-09 13:58:38.968.
Test Case '-[HostwrightStateTests.ControlIdentitySecurityAdapterTests testInstalledRequirementAllowsCDHashRotationButRejectsDuplicateIdentity]' started.
Test Case '-[HostwrightStateTests.ControlIdentitySecurityAdapterTests testInstalledRequirementAllowsCDHashRotationButRejectsDuplicateIdentity]' passed (0.059 seconds).
Test Case '-[HostwrightStateTests.ControlIdentitySecurityAdapterTests testInstalledRequirementRequiresAtomicCDHashRotationAndRejectsOldHash]' started.
Test Case '-[HostwrightStateTests.ControlIdentitySecurityAdapterTests testInstalledRequirementRequiresAtomicCDHashRotationAndRejectsOldHash]' passed (0.058 seconds).
Test Case '-[HostwrightStateTests.ControlIdentitySecurityAdapterTests testRefusesUnboundedSessionLifetimeAndUnsignedIntegerOverflow]' started.
Test Case '-[HostwrightStateTests.ControlIdentitySecurityAdapterTests testRefusesUnboundedSessionLifetimeAndUnsignedIntegerOverflow]' passed (0.035 seconds).
Test Case '-[HostwrightStateTests.ControlIdentitySecurityAdapterTests testResolvesExactNativeCDHashAndPersistsBoundSession]' started.
Test Case '-[HostwrightStateTests.ControlIdentitySecurityAdapterTests testResolvesExactNativeCDHashAndPersistsBoundSession]' passed (0.057 seconds).
Test Case '-[HostwrightStateTests.ControlIdentitySecurityAdapterTests testRevocationAndGenerationChangeInvalidateSessionImmediately]' started.
Test Case '-[HostwrightStateTests.ControlIdentitySecurityAdapterTests testRevocationAndGenerationChangeInvalidateSessionImmediately]' passed (0.057 seconds).
Test Case '-[HostwrightStateTests.ControlIdentitySecurityAdapterTests testSessionPersistenceWaitsForTransientWriterFenceContention]' started.
Test Case '-[HostwrightStateTests.ControlIdentitySecurityAdapterTests testSessionPersistenceWaitsForTransientWriterFenceContention]' passed (0.692 seconds).
Test Case '-[HostwrightStateTests.ControlIdentitySecurityAdapterTests testSessionValidationWaitsForTransientExclusiveContention]' started.
Test Case '-[HostwrightStateTests.ControlIdentitySecurityAdapterTests testSessionValidationWaitsForTransientExclusiveContention]' passed (0.706 seconds).
Test Suite 'ControlIdentitySecurityAdapterTests' passed at 2026-10-09 13:58:40.634.
	 Executed 7 tests, with 0 failures (0 unexpected) in 1.665 (1.666) seconds
Test Suite 'ControlRequestRepositoryTests' started at 2026-10-09 13:58:40.634.
Test Case '-[HostwrightStateTests.ControlRequestRepositoryTests testExactReplayReturnsPriorRecordAndDigestConflictIsRejected]' started.
Test Case '-[HostwrightStateTests.ControlRequestRepositoryTests testExactReplayReturnsPriorRecordAndDigestConflictIsRejected]' passed (0.064 seconds).
Test Case '-[HostwrightStateTests.ControlRequestRepositoryTests testExpiredStreamIdempotencyIsAStableConflict]' started.
Test Case '-[HostwrightStateTests.ControlRequestRepositoryTests testExpiredStreamIdempotencyIsAStableConflict]' passed (0.049 seconds).
Test Case '-[HostwrightStateTests.ControlRequestRepositoryTests testIdempotencyKeysAreSubjectIsolated]' started.
Test Case '-[HostwrightStateTests.ControlRequestRepositoryTests testIdempotencyKeysAreSubjectIsolated]' passed (0.060 seconds).
Test Case '-[HostwrightStateTests.ControlRequestRepositoryTests testInvalidInputsAndExpiredIdempotencyAreRejectedWithoutDeletion]' started.
Test Case '-[HostwrightStateTests.ControlRequestRepositoryTests testInvalidInputsAndExpiredIdempotencyAreRejectedWithoutDeletion]' passed (0.051 seconds).
Test Case '-[HostwrightStateTests.ControlRequestRepositoryTests testOnlyAcceptedRequestsMayTransitionOnceToTerminalStatus]' started.
Test Case '-[HostwrightStateTests.ControlRequestRepositoryTests testOnlyAcceptedRequestsMayTransitionOnceToTerminalStatus]' passed (0.101 seconds).
Test Case '-[HostwrightStateTests.ControlRequestRepositoryTests testOperationEventPayloadEscapesHostilePrintableReference]' started.
Test Case '-[HostwrightStateTests.ControlRequestRepositoryTests testOperationEventPayloadEscapesHostilePrintableReference]' passed (0.046 seconds).
Test Case '-[HostwrightStateTests.ControlRequestRepositoryTests testOperationWatchReceivesPlannedStartedCancelAndTerminalLifecycleInOrder]' started.
Test Case '-[HostwrightStateTests.ControlRequestRepositoryTests testOperationWatchReceivesPlannedStartedCancelAndTerminalLifecycleInOrder]' passed (0.067 seconds).
Test Case '-[HostwrightStateTests.ControlRequestRepositoryTests testPlannedStreamCancellationIsAtomicAndNeverMarksStarted]' started.
Test Case '-[HostwrightStateTests.ControlRequestRepositoryTests testPlannedStreamCancellationIsAtomicAndNeverMarksStarted]' passed (0.055 seconds).
Test Case '-[HostwrightStateTests.ControlRequestRepositoryTests testRecordsAtomicallyAndPersistsAfterReopen]' started.
Test Case '-[HostwrightStateTests.ControlRequestRepositoryTests testRecordsAtomicallyAndPersistsAfterReopen]' passed (0.051 seconds).
Test Case '-[HostwrightStateTests.ControlRequestRepositoryTests testRestartRecoveryTerminatesOnlyInterruptedUnaryRequests]' started.
Test Case '-[HostwrightStateTests.ControlRequestRepositoryTests testRestartRecoveryTerminatesOnlyInterruptedUnaryRequests]' passed (0.071 seconds).
Test Case '-[HostwrightStateTests.ControlRequestRepositoryTests testStartedStreamReplayIsAmbiguousAndNeverStartsAgain]' started.
Test Case '-[HostwrightStateTests.ControlRequestRepositoryTests testStartedStreamReplayIsAmbiguousAndNeverStartsAgain]' passed (0.057 seconds).
Test Case '-[HostwrightStateTests.ControlRequestRepositoryTests testStreamOperationCreatesRequestAndPlannedLedgerAtomicallyThenRetriesBeforeStart]' started.
Test Case '-[HostwrightStateTests.ControlRequestRepositoryTests testStreamOperationCreatesRequestAndPlannedLedgerAtomicallyThenRetriesBeforeStart]' passed (0.052 seconds).
Test Case '-[HostwrightStateTests.ControlRequestRepositoryTests testStreamOperationPersistsSuccessAndFailureTerminalStates]' started.
Test Case '-[HostwrightStateTests.ControlRequestRepositoryTests testStreamOperationPersistsSuccessAndFailureTerminalStates]' passed (0.090 seconds).
Test Case '-[HostwrightStateTests.ControlRequestRepositoryTests testStreamOperationRejectsCompetingRequestDigestAndOperationIdentity]' started.
Test Case '-[HostwrightStateTests.ControlRequestRepositoryTests testStreamOperationRejectsCompetingRequestDigestAndOperationIdentity]' passed (0.056 seconds).
Test Case '-[HostwrightStateTests.ControlRequestRepositoryTests testTerminalResponsePersistsExactlyAcrossReopenAndRejectsMismatchedEnvelope]' started.
Test Case '-[HostwrightStateTests.ControlRequestRepositoryTests testTerminalResponsePersistsExactlyAcrossReopenAndRejectsMismatchedEnvelope]' passed (0.059 seconds).
Test Suite 'ControlRequestRepositoryTests' passed at 2026-10-09 13:58:41.564.
	 Executed 15 tests, with 0 failures (0 unexpected) in 0.929 (0.930) seconds
Test Suite 'DaemonLocalLifecycleAuthorityTests' started at 2026-10-09 13:58:41.564.
Test Case '-[HostwrightDaemonTests.DaemonLocalLifecycleAuthorityTests testAuthorityStreamsMoreThan4096HistoricalGroupsAndRejectsLaterCorruption]' started.
Test Case '-[HostwrightDaemonTests.DaemonLocalLifecycleAuthorityTests testAuthorityStreamsMoreThan4096HistoricalGroupsAndRejectsLaterCorruption]' passed (8.401 seconds).
Test Case '-[HostwrightDaemonTests.DaemonLocalLifecycleAuthorityTests testDaemonPolicyCallbackAcceptsCurrentOwnerWithUnchangedRequest]' started.
Test Case '-[HostwrightDaemonTests.DaemonLocalLifecycleAuthorityTests testDaemonPolicyCallbackAcceptsCurrentOwnerWithUnchangedRequest]' passed (0.153 seconds).
Test Case '-[HostwrightDaemonTests.DaemonLocalLifecycleAuthorityTests testDaemonPolicyCallbackRejectsCurrentAdmissionDenial]' started.
Test Case '-[HostwrightDaemonTests.DaemonLocalLifecycleAuthorityTests testDaemonPolicyCallbackRejectsCurrentAdmissionDenial]' passed (0.194 seconds).
Test Case '-[HostwrightDaemonTests.DaemonLocalLifecycleAuthorityTests testDaemonPolicyCallbackRejectsRemovedRoleGrant]' started.
Test Case '-[HostwrightDaemonTests.DaemonLocalLifecycleAuthorityTests testDaemonPolicyCallbackRejectsRemovedRoleGrant]' passed (0.199 seconds).
Test Case '-[HostwrightDaemonTests.DaemonLocalLifecycleAuthorityTests testDaemonPolicyCallbackRejectsRevokedAndExpiredSubjects]' started.
Test Case '-[HostwrightDaemonTests.DaemonLocalLifecycleAuthorityTests testDaemonPolicyCallbackRejectsRevokedAndExpiredSubjects]' passed (0.473 seconds).
Test Case '-[HostwrightDaemonTests.DaemonLocalLifecycleAuthorityTests testExplicitDownStopRemoveAndInteractiveRunSuppressRecovery]' started.
Test Case '-[HostwrightDaemonTests.DaemonLocalLifecycleAuthorityTests testExplicitDownStopRemoveAndInteractiveRunSuppressRecovery]' passed (0.710 seconds).
Test Case '-[HostwrightDaemonTests.DaemonLocalLifecycleAuthorityTests testGenerationMismatchCannotReuseOlderAdmission]' started.
Test Case '-[HostwrightDaemonTests.DaemonLocalLifecycleAuthorityTests testGenerationMismatchCannotReuseOlderAdmission]' passed (0.125 seconds).
Test Case '-[HostwrightDaemonTests.DaemonLocalLifecycleAuthorityTests testLaterDownWinsWhenWallClockMovesBackwards]' started.
Test Case '-[HostwrightDaemonTests.DaemonLocalLifecycleAuthorityTests testLaterDownWinsWhenWallClockMovesBackwards]' passed (0.116 seconds).
Test Case '-[HostwrightDaemonTests.DaemonLocalLifecycleAuthorityTests testMalformedOrStaleGroupFailsClosed]' started.
Test Case '-[HostwrightDaemonTests.DaemonLocalLifecycleAuthorityTests testMalformedOrStaleGroupFailsClosed]' passed (0.242 seconds).
Test Case '-[HostwrightDaemonTests.DaemonLocalLifecycleAuthorityTests testMissingAdmissionGroupCannotPromoteAReleasedArtifactToRunAuthority]' started.
Test Case '-[HostwrightDaemonTests.DaemonLocalLifecycleAuthorityTests testMissingAdmissionGroupCannotPromoteAReleasedArtifactToRunAuthority]' passed (0.130 seconds).
Test Case '-[HostwrightDaemonTests.DaemonLocalLifecycleAuthorityTests testNoLocalHistoryIsDistinctFromAnExplicitlyPausedProject]' started.
Test Case '-[HostwrightDaemonTests.DaemonLocalLifecycleAuthorityTests testNoLocalHistoryIsDistinctFromAnExplicitlyPausedProject]' passed (0.036 seconds).
Test Case '-[HostwrightDaemonTests.DaemonLocalLifecycleAuthorityTests testPolicyBearingManifestKeepsSourceAndEffectiveDigestsDistinct]' started.
Test Case '-[HostwrightDaemonTests.DaemonLocalLifecycleAuthorityTests testPolicyBearingManifestKeepsSourceAndEffectiveDigestsDistinct]' passed (0.195 seconds).
Test Case '-[HostwrightDaemonTests.DaemonLocalLifecycleAuthorityTests testReleasedReservationIsHistoricalIntentWithoutReacquiringCapacity]' started.
Test Case '-[HostwrightDaemonTests.DaemonLocalLifecycleAuthorityTests testReleasedReservationIsHistoricalIntentWithoutReacquiringCapacity]' passed (0.147 seconds).
Test Case '-[HostwrightDaemonTests.DaemonLocalLifecycleAuthorityTests testRestartIntentCanRetainTheEarlierAdmissionArtifact]' started.
Test Case '-[HostwrightDaemonTests.DaemonLocalLifecycleAuthorityTests testRestartIntentCanRetainTheEarlierAdmissionArtifact]' passed (0.128 seconds).
Test Case '-[HostwrightDaemonTests.DaemonLocalLifecycleAuthorityTests testRevokedSubjectCannotSupplyContinuedRunAuthority]' started.
Test Case '-[HostwrightDaemonTests.DaemonLocalLifecycleAuthorityTests testRevokedSubjectCannotSupplyContinuedRunAuthority]' passed (0.118 seconds).
Test Case '-[HostwrightDaemonTests.DaemonLocalLifecycleAuthorityTests testSuccessfulRunIntentBindsExactHistoryAndRevalidates]' started.
Test Case '-[HostwrightDaemonTests.DaemonLocalLifecycleAuthorityTests testSuccessfulRunIntentBindsExactHistoryAndRevalidates]' passed (0.145 seconds).
Test Case '-[HostwrightDaemonTests.DaemonLocalLifecycleAuthorityTests testUnresolvedOrFailedLatestIntentHoldsInsteadOfResurrectingEarlierRun]' started.
Test Case '-[HostwrightDaemonTests.DaemonLocalLifecycleAuthorityTests testUnresolvedOrFailedLatestIntentHoldsInsteadOfResurrectingEarlierRun]' passed (0.362 seconds).
Test Suite 'DaemonLocalLifecycleAuthorityTests' passed at 2026-10-09 13:58:53.439.
	 Executed 17 tests, with 0 failures (0 unexpected) in 11.874 (11.875) seconds
Test Suite 'DesktopOperationsModelTests' started at 2026-10-09 13:58:53.439.
Test Case '-[HostwrightDesktopModelTests.DesktopOperationsModelTests testActionAvailabilityTracksConnectionStreamsAndObservedLogResources]' started.
Test Case '-[HostwrightDesktopModelTests.DesktopOperationsModelTests testActionAvailabilityTracksConnectionStreamsAndObservedLogResources]' passed (0.011 seconds).
Test Case '-[HostwrightDesktopModelTests.DesktopOperationsModelTests testAPIMapsDaemonHealthAndProjectServicesFromRealResponseShapes]' started.
Test Case '-[HostwrightDesktopModelTests.DesktopOperationsModelTests testAPIMapsDaemonHealthAndProjectServicesFromRealResponseShapes]' passed (0.000 seconds).
Test Case '-[HostwrightDesktopModelTests.DesktopOperationsModelTests testAPIRejectsManifestSymlinkDirectoryAndInvalidUTF8]' started.
Test Case '-[HostwrightDesktopModelTests.DesktopOperationsModelTests testAPIRejectsManifestSymlinkDirectoryAndInvalidUTF8]' passed (0.001 seconds).
Test Case '-[HostwrightDesktopModelTests.DesktopOperationsModelTests testAPIRejectsRelativeSelectedManifestPath]' started.
Test Case '-[HostwrightDesktopModelTests.DesktopOperationsModelTests testAPIRejectsRelativeSelectedManifestPath]' passed (0.000 seconds).
Test Case '-[HostwrightDesktopModelTests.DesktopOperationsModelTests testAPIRejectsSelectedManifestResponseForAnotherPath]' started.
Test Case '-[HostwrightDesktopModelTests.DesktopOperationsModelTests testAPIRejectsSelectedManifestResponseForAnotherPath]' passed (0.001 seconds).
Test Case '-[HostwrightDesktopModelTests.DesktopOperationsModelTests testAPIUsesSelectedManifestThroughAuthenticatedCLIControlRoute]' started.
Test Case '-[HostwrightDesktopModelTests.DesktopOperationsModelTests testAPIUsesSelectedManifestThroughAuthenticatedCLIControlRoute]' passed (0.001 seconds).
Test Case '-[HostwrightDesktopModelTests.DesktopOperationsModelTests testCancellingAnActiveEventStreamCancelsTheControlStream]' started.
Test Case '-[HostwrightDesktopModelTests.DesktopOperationsModelTests testCancellingAnActiveEventStreamCancelsTheControlStream]' passed (0.013 seconds).
Test Case '-[HostwrightDesktopModelTests.DesktopOperationsModelTests testCancellingExecutingLifecycleClosesRequestAndFencesFailure]' started.
Test Case '-[HostwrightDesktopModelTests.DesktopOperationsModelTests testCancellingExecutingLifecycleClosesRequestAndFencesFailure]' passed (0.002 seconds).
Test Case '-[HostwrightDesktopModelTests.DesktopOperationsModelTests testCancellingReviewedPlanSendsNoExecutionRequest]' started.
Test Case '-[HostwrightDesktopModelTests.DesktopOperationsModelTests testCancellingReviewedPlanSendsNoExecutionRequest]' passed (0.000 seconds).
Test Case '-[HostwrightDesktopModelTests.DesktopOperationsModelTests testCLIErrorDetailsAreValidatedRedactedAndBounded]' started.
Test Case '-[HostwrightDesktopModelTests.DesktopOperationsModelTests testCLIErrorDetailsAreValidatedRedactedAndBounded]' passed (0.000 seconds).
Test Case '-[HostwrightDesktopModelTests.DesktopOperationsModelTests testConnectAndReconnectFenceLatePreexistingRefreshError]' started.
Test Case '-[HostwrightDesktopModelTests.DesktopOperationsModelTests testConnectAndReconnectFenceLatePreexistingRefreshError]' passed (0.002 seconds).
Test Case '-[HostwrightDesktopModelTests.DesktopOperationsModelTests testConnectAndReconnectFenceLatePreexistingRefreshSuccess]' started.
Test Case '-[HostwrightDesktopModelTests.DesktopOperationsModelTests testConnectAndReconnectFenceLatePreexistingRefreshSuccess]' passed (0.001 seconds).
Test Case '-[HostwrightDesktopModelTests.DesktopOperationsModelTests testControlErrorsStayRedactedAtTheDesktopBoundary]' started.
Test Case '-[HostwrightDesktopModelTests.DesktopOperationsModelTests testControlErrorsStayRedactedAtTheDesktopBoundary]' passed (0.000 seconds).
Test Case '-[HostwrightDesktopModelTests.DesktopOperationsModelTests testDisconnectFencesLateDaemonHealthSuccessAndFailure]' started.
Test Case '-[HostwrightDesktopModelTests.DesktopOperationsModelTests testDisconnectFencesLateDaemonHealthSuccessAndFailure]' passed (0.001 seconds).
Test Case '-[HostwrightDesktopModelTests.DesktopOperationsModelTests testDisconnectFencesLateProjectStatusSuccessAndFailure]' started.
Test Case '-[HostwrightDesktopModelTests.DesktopOperationsModelTests testDisconnectFencesLateProjectStatusSuccessAndFailure]' passed (0.000 seconds).
Test Case '-[HostwrightDesktopModelTests.DesktopOperationsModelTests testDisconnectPreventsLateStatusRefreshFromApplyingAnError]' started.
Test Case '-[HostwrightDesktopModelTests.DesktopOperationsModelTests testDisconnectPreventsLateStatusRefreshFromApplyingAnError]' passed (0.000 seconds).
Test Case '-[HostwrightDesktopModelTests.DesktopOperationsModelTests testDisconnectPreventsLateStatusRefreshFromApplyingAProject]' started.
Test Case '-[HostwrightDesktopModelTests.DesktopOperationsModelTests testDisconnectPreventsLateStatusRefreshFromApplyingAProject]' passed (0.000 seconds).
Test Case '-[HostwrightDesktopModelTests.DesktopOperationsModelTests testEndpointDiscoveryUsesTheSecureLocalPathLayout]' started.
Test Case '-[HostwrightDesktopModelTests.DesktopOperationsModelTests testEndpointDiscoveryUsesTheSecureLocalPathLayout]' passed (0.000 seconds).
Test Case '-[HostwrightDesktopModelTests.DesktopOperationsModelTests testEventAndLogStreamsOpenWithCreditsAcknowledgePayloadsAndFinish]' started.
Test Case '-[HostwrightDesktopModelTests.DesktopOperationsModelTests testEventAndLogStreamsOpenWithCreditsAcknowledgePayloadsAndFinish]' passed (0.037 seconds).
Test Case '-[HostwrightDesktopModelTests.DesktopOperationsModelTests testEventCancellationLeavesConcurrentLogStreamRunning]' started.
Test Case '-[HostwrightDesktopModelTests.DesktopOperationsModelTests testEventCancellationLeavesConcurrentLogStreamRunning]' passed (0.001 seconds).
Test Case '-[HostwrightDesktopModelTests.DesktopOperationsModelTests testEventFilterBuildsTheProtocolFilterAndRejectsUnboundedValues]' started.
Test Case '-[HostwrightDesktopModelTests.DesktopOperationsModelTests testEventFilterBuildsTheProtocolFilterAndRejectsUnboundedValues]' passed (0.000 seconds).
Test Case '-[HostwrightDesktopModelTests.DesktopOperationsModelTests testLatePreviewCannotPresentReviewForReplacedProject]' started.
Test Case '-[HostwrightDesktopModelTests.DesktopOperationsModelTests testLatePreviewCannotPresentReviewForReplacedProject]' passed (0.001 seconds).
Test Case '-[HostwrightDesktopModelTests.DesktopOperationsModelTests testLifecycleAPIUsesManifestBoundPreviewAndExactConfirmationRoutes]' started.
Test Case '-[HostwrightDesktopModelTests.DesktopOperationsModelTests testLifecycleAPIUsesManifestBoundPreviewAndExactConfirmationRoutes]' passed (0.000 seconds).
Test Case '-[HostwrightDesktopModelTests.DesktopOperationsModelTests testLifecycleCancellationAndDisconnectCloseTheActiveControlRequest]' started.
Test Case '-[HostwrightDesktopModelTests.DesktopOperationsModelTests testLifecycleCancellationAndDisconnectCloseTheActiveControlRequest]' passed (0.003 seconds).
Test Case '-[HostwrightDesktopModelTests.DesktopOperationsModelTests testLifecycleModelRejectsDuplicateAndStaleConfirmationThenExecutesExactPlan]' started.
Test Case '-[HostwrightDesktopModelTests.DesktopOperationsModelTests testLifecycleModelRejectsDuplicateAndStaleConfirmationThenExecutesExactPlan]' passed (0.001 seconds).
Test Case '-[HostwrightDesktopModelTests.DesktopOperationsModelTests testLogCancellationLeavesConcurrentEventStreamRunning]' started.
Test Case '-[HostwrightDesktopModelTests.DesktopOperationsModelTests testLogCancellationLeavesConcurrentEventStreamRunning]' passed (0.000 seconds).
Test Case '-[HostwrightDesktopModelTests.DesktopOperationsModelTests testModelConnectsThroughTheClientAndKeepsStatusFailureVisible]' started.
Test Case '-[HostwrightDesktopModelTests.DesktopOperationsModelTests testModelConnectsThroughTheClientAndKeepsStatusFailureVisible]' passed (0.013 seconds).
Test Case '-[HostwrightDesktopModelTests.DesktopOperationsModelTests testModelConnectsToForegroundDaemonWhenManagedServiceStatusIsUnavailable]' started.
Test Case '-[HostwrightDesktopModelTests.DesktopOperationsModelTests testModelConnectsToForegroundDaemonWhenManagedServiceStatusIsUnavailable]' passed (0.000 seconds).
Test Case '-[HostwrightDesktopModelTests.DesktopOperationsModelTests testNewStatusRefreshPreventsSupersededErrorFromOverwritingState]' started.
Test Case '-[HostwrightDesktopModelTests.DesktopOperationsModelTests testNewStatusRefreshPreventsSupersededErrorFromOverwritingState]' passed (0.000 seconds).
Test Case '-[HostwrightDesktopModelTests.DesktopOperationsModelTests testNewStatusRefreshPreventsSupersededSuccessFromOverwritingProject]' started.
Test Case '-[HostwrightDesktopModelTests.DesktopOperationsModelTests testNewStatusRefreshPreventsSupersededSuccessFromOverwritingProject]' passed (0.000 seconds).
Test Case '-[HostwrightDesktopModelTests.DesktopOperationsModelTests testReconnectCancelsBothStreamsAndFencesLateSnapshots]' started.
Test Case '-[HostwrightDesktopModelTests.DesktopOperationsModelTests testReconnectCancelsBothStreamsAndFencesLateSnapshots]' passed (0.001 seconds).
Test Case '-[HostwrightDesktopModelTests.DesktopOperationsModelTests testReconnectExposesBackoffAndDisconnectCancelsTheRetryLoop]' started.
Test Case '-[HostwrightDesktopModelTests.DesktopOperationsModelTests testReconnectExposesBackoffAndDisconnectCancelsTheRetryLoop]' passed (0.007 seconds).
Test Case '-[HostwrightDesktopModelTests.DesktopOperationsModelTests testReplacementConnectFencesLateDaemonHealthSuccessAndFailure]' started.
Test Case '-[HostwrightDesktopModelTests.DesktopOperationsModelTests testReplacementConnectFencesLateDaemonHealthSuccessAndFailure]' passed (0.001 seconds).
Test Case '-[HostwrightDesktopModelTests.DesktopOperationsModelTests testReplacementConnectFencesLateProjectStatusSuccessAndFailure]' started.
Test Case '-[HostwrightDesktopModelTests.DesktopOperationsModelTests testReplacementConnectFencesLateProjectStatusSuccessAndFailure]' passed (0.001 seconds).
Test Case '-[HostwrightDesktopModelTests.DesktopOperationsModelTests testSelectingManifestClearsOldProjectAuthorityWhenReplacementStatusFails]' started.
Test Case '-[HostwrightDesktopModelTests.DesktopOperationsModelTests testSelectingManifestClearsOldProjectAuthorityWhenReplacementStatusFails]' passed (0.026 seconds).
Test Case '-[HostwrightDesktopModelTests.DesktopOperationsModelTests testStatusRefreshKeepsDistinctActionHashButInvalidatesChangedStatusHash]' started.
Test Case '-[HostwrightDesktopModelTests.DesktopOperationsModelTests testStatusRefreshKeepsDistinctActionHashButInvalidatesChangedStatusHash]' passed (0.001 seconds).
Test Case '-[HostwrightDesktopModelTests.DesktopOperationsModelTests testStructuredCLIErrorShowsRecoveryWithoutJSONOrUnredactedSecrets]' started.
Test Case '-[HostwrightDesktopModelTests.DesktopOperationsModelTests testStructuredCLIErrorShowsRecoveryWithoutJSONOrUnredactedSecrets]' passed (0.001 seconds).
Test Case '-[HostwrightDesktopModelTests.DesktopOperationsModelTests testSupersededConnectCannotClearReplacementTaskOwnership]' started.
Test Case '-[HostwrightDesktopModelTests.DesktopOperationsModelTests testSupersededConnectCannotClearReplacementTaskOwnership]' passed (0.001 seconds).
Test Suite 'DesktopOperationsModelTests' passed at 2026-10-09 13:58:53.568.
	 Executed 38 tests, with 0 failures (0 unexpected) in 0.128 (0.129) seconds
Test Suite 'HostwrightImportTests' started at 2026-10-09 13:58:53.568.
Test Case '-[HostwrightImportTests.HostwrightImportTests testComposeCapacityContractRejectsPartialUnsupportedAndAmbiguousValues]' started.
Test Case '-[HostwrightImportTests.HostwrightImportTests testComposeCapacityContractRejectsPartialUnsupportedAndAmbiguousValues]' passed (0.003 seconds).
Test Case '-[HostwrightImportTests.HostwrightImportTests testComposeCapacityContractRoundTripsCanonicalSubset]' started.
Test Case '-[HostwrightImportTests.HostwrightImportTests testComposeCapacityContractRoundTripsCanonicalSubset]' passed (0.002 seconds).
Test Case '-[HostwrightImportTests.HostwrightImportTests testComposeCapacityMalformedQuotedScalarsKeepCanonicalLeafPaths]' started.
Test Case '-[HostwrightImportTests.HostwrightImportTests testComposeCapacityMalformedQuotedScalarsKeepCanonicalLeafPaths]' passed (0.001 seconds).
Test Case '-[HostwrightImportTests.HostwrightImportTests testComposeCapacityMemoryUnitsMapExactly]' started.
Test Case '-[HostwrightImportTests.HostwrightImportTests testComposeCapacityMemoryUnitsMapExactly]' passed (0.005 seconds).
Test Case '-[HostwrightImportTests.HostwrightImportTests testComposeCapacityMultiServiceRoundTripCanonicalizesManifestOrder]' started.
Test Case '-[HostwrightImportTests.HostwrightImportTests testComposeCapacityMultiServiceRoundTripCanonicalizesManifestOrder]' passed (0.001 seconds).
Test Case '-[HostwrightImportTests.HostwrightImportTests testComposeContractJSONIsStableAndVersioned]' started.
Test Case '-[HostwrightImportTests.HostwrightImportTests testComposeContractJSONIsStableAndVersioned]' passed (0.001 seconds).
Test Case '-[HostwrightImportTests.HostwrightImportTests testComposeExportAndUpdateRejectEveryPartialCapacityShape]' started.
Test Case '-[HostwrightImportTests.HostwrightImportTests testComposeExportAndUpdateRejectEveryPartialCapacityShape]' passed (0.001 seconds).
Test Case '-[HostwrightImportTests.HostwrightImportTests testComposeExportFailsClosedWithDeterministicLosses]' started.
Test Case '-[HostwrightImportTests.HostwrightImportTests testComposeExportFailsClosedWithDeterministicLosses]' passed (0.000 seconds).
Test Case '-[HostwrightImportTests.HostwrightImportTests testComposeExportRejectsResourcesOutsideExactCapacitySubset]' started.
Test Case '-[HostwrightImportTests.HostwrightImportTests testComposeExportRejectsResourcesOutsideExactCapacitySubset]' passed (0.000 seconds).
Test Case '-[HostwrightImportTests.HostwrightImportTests testComposeImportReportsStablePathsAndRejectsUnknownSemantics]' started.
Test Case '-[HostwrightImportTests.HostwrightImportTests testComposeImportReportsStablePathsAndRejectsUnknownSemantics]' passed (0.000 seconds).
Test Case '-[HostwrightImportTests.HostwrightImportTests testComposeImportReportsV3ResourceAdmissionAtTheServicePath]' started.
Test Case '-[HostwrightImportTests.HostwrightImportTests testComposeImportReportsV3ResourceAdmissionAtTheServicePath]' passed (0.000 seconds).
Test Case '-[HostwrightImportTests.HostwrightImportTests testComposeMalformedInputUsesInvalidInputContractCode]' started.
Test Case '-[HostwrightImportTests.HostwrightImportTests testComposeMalformedInputUsesInvalidInputContractCode]' passed (0.000 seconds).
Test Case '-[HostwrightImportTests.HostwrightImportTests testComposeUpdatePlanIncludesResourceChangesWithoutMutation]' started.
Test Case '-[HostwrightImportTests.HostwrightImportTests testComposeUpdatePlanIncludesResourceChangesWithoutMutation]' passed (0.000 seconds).
Test Case '-[HostwrightImportTests.HostwrightImportTests testComposeUpdatePlanRejectsProjectMismatchBeforePlanningChanges]' started.
Test Case '-[HostwrightImportTests.HostwrightImportTests testComposeUpdatePlanRejectsProjectMismatchBeforePlanningChanges]' passed (0.000 seconds).
Test Case '-[HostwrightImportTests.HostwrightImportTests testConvertedManifestValidationStillFailsClosed]' started.
Test Case '-[HostwrightImportTests.HostwrightImportTests testConvertedManifestValidationStillFailsClosed]' passed (0.000 seconds).
Test Case '-[HostwrightImportTests.HostwrightImportTests testImportDiagnosticsAreDeterministic]' started.
Test Case '-[HostwrightImportTests.HostwrightImportTests testImportDiagnosticsAreDeterministic]' passed (0.000 seconds).
Test Case '-[HostwrightImportTests.HostwrightImportTests testInlineArraysWithoutExplicitResourcesFailClosed]' started.
Test Case '-[HostwrightImportTests.HostwrightImportTests testInlineArraysWithoutExplicitResourcesFailClosed]' passed (0.000 seconds).
Test Case '-[HostwrightImportTests.HostwrightImportTests testManifestEmitterPreservesStructuredPublishedPorts]' started.
Test Case '-[HostwrightImportTests.HostwrightImportTests testManifestEmitterPreservesStructuredPublishedPorts]' passed (0.001 seconds).
Test Case '-[HostwrightImportTests.HostwrightImportTests testNamedVolumesAndShellHealthchecksAreRejected]' started.
Test Case '-[HostwrightImportTests.HostwrightImportTests testNamedVolumesAndShellHealthchecksAreRejected]' passed (0.000 seconds).
Test Case '-[HostwrightImportTests.HostwrightImportTests testQuotedEnvironmentScalarsCannotBypassResourceAdmission]' started.
Test Case '-[HostwrightImportTests.HostwrightImportTests testQuotedEnvironmentScalarsCannotBypassResourceAdmission]' passed (0.000 seconds).
Test Case '-[HostwrightImportTests.HostwrightImportTests testStackSubsetWithoutExplicitResourcesFailsClosed]' started.
Test Case '-[HostwrightImportTests.HostwrightImportTests testStackSubsetWithoutExplicitResourcesFailsClosed]' passed (0.000 seconds).
Test Case '-[HostwrightImportTests.HostwrightImportTests testUnsupportedNetworkingAndSecretFieldsFailClosedWithPolicyReasons]' started.
Test Case '-[HostwrightImportTests.HostwrightImportTests testUnsupportedNetworkingAndSecretFieldsFailClosedWithPolicyReasons]' passed (0.000 seconds).
Test Suite 'HostwrightImportTests' passed at 2026-10-09 13:58:53.586.
	 Executed 22 tests, with 0 failures (0 unexpected) in 0.017 (0.018) seconds
Test Suite 'LifecycleSchedulerEffectFreshnessTests' started at 2026-10-09 13:58:53.586.
Test Case '-[HostwrightCLITests.LifecycleSchedulerEffectFreshnessTests testPressureExpiringAfterCreatePreflightPreventsProviderMutation]' started.
Test Case '-[HostwrightCLITests.LifecycleSchedulerEffectFreshnessTests testPressureExpiringAfterCreatePreflightPreventsProviderMutation]' passed (0.337 seconds).
Test Case '-[HostwrightCLITests.LifecycleSchedulerEffectFreshnessTests testPressureExpiringAfterRestartPreflightPreventsRestart]' started.
Test Case '-[HostwrightCLITests.LifecycleSchedulerEffectFreshnessTests testPressureExpiringAfterRestartPreflightPreventsRestart]' passed (0.471 seconds).
Test Case '-[HostwrightCLITests.LifecycleSchedulerEffectFreshnessTests testPressureExpiringAfterStartPreflightAllowsExactCompensatingDeletion]' started.
Test Case '-[HostwrightCLITests.LifecycleSchedulerEffectFreshnessTests testPressureExpiringAfterStartPreflightAllowsExactCompensatingDeletion]' passed (0.492 seconds).
Test Suite 'LifecycleSchedulerEffectFreshnessTests' passed at 2026-10-09 13:58:54.886.
	 Executed 3 tests, with 0 failures (0 unexpected) in 1.300 (1.300) seconds
Test Suite 'LocalPathsTests' started at 2026-10-09 13:58:54.886.
Test Case '-[HostwrightCoreTests.LocalPathsTests testDefaultLayoutUsesMacOSNativeLocations]' started.
Test Case '-[HostwrightCoreTests.LocalPathsTests testDefaultLayoutUsesMacOSNativeLocations]' passed (0.000 seconds).
Test Case '-[HostwrightCoreTests.LocalPathsTests testExplicitStateUsesStableRuntimeLockIdentity]' started.
Test Case '-[HostwrightCoreTests.LocalPathsTests testExplicitStateUsesStableRuntimeLockIdentity]' passed (0.000 seconds).
Test Case '-[HostwrightCoreTests.LocalPathsTests testFilesystemPolicyRejectsAccessGrantingExtendedACLs]' started.
Test Case '-[HostwrightCoreTests.LocalPathsTests testFilesystemPolicyRejectsAccessGrantingExtendedACLs]' passed (0.000 seconds).
Test Case '-[HostwrightCoreTests.LocalPathsTests testPathResolutionRejectsRelativeTraversalAndInvalidOverrides]' started.
Test Case '-[HostwrightCoreTests.LocalPathsTests testPathResolutionRejectsRelativeTraversalAndInvalidOverrides]' passed (0.001 seconds).
Test Case '-[HostwrightCoreTests.LocalPathsTests testStateOverridePrecedenceIsExplicitThenEnvironmentThenDefault]' started.
Test Case '-[HostwrightCoreTests.LocalPathsTests testStateOverridePrecedenceIsExplicitThenEnvironmentThenDefault]' passed (0.000 seconds).
Test Suite 'LocalPathsTests' passed at 2026-10-09 13:58:54.888.
	 Executed 5 tests, with 0 failures (0 unexpected) in 0.002 (0.002) seconds
Test Suite 'ManifestV2StrictTests' started at 2026-10-09 13:58:54.888.
Test Case '-[HostwrightManifestTests.ManifestV2StrictTests testBoundedDeterministicMutationSmokeHasStableOutcomes]' started.
Test Case '-[HostwrightManifestTests.ManifestV2StrictTests testBoundedDeterministicMutationSmokeHasStableOutcomes]' passed (0.110 seconds).
Test Case '-[HostwrightManifestTests.ManifestV2StrictTests testCancellationAndPartialDocumentsFailWithoutProducingAManifest]' started.
Test Case '-[HostwrightManifestTests.ManifestV2StrictTests testCancellationAndPartialDocumentsFailWithoutProducingAManifest]' passed (0.000 seconds).
Test Case '-[HostwrightManifestTests.ManifestV2StrictTests testCheckedInManifestCorpusRoundTripsThroughCanonicalEncoding]' started.
Test Case '-[HostwrightManifestTests.ManifestV2StrictTests testCheckedInManifestCorpusRoundTripsThroughCanonicalEncoding]' passed (0.104 seconds).
Test Case '-[HostwrightManifestTests.ManifestV2StrictTests testCompleteManifestV3SchemaParsesValidatesAndRoundTripsCanonically]' started.
Test Case '-[HostwrightManifestTests.ManifestV2StrictTests testCompleteManifestV3SchemaParsesValidatesAndRoundTripsCanonically]' passed (0.003 seconds).
Test Case '-[HostwrightManifestTests.ManifestV2StrictTests testDynamicPublishedPortRangeIsAcceptedAndCanonical]' started.
Test Case '-[HostwrightManifestTests.ManifestV2StrictTests testDynamicPublishedPortRangeIsAcceptedAndCanonical]' passed (0.000 seconds).
Test Case '-[HostwrightManifestTests.ManifestV2StrictTests testLegacyHealthMigratesToTypedLivenessDeterministically]' started.
Test Case '-[HostwrightManifestTests.ManifestV2StrictTests testLegacyHealthMigratesToTypedLivenessDeterministically]' passed (0.001 seconds).
Test Case '-[HostwrightManifestTests.ManifestV2StrictTests testProbePortsUseStructuredTargetPorts]' started.
Test Case '-[HostwrightManifestTests.ManifestV2StrictTests testProbePortsUseStructuredTargetPorts]' passed (0.000 seconds).
Test Case '-[HostwrightManifestTests.ManifestV2StrictTests testRejectsAnchorsAliasesMergeKeysAndCustomTags]' started.
Test Case '-[HostwrightManifestTests.ManifestV2StrictTests testRejectsAnchorsAliasesMergeKeysAndCustomTags]' passed (0.000 seconds).
Test Case '-[HostwrightManifestTests.ManifestV2StrictTests testRejectsByteDepthAndExpandedNodeLimits]' started.
Test Case '-[HostwrightManifestTests.ManifestV2StrictTests testRejectsByteDepthAndExpandedNodeLimits]' passed (0.132 seconds).
Test Case '-[HostwrightManifestTests.ManifestV2StrictTests testRejectsDuplicateKeysAtNestedLevelsWithSourceLocation]' started.
Test Case '-[HostwrightManifestTests.ManifestV2StrictTests testRejectsDuplicateKeysAtNestedLevelsWithSourceLocation]' passed (0.000 seconds).
Test Case '-[HostwrightManifestTests.ManifestV2StrictTests testRejectsMultipleDocumentsAmbiguousScalarsAndUnknownFields]' started.
Test Case '-[HostwrightManifestTests.ManifestV2StrictTests testRejectsMultipleDocumentsAmbiguousScalarsAndUnknownFields]' passed (0.000 seconds).
Test Case '-[HostwrightManifestTests.ManifestV2StrictTests testSchedulingIsTheOnlyProviderAndAcceleratorClaimSource]' started.
Test Case '-[HostwrightManifestTests.ManifestV2StrictTests testSchedulingIsTheOnlyProviderAndAcceleratorClaimSource]' passed (0.001 seconds).
Test Case '-[HostwrightManifestTests.ManifestV2StrictTests testSizeValidationAcceptsUInt64ByteBoundaries]' started.
Test Case '-[HostwrightManifestTests.ManifestV2StrictTests testSizeValidationAcceptsUInt64ByteBoundaries]' passed (0.000 seconds).
Test Case '-[HostwrightManifestTests.ManifestV2StrictTests testSizeValidationRejectsUInt64ParsingAndMultiplicationOverflow]' started.
Test Case '-[HostwrightManifestTests.ManifestV2StrictTests testSizeValidationRejectsUInt64ParsingAndMultiplicationOverflow]' passed (0.000 seconds).
Test Case '-[HostwrightManifestTests.ManifestV2StrictTests testTopLevelVolumesParseValidateAndRoundTripCanonically]' started.
Test Case '-[HostwrightManifestTests.ManifestV2StrictTests testTopLevelVolumesParseValidateAndRoundTripCanonically]' passed (0.001 seconds).
Test Case '-[HostwrightManifestTests.ManifestV2StrictTests testTopLevelVolumesRejectUnsupportedFieldsInvalidValuesAndReservedLabels]' started.
Test Case '-[HostwrightManifestTests.ManifestV2StrictTests testTopLevelVolumesRejectUnsupportedFieldsInvalidValuesAndReservedLabels]' passed (0.001 seconds).
Test Case '-[HostwrightManifestTests.ManifestV2StrictTests testTypedMountObjectsParseValidateAndRoundTripCanonically]' started.
Test Case '-[HostwrightManifestTests.ManifestV2StrictTests testTypedMountObjectsParseValidateAndRoundTripCanonically]' passed (0.001 seconds).
Test Case '-[HostwrightManifestTests.ManifestV2StrictTests testTypedMountObjectsRejectUnknownFieldsAndInvalidTmpfsMode]' started.
Test Case '-[HostwrightManifestTests.ManifestV2StrictTests testTypedMountObjectsRejectUnknownFieldsAndInvalidTmpfsMode]' passed (0.000 seconds).
Test Case '-[HostwrightManifestTests.ManifestV2StrictTests testV3FlatResourcesAreRejectedBeforeValidation]' started.
Test Case '-[HostwrightManifestTests.ManifestV2StrictTests testV3FlatResourcesAreRejectedBeforeValidation]' passed (0.000 seconds).
Test Case '-[HostwrightManifestTests.ManifestV2StrictTests testV3ResourceComparisonAndSchedulingDiagnosticsUseActionableFields]' started.
Test Case '-[HostwrightManifestTests.ManifestV2StrictTests testV3ResourceComparisonAndSchedulingDiagnosticsUseActionableFields]' passed (0.001 seconds).
Test Case '-[HostwrightManifestTests.ManifestV2StrictTests testV3ResourcesRequireNonEmptyMatchingDimensionsAndCPUMemory]' started.
Test Case '-[HostwrightManifestTests.ManifestV2StrictTests testV3ResourcesRequireNonEmptyMatchingDimensionsAndCPUMemory]' passed (0.001 seconds).
Test Case '-[HostwrightManifestTests.ManifestV2StrictTests testValidationRejectsDuplicateFixedLocalhostPortAcrossServices]' started.
Test Case '-[HostwrightManifestTests.ManifestV2StrictTests testValidationRejectsDuplicateFixedLocalhostPortAcrossServices]' passed (0.000 seconds).
Test Case '-[HostwrightManifestTests.ManifestV2StrictTests testValidationRejectsFixedLocalhostPortWithMultipleReplicas]' started.
Test Case '-[HostwrightManifestTests.ManifestV2StrictTests testValidationRejectsFixedLocalhostPortWithMultipleReplicas]' passed (0.000 seconds).
Test Case '-[HostwrightManifestTests.ManifestV2StrictTests testValidationRejectsInvalidBoundsAndCrossFieldCombinations]' started.
Test Case '-[HostwrightManifestTests.ManifestV2StrictTests testValidationRejectsInvalidBoundsAndCrossFieldCombinations]' passed (0.000 seconds).
Test Case '-[HostwrightManifestTests.ManifestV2StrictTests testValidationRejectsInvalidStructuredPortDeclarations]' started.
Test Case '-[HostwrightManifestTests.ManifestV2StrictTests testValidationRejectsInvalidStructuredPortDeclarations]' passed (0.001 seconds).
Test Case '-[HostwrightManifestTests.ManifestV2StrictTests testVolumeMountMustReferenceDeclaredTopLevelVolumeButUnusedDeclarationsAreAllowed]' started.
Test Case '-[HostwrightManifestTests.ManifestV2StrictTests testVolumeMountMustReferenceDeclaredTopLevelVolumeButUnusedDeclarationsAreAllowed]' passed (0.001 seconds).
Test Suite 'ManifestV2StrictTests' passed at 2026-10-09 13:58:55.248.
	 Executed 26 tests, with 0 failures (0 unexpected) in 0.360 (0.360) seconds
Test Suite 'PersistentControlClientTests' started at 2026-10-09 13:58:55.248.
Test Case '-[HostwrightControlTransportTests.PersistentControlClientTests testCancellationPinsDescriptorUntilShutdownCompletes]' started.
Test Case '-[HostwrightControlTransportTests.PersistentControlClientTests testCancellationPinsDescriptorUntilShutdownCompletes]' passed (0.102 seconds).
Test Case '-[HostwrightControlTransportTests.PersistentControlClientTests testChallengeSocketBindingMismatchIsRejected]' started.
Test Case '-[HostwrightControlTransportTests.PersistentControlClientTests testChallengeSocketBindingMismatchIsRejected]' passed (0.005 seconds).
Test Case '-[HostwrightControlTransportTests.PersistentControlClientTests testCurrentCodeAdHocIdentityCompletesRealHandshakeAndUnaryResponse]' started.
Test Case '-[HostwrightControlTransportTests.PersistentControlClientTests testCurrentCodeAdHocIdentityCompletesRealHandshakeAndUnaryResponse]' passed (0.079 seconds).
Test Case '-[HostwrightControlTransportTests.PersistentControlClientTests testListenerPublishesOnlyPrivateNonSymlinkSocket]' started.
Test Case '-[HostwrightControlTransportTests.PersistentControlClientTests testListenerPublishesOnlyPrivateNonSymlinkSocket]' passed (0.000 seconds).
Test Case '-[HostwrightControlTransportTests.PersistentControlClientTests testLiveConcurrentClientsAndDurableReplayAcrossListenerRestart]' started.
Test Case '-[HostwrightControlTransportTests.PersistentControlClientTests testLiveConcurrentClientsAndDurableReplayAcrossListenerRestart]' passed (0.200 seconds).
Test Case '-[HostwrightControlTransportTests.PersistentControlClientTests testResponseRequestIDMismatchIsRejected]' started.
Test Case '-[HostwrightControlTransportTests.PersistentControlClientTests testResponseRequestIDMismatchIsRejected]' passed (0.001 seconds).
Test Case '-[HostwrightControlTransportTests.PersistentControlClientTests testUnpinnedAdHocServerIsRejectedBeforeChallenge]' started.
Test Case '-[HostwrightControlTransportTests.PersistentControlClientTests testUnpinnedAdHocServerIsRejectedBeforeChallenge]' passed (0.001 seconds).
Test Suite 'PersistentControlClientTests' passed at 2026-10-09 13:58:55.636.
	 Executed 7 tests, with 0 failures (0 unexpected) in 0.388 (0.388) seconds
Test Suite 'PersistentControlServerTests' started at 2026-10-09 13:58:55.636.
Test Case '-[HostwrightControlTransportTests.PersistentControlServerTests testAcceptedMutationRejectionPersistsAsErrorAndReplaysOnProtocol22]' started.
Test Case '-[HostwrightControlTransportTests.PersistentControlServerTests testAcceptedMutationRejectionPersistsAsErrorAndReplaysOnProtocol22]' passed (0.093 seconds).
Test Case '-[HostwrightControlTransportTests.PersistentControlServerTests testAuthenticatedMutationPersistsBeforeReplyAndIdempotentReplaySkipsHandler]' started.
Test Case '-[HostwrightControlTransportTests.PersistentControlServerTests testAuthenticatedMutationPersistsBeforeReplyAndIdempotentReplaySkipsHandler]' passed (0.095 seconds).
Test Case '-[HostwrightControlTransportTests.PersistentControlServerTests testAuthenticatedUnaryBarrierCannotCompleteBeforeSessionPersistence]' started.
Test Case '-[HostwrightControlTransportTests.PersistentControlServerTests testAuthenticatedUnaryBarrierCannotCompleteBeforeSessionPersistence]' passed (0.178 seconds).
Test Case '-[HostwrightControlTransportTests.PersistentControlServerTests testDifferentRequestIDForSameIdempotencyKeyIsRejectedWithoutInvokingHandler]' started.
Test Case '-[HostwrightControlTransportTests.PersistentControlServerTests testDifferentRequestIDForSameIdempotencyKeyIsRejectedWithoutInvokingHandler]' passed (0.098 seconds).
Test Case '-[HostwrightControlTransportTests.PersistentControlServerTests testExpiredRequestDeadlineClosesConnectionWithoutInvokingHandler]' started.
Test Case '-[HostwrightControlTransportTests.PersistentControlServerTests testExpiredRequestDeadlineClosesConnectionWithoutInvokingHandler]' passed (0.056 seconds).
Test Case '-[HostwrightControlTransportTests.PersistentControlServerTests testListenerCreatesSecureSocketAndPreservesInodeSubstitutionOnCleanup]' started.
Test Case '-[HostwrightControlTransportTests.PersistentControlServerTests testListenerCreatesSecureSocketAndPreservesInodeSubstitutionOnCleanup]' passed (0.000 seconds).
Test Case '-[HostwrightControlTransportTests.PersistentControlServerTests testListenerRecoversOnlyVerifiedStaleSocket]' started.
Test Case '-[HostwrightControlTransportTests.PersistentControlServerTests testListenerRecoversOnlyVerifiedStaleSocket]' passed (0.001 seconds).
Test Case '-[HostwrightControlTransportTests.PersistentControlServerTests testOversizedFrameClosesConnectionBeforeRequestAllocation]' started.
Test Case '-[HostwrightControlTransportTests.PersistentControlServerTests testOversizedFrameClosesConnectionBeforeRequestAllocation]' passed (0.051 seconds).
Test Case '-[HostwrightControlTransportTests.PersistentControlServerTests testQueuedExpiredSessionCannotInvokeHandler]' started.
Test Case '-[HostwrightControlTransportTests.PersistentControlServerTests testQueuedExpiredSessionCannotInvokeHandler]' passed (0.059 seconds).
Test Case '-[HostwrightControlTransportTests.PersistentControlServerTests testQueuedRevokedSessionCannotInvokeHandler]' started.
Test Case '-[HostwrightControlTransportTests.PersistentControlServerTests testQueuedRevokedSessionCannotInvokeHandler]' passed (0.066 seconds).
Test Case '-[HostwrightControlTransportTests.PersistentControlServerTests testRevokedSessionPreventsNextPersistentRequestFromInvokingHandler]' started.
Test Case '-[HostwrightControlTransportTests.PersistentControlServerTests testRevokedSessionPreventsNextPersistentRequestFromInvokingHandler]' passed (0.053 seconds).
Test Case '-[HostwrightControlTransportTests.PersistentControlServerTests testSessionRevokedDuringPreparationCannotInvokeHandler]' started.
Test Case '-[HostwrightControlTransportTests.PersistentControlServerTests testSessionRevokedDuringPreparationCannotInvokeHandler]' passed (0.082 seconds).
Test Case '-[HostwrightControlTransportTests.PersistentControlServerTests testSessionRevokedDuringPreparationCannotInvokePreparedExecution]' started.
Test Case '-[HostwrightControlTransportTests.PersistentControlServerTests testSessionRevokedDuringPreparationCannotInvokePreparedExecution]' passed (0.081 seconds).
Test Case '-[HostwrightControlTransportTests.PersistentControlServerTests testStreamingHooksRequireCompleteFourHookBundle]' started.
Test Case '-[HostwrightControlTransportTests.PersistentControlServerTests testStreamingHooksRequireCompleteFourHookBundle]' passed (0.040 seconds).
Test Case '-[HostwrightControlTransportTests.PersistentControlServerTests testUnaryRequestCoordinatorDefaultsToProcessingRequest]' started.
Test Case '-[HostwrightControlTransportTests.PersistentControlServerTests testUnaryRequestCoordinatorDefaultsToProcessingRequest]' passed (0.066 seconds).
Test Case '-[HostwrightControlTransportTests.PersistentControlServerTests testUnaryRequestCoordinatorFailureClosesConnectionWithoutInvokingHandler]' started.
Test Case '-[HostwrightControlTransportTests.PersistentControlServerTests testUnaryRequestCoordinatorFailureClosesConnectionWithoutInvokingHandler]' passed (0.058 seconds).
Test Case '-[HostwrightControlTransportTests.PersistentControlServerTests testUnaryRequestCoordinatorWrapsSynchronousProcessing]' started.
Test Case '-[HostwrightControlTransportTests.PersistentControlServerTests testUnaryRequestCoordinatorWrapsSynchronousProcessing]' passed (0.165 seconds).
Test Suite 'PersistentControlServerTests' passed at 2026-10-09 13:58:56.879.
	 Executed 17 tests, with 0 failures (0 unexpected) in 1.242 (1.243) seconds
Test Suite 'ReleaseQualificationCLITests' started at 2026-10-09 13:58:56.879.
Test Case '-[HostwrightReleaseQualificationTests.ReleaseQualificationCLITests testDependencyLockLaneProducesPassingGateEvidenceFromExactCommit]' started.
Test Case '-[HostwrightReleaseQualificationTests.ReleaseQualificationCLITests testDependencyLockLaneProducesPassingGateEvidenceFromExactCommit]' passed (0.763 seconds).
Test Case '-[HostwrightReleaseQualificationTests.ReleaseQualificationCLITests testDocumentationLaneMarksEvidenceStaleWhenTrackedSourceChangesDuringExecution]' started.
Test Case '-[HostwrightReleaseQualificationTests.ReleaseQualificationCLITests testDocumentationLaneMarksEvidenceStaleWhenTrackedSourceChangesDuringExecution]' passed (2.125 seconds).
Test Case '-[HostwrightReleaseQualificationTests.ReleaseQualificationCLITests testDocumentationLaneProducesExactNonPromotableOrPassingEvidence]' started.
Test Case '-[HostwrightReleaseQualificationTests.ReleaseQualificationCLITests testDocumentationLaneProducesExactNonPromotableOrPassingEvidence]' passed (3.328 seconds).
Test Case '-[HostwrightReleaseQualificationTests.ReleaseQualificationCLITests testExactCommitSafeLaneCannotPromoteDirtyWorkingTree]' started.
Test Case '-[HostwrightReleaseQualificationTests.ReleaseQualificationCLITests testExactCommitSafeLaneCannotPromoteDirtyWorkingTree]' passed (0.565 seconds).
Test Case '-[HostwrightReleaseQualificationTests.ReleaseQualificationCLITests testLaneEvidenceStatusPreservesPrimaryExecutionFailure]' started.
Test Case '-[HostwrightReleaseQualificationTests.ReleaseQualificationCLITests testLaneEvidenceStatusPreservesPrimaryExecutionFailure]' passed (0.000 seconds).
Test Case '-[HostwrightReleaseQualificationTests.ReleaseQualificationCLITests testLicensePolicyLaneMarksEvidenceStaleWhenSourceChangesDuringExecution]' started.
Test Case '-[HostwrightReleaseQualificationTests.ReleaseQualificationCLITests testLicensePolicyLaneMarksEvidenceStaleWhenSourceChangesDuringExecution]' passed (0.574 seconds).
Test Case '-[HostwrightReleaseQualificationTests.ReleaseQualificationCLITests testLicensePolicyLaneProducesPassingExactCommitEvidenceWithoutTextLeakage]' started.
Test Case '-[HostwrightReleaseQualificationTests.ReleaseQualificationCLITests testLicensePolicyLaneProducesPassingExactCommitEvidenceWithoutTextLeakage]' passed (1.105 seconds).
Test Case '-[HostwrightReleaseQualificationTests.ReleaseQualificationCLITests testLocalLaneEvidenceClassBindsProducerInsteadOfRegistryOrder]' started.
Test Case '-[HostwrightReleaseQualificationTests.ReleaseQualificationCLITests testLocalLaneEvidenceClassBindsProducerInsteadOfRegistryOrder]' passed (0.000 seconds).
Test Case '-[HostwrightReleaseQualificationTests.ReleaseQualificationCLITests testParserRejectsUnknownAndDuplicateOptions]' started.
Test Case '-[HostwrightReleaseQualificationTests.ReleaseQualificationCLITests testParserRejectsUnknownAndDuplicateOptions]' passed (0.000 seconds).
Test Case '-[HostwrightReleaseQualificationTests.ReleaseQualificationCLITests testPlanCommandIsCanonicalAndBounded]' started.
Test Case '-[HostwrightReleaseQualificationTests.ReleaseQualificationCLITests testPlanCommandIsCanonicalAndBounded]' passed (0.485 seconds).
Test Case '-[HostwrightReleaseQualificationTests.ReleaseQualificationCLITests testPlanUsesDetectedExactCommitDirtyBoundaryForLicensePolicy]' started.
Test Case '-[HostwrightReleaseQualificationTests.ReleaseQualificationCLITests testPlanUsesDetectedExactCommitDirtyBoundaryForLicensePolicy]' passed (0.805 seconds).
Test Case '-[HostwrightReleaseQualificationTests.ReleaseQualificationCLITests testPrivateLedgerStatusAndResumeAreExplicit]' started.
Test Case '-[HostwrightReleaseQualificationTests.ReleaseQualificationCLITests testPrivateLedgerStatusAndResumeAreExplicit]' passed (0.004 seconds).
Test Case '-[HostwrightReleaseQualificationTests.ReleaseQualificationCLITests testSecretScanLanePreservesRealFailureAndCannotSatisfyGate]' started.
Test Case '-[HostwrightReleaseQualificationTests.ReleaseQualificationCLITests testSecretScanLanePreservesRealFailureAndCannotSatisfyGate]' passed (0.578 seconds).
Test Case '-[HostwrightReleaseQualificationTests.ReleaseQualificationCLITests testVerifyAcceptsCommittedDependencyLicenseAndSecretLaneIDs]' started.
Test Case '-[HostwrightReleaseQualificationTests.ReleaseQualificationCLITests testVerifyAcceptsCommittedDependencyLicenseAndSecretLaneIDs]' passed (0.000 seconds).
Test Case '-[HostwrightReleaseQualificationTests.ReleaseQualificationCLITests testVerifyAcceptsExactLocalDocumentationLane]' started.
Test Case '-[HostwrightReleaseQualificationTests.ReleaseQualificationCLITests testVerifyAcceptsExactLocalDocumentationLane]' passed (0.000 seconds).
Test Suite 'ReleaseQualificationCLITests' passed at 2026-10-09 13:59:07.212.
	 Executed 15 tests, with 0 failures (0 unexpected) in 10.332 (10.333) seconds
Test Suite 'ReleaseQualificationLedgerTests' started at 2026-10-09 13:59:07.212.
Test Case '-[HostwrightReleaseQualificationTests.ReleaseQualificationLedgerTests testArtifactCleanupRemovesOnlyOwnedExactArtifacts]' started.
Test Case '-[HostwrightReleaseQualificationTests.ReleaseQualificationLedgerTests testArtifactCleanupRemovesOnlyOwnedExactArtifacts]' passed (0.042 seconds).
Test Case '-[HostwrightReleaseQualificationTests.ReleaseQualificationLedgerTests testArtifactSymlinkParentIsRejected]' started.
Test Case '-[HostwrightReleaseQualificationTests.ReleaseQualificationLedgerTests testArtifactSymlinkParentIsRejected]' passed (0.030 seconds).
Test Case '-[HostwrightReleaseQualificationTests.ReleaseQualificationLedgerTests testEvidenceCompletionRejectsTamperAndStaleEnvironment]' started.
Test Case '-[HostwrightReleaseQualificationTests.ReleaseQualificationLedgerTests testEvidenceCompletionRejectsTamperAndStaleEnvironment]' passed (0.040 seconds).
Test Case '-[HostwrightReleaseQualificationTests.ReleaseQualificationLedgerTests testReplayConflictRecoveryAndCancellation]' started.
Test Case '-[HostwrightReleaseQualificationTests.ReleaseQualificationLedgerTests testReplayConflictRecoveryAndCancellation]' passed (0.027 seconds).
Test Suite 'ReleaseQualificationLedgerTests' passed at 2026-10-09 13:59:07.353.
	 Executed 4 tests, with 0 failures (0 unexpected) in 0.140 (0.140) seconds
Test Suite 'ReleaseQualificationRegistryTests' started at 2026-10-09 13:59:07.353.
Test Case '-[HostwrightReleaseQualificationTests.ReleaseQualificationRegistryTests testCommittedLicensePolicyPassesWithExactDirectReceipts]' started.
Test Case '-[HostwrightReleaseQualificationTests.ReleaseQualificationRegistryTests testCommittedLicensePolicyPassesWithExactDirectReceipts]' passed (0.164 seconds).
Test Case '-[HostwrightReleaseQualificationTests.ReleaseQualificationRegistryTests testDefaultRegistryPlansReadyLocalLanesAndExplicitBlockers]' started.
Test Case '-[HostwrightReleaseQualificationTests.ReleaseQualificationRegistryTests testDefaultRegistryPlansReadyLocalLanesAndExplicitBlockers]' passed (0.002 seconds).
Test Case '-[HostwrightReleaseQualificationTests.ReleaseQualificationRegistryTests testDependencyLockLaneBlocksWhenRequiredPackageManifestIsASymlink]' started.
Test Case '-[HostwrightReleaseQualificationTests.ReleaseQualificationRegistryTests testDependencyLockLaneBlocksWhenRequiredPackageManifestIsASymlink]' passed (0.123 seconds).
Test Case '-[HostwrightReleaseQualificationTests.ReleaseQualificationRegistryTests testDependencyLockLaneIgnoresCanonicalTextInCommentAndRejectsRealFromCall]' started.
Test Case '-[HostwrightReleaseQualificationTests.ReleaseQualificationRegistryTests testDependencyLockLaneIgnoresCanonicalTextInCommentAndRejectsRealFromCall]' passed (0.136 seconds).
Test Case '-[HostwrightReleaseQualificationTests.ReleaseQualificationRegistryTests testDependencyLockLaneRejectsAdditionalDirectDependency]' started.
Test Case '-[HostwrightReleaseQualificationTests.ReleaseQualificationRegistryTests testDependencyLockLaneRejectsAdditionalDirectDependency]' passed (0.137 seconds).
Test Case '-[HostwrightReleaseQualificationTests.ReleaseQualificationRegistryTests testDependencyLockLaneRejectsCrossPairedURLAndExactVersionText]' started.
Test Case '-[HostwrightReleaseQualificationTests.ReleaseQualificationRegistryTests testDependencyLockLaneRejectsCrossPairedURLAndExactVersionText]' passed (0.129 seconds).
Test Case '-[HostwrightReleaseQualificationTests.ReleaseQualificationRegistryTests testDependencyLockLaneRejectsCryptoRevisionDriftAndHTTP2Downgrade]' started.
Test Case '-[HostwrightReleaseQualificationTests.ReleaseQualificationRegistryTests testDependencyLockLaneRejectsCryptoRevisionDriftAndHTTP2Downgrade]' passed (0.409 seconds).
Test Case '-[HostwrightReleaseQualificationTests.ReleaseQualificationRegistryTests testDependencyLockLaneTreatsOriginHashAsStructuralAndRequiresExactRevision]' started.
Test Case '-[HostwrightReleaseQualificationTests.ReleaseQualificationRegistryTests testDependencyLockLaneTreatsOriginHashAsStructuralAndRequiresExactRevision]' passed (0.425 seconds).
Test Case '-[HostwrightReleaseQualificationTests.ReleaseQualificationRegistryTests testDependencyLockLaneUsesExactCommitBlobsForPassFailureAndBlock]' started.
Test Case '-[HostwrightReleaseQualificationTests.ReleaseQualificationRegistryTests testDependencyLockLaneUsesExactCommitBlobsForPassFailureAndBlock]' passed (0.438 seconds).
Test Case '-[HostwrightReleaseQualificationTests.ReleaseQualificationRegistryTests testDocumentationLaneExecutesImmutableCommitSnapshotAfterLiveSourceSwap]' started.
Test Case '-[HostwrightReleaseQualificationTests.ReleaseQualificationRegistryTests testDocumentationLaneExecutesImmutableCommitSnapshotAfterLiveSourceSwap]' passed (1.664 seconds).
Test Case '-[HostwrightReleaseQualificationTests.ReleaseQualificationRegistryTests testDocumentationLaneFailsClosedWhenProviderScriptIsMissing]' started.
Test Case '-[HostwrightReleaseQualificationTests.ReleaseQualificationRegistryTests testDocumentationLaneFailsClosedWhenProviderScriptIsMissing]' passed (0.001 seconds).
Test Case '-[HostwrightReleaseQualificationTests.ReleaseQualificationRegistryTests testDocumentationLanePlanBlocksWhenTrustedPythonIsUnavailable]' started.
Test Case '-[HostwrightReleaseQualificationTests.ReleaseQualificationRegistryTests testDocumentationLanePlanBlocksWhenTrustedPythonIsUnavailable]' passed (0.002 seconds).
Test Case '-[HostwrightReleaseQualificationTests.ReleaseQualificationRegistryTests testDocumentationLanePreservesFirstObservationWhenSecondCommandTimesOut]' started.
Test Case '-[HostwrightReleaseQualificationTests.ReleaseQualificationRegistryTests testDocumentationLanePreservesFirstObservationWhenSecondCommandTimesOut]' passed (1.133 seconds).
Test Case '-[HostwrightReleaseQualificationTests.ReleaseQualificationRegistryTests testDocumentationLaneRecordsOnlyBoundedCommandEvidence]' started.
Test Case '-[HostwrightReleaseQualificationTests.ReleaseQualificationRegistryTests testDocumentationLaneRecordsOnlyBoundedCommandEvidence]' passed (1.099 seconds).
Test Case '-[HostwrightReleaseQualificationTests.ReleaseQualificationRegistryTests testDocumentationLaneRejectsProviderSymlinkBeforeCommandExecution]' started.
Test Case '-[HostwrightReleaseQualificationTests.ReleaseQualificationRegistryTests testDocumentationLaneRejectsProviderSymlinkBeforeCommandExecution]' passed (0.001 seconds).
Test Case '-[HostwrightReleaseQualificationTests.ReleaseQualificationRegistryTests testDocumentationLaneRejectsTamperedProviderBeforeCommandExecution]' started.
Test Case '-[HostwrightReleaseQualificationTests.ReleaseQualificationRegistryTests testDocumentationLaneRejectsTamperedProviderBeforeCommandExecution]' passed (0.001 seconds).
Test Case '-[HostwrightReleaseQualificationTests.ReleaseQualificationRegistryTests testLicensePolicyLaneBlocksMissingPolicyAndMissingDirectReceipt]' started.
Test Case '-[HostwrightReleaseQualificationTests.ReleaseQualificationRegistryTests testLicensePolicyLaneBlocksMissingPolicyAndMissingDirectReceipt]' passed (0.290 seconds).
Test Case '-[HostwrightReleaseQualificationTests.ReleaseQualificationRegistryTests testLicensePolicyLaneIgnoresOversizedUnselectedNotice]' started.
Test Case '-[HostwrightReleaseQualificationTests.ReleaseQualificationRegistryTests testLicensePolicyLaneIgnoresOversizedUnselectedNotice]' passed (0.182 seconds).
Test Case '-[HostwrightReleaseQualificationTests.ReleaseQualificationRegistryTests testLicensePolicyLanePassesOnlyExactCommittedReceiptsAndTexts]' started.
Test Case '-[HostwrightReleaseQualificationTests.ReleaseQualificationRegistryTests testLicensePolicyLanePassesOnlyExactCommittedReceiptsAndTexts]' passed (0.147 seconds).
Test Case '-[HostwrightReleaseQualificationTests.ReleaseQualificationRegistryTests testLicensePolicyLaneRejectsCommittedSymlinkAndGitlinkLicenseTexts]' started.
Test Case '-[HostwrightReleaseQualificationTests.ReleaseQualificationRegistryTests testLicensePolicyLaneRejectsCommittedSymlinkAndGitlinkLicenseTexts]' passed (0.288 seconds).
Test Case '-[HostwrightReleaseQualificationTests.ReleaseQualificationRegistryTests testLicensePolicyLaneRejectsExtraReceiptAndDirectPinMismatch]' started.
Test Case '-[HostwrightReleaseQualificationTests.ReleaseQualificationRegistryTests testLicensePolicyLaneRejectsExtraReceiptAndDirectPinMismatch]' passed (0.479 seconds).
Test Case '-[HostwrightReleaseQualificationTests.ReleaseQualificationRegistryTests testLicensePolicyLaneRejectsHashSizeAndTraversalWithoutTextLeakage]' started.
Test Case '-[HostwrightReleaseQualificationTests.ReleaseQualificationRegistryTests testLicensePolicyLaneRejectsHashSizeAndTraversalWithoutTextLeakage]' passed (0.286 seconds).
Test Case '-[HostwrightReleaseQualificationTests.ReleaseQualificationRegistryTests testLicensePolicyLaneRejectsMalformedUnknownSPDXDuplicateAndUnknownKeys]' started.
Test Case '-[HostwrightReleaseQualificationTests.ReleaseQualificationRegistryTests testLicensePolicyLaneRejectsMalformedUnknownSPDXDuplicateAndUnknownKeys]' passed (0.992 seconds).
Test Case '-[HostwrightReleaseQualificationTests.ReleaseQualificationRegistryTests testLicensePolicyLaneStillRefusesOversizedSelectedInput]' started.
Test Case '-[HostwrightReleaseQualificationTests.ReleaseQualificationRegistryTests testLicensePolicyLaneStillRefusesOversizedSelectedInput]' passed (0.158 seconds).
Test Case '-[HostwrightReleaseQualificationTests.ReleaseQualificationRegistryTests testLicensePolicyPlanBlocksExactCommitWithEmptyOrMissingReceipts]' started.
Test Case '-[HostwrightReleaseQualificationTests.ReleaseQualificationRegistryTests testLicensePolicyPlanBlocksExactCommitWithEmptyOrMissingReceipts]' passed (0.248 seconds).
Test Case '-[HostwrightReleaseQualificationTests.ReleaseQualificationRegistryTests testLicensePolicyPlanBlocksFailedExactCommitIntegrityAsTampered]' started.
Test Case '-[HostwrightReleaseQualificationTests.ReleaseQualificationRegistryTests testLicensePolicyPlanBlocksFailedExactCommitIntegrityAsTampered]' passed (0.148 seconds).
Test Case '-[HostwrightReleaseQualificationTests.ReleaseQualificationRegistryTests testLicensePolicyPlanMatchesExactCommittedReceiptsAndDirtyAuthority]' started.
Test Case '-[HostwrightReleaseQualificationTests.ReleaseQualificationRegistryTests testLicensePolicyPlanMatchesExactCommittedReceiptsAndDirtyAuthority]' passed (0.187 seconds).
Test Case '-[HostwrightReleaseQualificationTests.ReleaseQualificationRegistryTests testLicensePolicyPlanNeverPromotesMutableWorkingTreeFactsWithoutCommitAuthority]' started.
Test Case '-[HostwrightReleaseQualificationTests.ReleaseQualificationRegistryTests testLicensePolicyPlanNeverPromotesMutableWorkingTreeFactsWithoutCommitAuthority]' passed (0.250 seconds).
Test Case '-[HostwrightReleaseQualificationTests.ReleaseQualificationRegistryTests testLocalLaneRunnerExecutesExactlyFourCommittedSafeLocalProviders]' started.
Test Case '-[HostwrightReleaseQualificationTests.ReleaseQualificationRegistryTests testLocalLaneRunnerExecutesExactlyFourCommittedSafeLocalProviders]' passed (0.001 seconds).
Test Case '-[HostwrightReleaseQualificationTests.ReleaseQualificationRegistryTests testMissingOrTamperedSeededCorpusIsBlocked]' started.
Test Case '-[HostwrightReleaseQualificationTests.ReleaseQualificationRegistryTests testMissingOrTamperedSeededCorpusIsBlocked]' passed (0.002 seconds).
Test Case '-[HostwrightReleaseQualificationTests.ReleaseQualificationRegistryTests testParserBoundaryHarnessAcceptsCanonicalAndRejectsUnknownData]' started.
Test Case '-[HostwrightReleaseQualificationTests.ReleaseQualificationRegistryTests testParserBoundaryHarnessAcceptsCanonicalAndRejectsUnknownData]' passed (0.000 seconds).
Test Case '-[HostwrightReleaseQualificationTests.ReleaseQualificationRegistryTests testSafeChecksUseRealBoundedInputsAndAggregateDeterministically]' started.
Test Case '-[HostwrightReleaseQualificationTests.ReleaseQualificationRegistryTests testSafeChecksUseRealBoundedInputsAndAggregateDeterministically]' passed (0.162 seconds).
Test Case '-[HostwrightReleaseQualificationTests.ReleaseQualificationRegistryTests testSafeLanesIgnoreValidatedUnrelatedSymlinkAndGitlinkEntries]' started.
Test Case '-[HostwrightReleaseQualificationTests.ReleaseQualificationRegistryTests testSafeLanesIgnoreValidatedUnrelatedSymlinkAndGitlinkEntries]' passed (0.335 seconds).
Test Case '-[HostwrightReleaseQualificationTests.ReleaseQualificationRegistryTests testSecretScanLaneBlocksUnsupportedUTF32Input]' started.
Test Case '-[HostwrightReleaseQualificationTests.ReleaseQualificationRegistryTests testSecretScanLaneBlocksUnsupportedUTF32Input]' passed (0.136 seconds).
Test Case '-[HostwrightReleaseQualificationTests.ReleaseQualificationRegistryTests testSecretScanLaneIgnoresConcurrentLivePathSwapAfterCommitBlobRead]' started.
Test Case '-[HostwrightReleaseQualificationTests.ReleaseQualificationRegistryTests testSecretScanLaneIgnoresConcurrentLivePathSwapAfterCommitBlobRead]' passed (0.138 seconds).
Test Case '-[HostwrightReleaseQualificationTests.ReleaseQualificationRegistryTests testSecretScanLaneScansInvalidUTF8AndUTF16WithoutExposingCredentials]' started.
Test Case '-[HostwrightReleaseQualificationTests.ReleaseQualificationRegistryTests testSecretScanLaneScansInvalidUTF8AndUTF16WithoutExposingCredentials]' passed (0.138 seconds).
Test Case '-[HostwrightReleaseQualificationTests.ReleaseQualificationRegistryTests testSecretScanLaneUsesBoundedExactCommitBlobsForPassFailureAndBlock]' started.
Test Case '-[HostwrightReleaseQualificationTests.ReleaseQualificationRegistryTests testSecretScanLaneUsesBoundedExactCommitBlobsForPassFailureAndBlock]' passed (0.336 seconds).
Test Suite 'ReleaseQualificationRegistryTests' passed at 2026-10-09 13:59:18.121.
	 Executed 37 tests, with 0 failures (0 unexpected) in 10.766 (10.768) seconds
Test Suite 'SQLiteHardeningTests' started at 2026-10-09 13:59:18.121.
Test Case '-[HostwrightStateTests.SQLiteHardeningTests testApplicationIdentityClaimsLegacyStateAndRejectsForeignStateBeforeMutation]' started.
Test Case '-[HostwrightStateTests.SQLiteHardeningTests testApplicationIdentityClaimsLegacyStateAndRejectsForeignStateBeforeMutation]' passed (0.067 seconds).
Test Case '-[HostwrightStateTests.SQLiteHardeningTests testAuthoritativeAndPortableProfilesEnforceRealSQLitePolicy]' started.
Test Case '-[HostwrightStateTests.SQLiteHardeningTests testAuthoritativeAndPortableProfilesEnforceRealSQLitePolicy]' passed (0.047 seconds).
Test Case '-[HostwrightStateTests.SQLiteHardeningTests testCancellationAndStoragePressureRollBackAndLeaveConnectionUsable]' started.
Test Case '-[HostwrightStateTests.SQLiteHardeningTests testCancellationAndStoragePressureRollBackAndLeaveConnectionUsable]' passed (0.037 seconds).
Test Case '-[HostwrightStateTests.SQLiteHardeningTests testConcurrentSymlinkSwapsNeverRedirectSQLiteAccess]' started.
Test Case '-[HostwrightStateTests.SQLiteHardeningTests testConcurrentSymlinkSwapsNeverRedirectSQLiteAccess]' passed (0.454 seconds).
Test Case '-[HostwrightStateTests.SQLiteHardeningTests testFinalSymlinksAndUnsafeSQLiteSidecarsAreRejectedWithoutMutatingTargets]' started.
Test Case '-[HostwrightStateTests.SQLiteHardeningTests testFinalSymlinksAndUnsafeSQLiteSidecarsAreRejectedWithoutMutatingTargets]' passed (0.045 seconds).
Test Case '-[HostwrightStateTests.SQLiteHardeningTests testFutureDeleteModeSchemaIsRefusedBeforeAnyPersistentWriteConfiguration]' started.
Test Case '-[HostwrightStateTests.SQLiteHardeningTests testFutureDeleteModeSchemaIsRefusedBeforeAnyPersistentWriteConfiguration]' passed (0.048 seconds).
Test Case '-[HostwrightStateTests.SQLiteHardeningTests testManagedTransactionsRejectNestedAndEmbeddedControlWithoutCommitting]' started.
Test Case '-[HostwrightStateTests.SQLiteHardeningTests testManagedTransactionsRejectNestedAndEmbeddedControlWithoutCommitting]' passed (0.038 seconds).
Test Case '-[HostwrightStateTests.SQLiteHardeningTests testRealProcessKillDiscardsUncommittedWALAndPreservesCommittedWAL]' started.
Test Case '-[HostwrightStateTests.SQLiteHardeningTests testRealProcessKillDiscardsUncommittedWALAndPreservesCommittedWAL]' passed (0.215 seconds).
Test Case '-[HostwrightStateTests.SQLiteHardeningTests testWriterFenceSerializesWritersWhileAllowingReaders]' started.
Test Case '-[HostwrightStateTests.SQLiteHardeningTests testWriterFenceSerializesWritersWhileAllowingReaders]' passed (0.319 seconds).
Test Suite 'SQLiteHardeningTests' passed at 2026-10-09 13:59:19.391.
	 Executed 9 tests, with 0 failures (0 unexpected) in 1.270 (1.270) seconds
Test Suite 'SecureExecutableACLTests' started at 2026-10-09 13:59:19.391.
Test Case '-[HostwrightCoreTests.SecureExecutableACLTests testAddingWriteGrantInvalidatesPreviouslyVerifiedExecutable]' started.
Test Case '-[HostwrightCoreTests.SecureExecutableACLTests testAddingWriteGrantInvalidatesPreviouslyVerifiedExecutable]' passed (0.003 seconds).
Test Case '-[HostwrightCoreTests.SecureExecutableACLTests testCanonicalSymlinkTargetWithWriteGrantIsRejected]' started.
Test Case '-[HostwrightCoreTests.SecureExecutableACLTests testCanonicalSymlinkTargetWithWriteGrantIsRejected]' passed (0.002 seconds).
Test Case '-[HostwrightCoreTests.SecureExecutableACLTests testDenyOnlyACLsRemainSupported]' started.
Test Case '-[HostwrightCoreTests.SecureExecutableACLTests testDenyOnlyACLsRemainSupported]' passed (0.002 seconds).
Test Case '-[HostwrightCoreTests.SecureExecutableACLTests testExecutableWithWriteGrantIsRejectedDespiteSafeMode]' started.
Test Case '-[HostwrightCoreTests.SecureExecutableACLTests testExecutableWithWriteGrantIsRejectedDespiteSafeMode]' passed (0.002 seconds).
Test Case '-[HostwrightCoreTests.SecureExecutableACLTests testLexicalSymlinkParentWithWriteGrantIsRejected]' started.
Test Case '-[HostwrightCoreTests.SecureExecutableACLTests testLexicalSymlinkParentWithWriteGrantIsRejected]' passed (0.002 seconds).
Test Case '-[HostwrightCoreTests.SecureExecutableACLTests testWritableParentACLRejectsExecutableAndWorkingDirectory]' started.
Test Case '-[HostwrightCoreTests.SecureExecutableACLTests testWritableParentACLRejectsExecutableAndWorkingDirectory]' passed (0.001 seconds).
Test Suite 'SecureExecutableACLTests' passed at 2026-10-09 13:59:19.403.
	 Executed 6 tests, with 0 failures (0 unexpected) in 0.011 (0.012) seconds
Test Suite 'SecureLocalPathTests' started at 2026-10-09 13:59:19.403.
Test Case '-[HostwrightStateTests.SecureLocalPathTests testAccessGrantingStateACLIsRejectedBeforeSQLiteUse]' started.
Test Case '-[HostwrightStateTests.SecureLocalPathTests testAccessGrantingStateACLIsRejectedBeforeSQLiteUse]' passed (0.045 seconds).
Test Case '-[HostwrightStateTests.SecureLocalPathTests testDefaultStateCreatesPrivateMacOSLayoutAndDatabase]' started.
Test Case '-[HostwrightStateTests.SecureLocalPathTests testDefaultStateCreatesPrivateMacOSLayoutAndDatabase]' passed (0.045 seconds).
Test Case '-[HostwrightStateTests.SecureLocalPathTests testHardLinkedStateFileIsRejectedBeforeSQLiteUse]' started.
Test Case '-[HostwrightStateTests.SecureLocalPathTests testHardLinkedStateFileIsRejectedBeforeSQLiteUse]' passed (0.035 seconds).
Test Case '-[HostwrightStateTests.SecureLocalPathTests testLegacyConflictAndSidecarsFailWithoutChangingEitherDatabase]' started.
Test Case '-[HostwrightStateTests.SecureLocalPathTests testLegacyConflictAndSidecarsFailWithoutChangingEitherDatabase]' passed (0.129 seconds).
Test Case '-[HostwrightStateTests.SecureLocalPathTests testLegacyMigrationRefusesAnActiveWriterAndResumesAfterRelease]' started.
Test Case '-[HostwrightStateTests.SecureLocalPathTests testLegacyMigrationRefusesAnActiveWriterAndResumesAfterRelease]' passed (0.066 seconds).
Test Case '-[HostwrightStateTests.SecureLocalPathTests testLegacyMigrationRejectsAnInvalidHostwrightLedgerBeforeMove]' started.
Test Case '-[HostwrightStateTests.SecureLocalPathTests testLegacyMigrationRejectsAnInvalidHostwrightLedgerBeforeMove]' passed (0.004 seconds).
Test Case '-[HostwrightStateTests.SecureLocalPathTests testLegacyMigrationRejectsEmptyLedgerAndSpecialPermissionBitsBeforeMove]' started.
Test Case '-[HostwrightStateTests.SecureLocalPathTests testLegacyMigrationRejectsEmptyLedgerAndSpecialPermissionBitsBeforeMove]' passed (0.036 seconds).
Test Case '-[HostwrightStateTests.SecureLocalPathTests testLegacyStateMigratesAtomicallyAndPreservesUnknownLegacyFiles]' started.
Test Case '-[HostwrightStateTests.SecureLocalPathTests testLegacyStateMigratesAtomicallyAndPreservesUnknownLegacyFiles]' passed (0.062 seconds).
Test Case '-[HostwrightStateTests.SecureLocalPathTests testMigrationJournalResumesAfterAtomicRenameCheckpoint]' started.
Test Case '-[HostwrightStateTests.SecureLocalPathTests testMigrationJournalResumesAfterAtomicRenameCheckpoint]' passed (0.055 seconds).
Test Case '-[HostwrightStateTests.SecureLocalPathTests testMigrationResumeRefusesSourceAndDestinationSidecarsCreatedAfterIntent]' started.
Test Case '-[HostwrightStateTests.SecureLocalPathTests testMigrationResumeRefusesSourceAndDestinationSidecarsCreatedAfterIntent]' passed (0.110 seconds).
Test Case '-[HostwrightStateTests.SecureLocalPathTests testPrivateCreationIsIndependentOfARestrictiveUmask]' started.
Test Case '-[HostwrightStateTests.SecureLocalPathTests testPrivateCreationIsIndependentOfARestrictiveUmask]' passed (0.037 seconds).
Test Case '-[HostwrightStateTests.SecureLocalPathTests testProspectiveValidationRejectsUnsafeMissingTargetsAndAcceptsResumableRename]' started.
Test Case '-[HostwrightStateTests.SecureLocalPathTests testProspectiveValidationRejectsUnsafeMissingTargetsAndAcceptsResumableRename]' passed (0.049 seconds).
Test Case '-[HostwrightStateTests.SecureLocalPathTests testUnsafeExplicitParentsSymlinksModesAndOwnersFailBeforeSQLiteUse]' started.
Test Case '-[HostwrightStateTests.SecureLocalPathTests testUnsafeExplicitParentsSymlinksModesAndOwnersFailBeforeSQLiteUse]' passed (0.001 seconds).
Test Suite 'SecureLocalPathTests' passed at 2026-10-09 13:59:20.078.
	 Executed 13 tests, with 0 failures (0 unexpected) in 0.675 (0.675) seconds
Test Suite 'SecureSubprocessTests' started at 2026-10-09 13:59:20.078.
Test Case '-[HostwrightCoreTests.SecureSubprocessTests testBoundedStandardInputRoundTripsWithoutTruncation]' started.
Test Case '-[HostwrightCoreTests.SecureSubprocessTests testBoundedStandardInputRoundTripsWithoutTruncation]' passed (0.600 seconds).
Test Case '-[HostwrightCoreTests.SecureSubprocessTests testCancellationBeforeLaunchCreatesNoProcess]' started.
Test Case '-[HostwrightCoreTests.SecureSubprocessTests testCancellationBeforeLaunchCreatesNoProcess]' passed (0.001 seconds).
Test Case '-[HostwrightCoreTests.SecureSubprocessTests testCancellationTerminatesLeaderAndIgnoringDescendant]' started.
Test Case '-[HostwrightCoreTests.SecureSubprocessTests testCancellationTerminatesLeaderAndIgnoringDescendant]' passed (0.463 seconds).
Test Case '-[HostwrightCoreTests.SecureSubprocessTests testDetachedNaturalLeaderExitCleansOwnedDescendantGroup]' started.
Test Case '-[HostwrightCoreTests.SecureSubprocessTests testDetachedNaturalLeaderExitCleansOwnedDescendantGroup]' passed (0.381 seconds).
Test Case '-[HostwrightCoreTests.SecureSubprocessTests testDetachedProcessRecordsExactNaturalExitAndExcludesForcedTermination]' started.
Test Case '-[HostwrightCoreTests.SecureSubprocessTests testDetachedProcessRecordsExactNaturalExitAndExcludesForcedTermination]' passed (0.032 seconds).
Test Case '-[HostwrightCoreTests.SecureSubprocessTests testDetachedProcessStreamDescriptorsRoundTripWithoutInheritingExtraPipeEnds]' started.
Test Case '-[HostwrightCoreTests.SecureSubprocessTests testDetachedProcessStreamDescriptorsRoundTripWithoutInheritingExtraPipeEnds]' passed (0.003 seconds).
Test Case '-[HostwrightCoreTests.SecureSubprocessTests testEarlyStandardInputClosureFailsWithBoundedTypedError]' started.
Test Case '-[HostwrightCoreTests.SecureSubprocessTests testEarlyStandardInputClosureFailsWithBoundedTypedError]' passed (0.365 seconds).
Test Case '-[HostwrightCoreTests.SecureSubprocessTests testEnvironmentIsExactAndDoesNotInheritParentSecrets]' started.
Test Case '-[HostwrightCoreTests.SecureSubprocessTests testEnvironmentIsExactAndDoesNotInheritParentSecrets]' passed (0.008 seconds).
Test Case '-[HostwrightCoreTests.SecureSubprocessTests testExactArgumentsDoNotInvokeShellExpansion]' started.
Test Case '-[HostwrightCoreTests.SecureSubprocessTests testExactArgumentsDoNotInvokeShellExpansion]' passed (0.007 seconds).
Test Case '-[HostwrightCoreTests.SecureSubprocessTests testExecutableIdentityDetectsMutationAndUnsafeParent]' started.
Test Case '-[HostwrightCoreTests.SecureSubprocessTests testExecutableIdentityDetectsMutationAndUnsafeParent]' passed (0.001 seconds).
Test Case '-[HostwrightCoreTests.SecureSubprocessTests testLeaderExitAfterReapingItsChildReturnsNormally]' started.
Test Case '-[HostwrightCoreTests.SecureSubprocessTests testLeaderExitAfterReapingItsChildReturnsNormally]' passed (0.385 seconds).
Test Case '-[HostwrightCoreTests.SecureSubprocessTests testLeaderExitWithLiveDescendantFailsAndCleansProcessGroup]' started.
Test Case '-[HostwrightCoreTests.SecureSubprocessTests testLeaderExitWithLiveDescendantFailsAndCleansProcessGroup]' passed (2.303 seconds).
Test Case '-[HostwrightCoreTests.SecureSubprocessTests testOutputFloodIsBoundedAndTerminated]' started.
Test Case '-[HostwrightCoreTests.SecureSubprocessTests testOutputFloodIsBoundedAndTerminated]' passed (0.013 seconds).
Test Case '-[HostwrightCoreTests.SecureSubprocessTests testPinnedExecutableIdentityCannotDriftBetweenTrustCheckAndSuspendedSpawn]' started.
Test Case '-[HostwrightCoreTests.SecureSubprocessTests testPinnedExecutableIdentityCannotDriftBetweenTrustCheckAndSuspendedSpawn]' passed (0.002 seconds).
Test Case '-[HostwrightCoreTests.SecureSubprocessTests testRepeatedCancellationRacesReturnOnlyCancelled]' started.
Test Case '-[HostwrightCoreTests.SecureSubprocessTests testRepeatedCancellationRacesReturnOnlyCancelled]' passed (0.801 seconds).
Test Case '-[HostwrightCoreTests.SecureSubprocessTests testRequestRejectsLoaderEnvironmentAndOversizedInputBeforeLaunch]' started.
Test Case '-[HostwrightCoreTests.SecureSubprocessTests testRequestRejectsLoaderEnvironmentAndOversizedInputBeforeLaunch]' passed (0.000 seconds).
Test Case '-[HostwrightCoreTests.SecureSubprocessTests testResolverFailsClosedOnUnsafePathCandidate]' started.
Test Case '-[HostwrightCoreTests.SecureSubprocessTests testResolverFailsClosedOnUnsafePathCandidate]' passed (0.005 seconds).
Test Case '-[HostwrightCoreTests.SecureSubprocessTests testShellExecutablesAreRejectedBeforeLaunch]' started.
Test Case '-[HostwrightCoreTests.SecureSubprocessTests testShellExecutablesAreRejectedBeforeLaunch]' passed (0.000 seconds).
Test Case '-[HostwrightCoreTests.SecureSubprocessTests testStandardErrorFloodIsBoundedAndTerminated]' started.
Test Case '-[HostwrightCoreTests.SecureSubprocessTests testStandardErrorFloodIsBoundedAndTerminated]' passed (0.391 seconds).
Test Case '-[HostwrightCoreTests.SecureSubprocessTests testSuspendedProcessValidatorRejectsAndReapsBeforeExecution]' started.
Test Case '-[HostwrightCoreTests.SecureSubprocessTests testSuspendedProcessValidatorRejectsAndReapsBeforeExecution]' passed (0.001 seconds).
Test Case '-[HostwrightCoreTests.SecureSubprocessTests testSystemSymlinkResolvesToVerifiedCanonicalExecutable]' started.
Test Case '-[HostwrightCoreTests.SecureSubprocessTests testSystemSymlinkResolvesToVerifiedCanonicalExecutable]' passed (0.001 seconds).
Test Case '-[HostwrightCoreTests.SecureSubprocessTests testTaskCancellationTerminatesTheProcess]' started.
Test Case '-[HostwrightCoreTests.SecureSubprocessTests testTaskCancellationTerminatesTheProcess]' passed (0.130 seconds).
Test Case '-[HostwrightCoreTests.SecureSubprocessTests testTimeoutTerminatesLeaderAndIgnoringDescendant]' started.
Test Case '-[HostwrightCoreTests.SecureSubprocessTests testTimeoutTerminatesLeaderAndIgnoringDescendant]' passed (2.825 seconds).
Test Case '-[HostwrightCoreTests.SecureSubprocessTests testTimeoutUsesBoundedTermination]' started.
Test Case '-[HostwrightCoreTests.SecureSubprocessTests testTimeoutUsesBoundedTermination]' passed (0.110 seconds).
Test Case '-[HostwrightCoreTests.SecureSubprocessTests testUnrelatedFileDescriptorsAreClosedAcrossExec]' started.
Test Case '-[HostwrightCoreTests.SecureSubprocessTests testUnrelatedFileDescriptorsAreClosedAcrossExec]' passed (0.408 seconds).
Test Case '-[HostwrightCoreTests.SecureSubprocessTests testWorkingDirectoryAndLexicalTraversalValidationFailClosed]' started.
Test Case '-[HostwrightCoreTests.SecureSubprocessTests testWorkingDirectoryAndLexicalTraversalValidationFailClosed]' passed (0.001 seconds).
Test Case '-[HostwrightCoreTests.SecureSubprocessTests testWorkingDirectoryUsesVerifiedDirectoryDescriptor]' started.
Test Case '-[HostwrightCoreTests.SecureSubprocessTests testWorkingDirectoryUsesVerifiedDirectoryDescriptor]' passed (0.372 seconds).
Test Suite 'SecureSubprocessTests' passed at 2026-10-09 13:59:29.690.
	 Executed 27 tests, with 0 failures (0 unexpected) in 9.609 (9.611) seconds
Test Suite 'hostwrightPackageTests.xctest' passed at 2026-10-09 13:59:29.690.
	 Executed 301 tests, with 0 failures (0 unexpected) in 51.322 (51.335) seconds
Test Suite 'Selected tests' passed at 2026-10-09 13:59:29.690.
	 Executed 301 tests, with 0 failures (0 unexpected) in 51.322 (51.337) seconds
◇ Test run started.
↳ Testing Library Version: 1902
↳ Target Platform: arm64e-apple-macos14.0
◇ Suite LifecycleCLIOptionsTests started.
◇ Suite LifecycleCommandRunnerTests started.
◇ Test parsesCompleteDryRunContractDeterministically() started.
◇ Test rejectsAmbiguousOrUnsafeMutationArguments(arguments:) started.
◇ Test parsesExactConfirmationAndRunTarget() started.
◇ Test downPreservesAndRemoveDeletesOnlyExactOwnedResource() started.
◇ Test updatePreservesPriorTagLockWhileResolvingTheDesiredTagAgain() started.
◇ Test runningRestartDurablyOrdersStopThenStartBeforeHooksAndProbes() started.
◇ Test repeatedLifecycleGroupReusesOnlyExactPlanScopedImageLockEvidence() started.
◇ Test dryRunCompilesSharedSagaPlanNormalizesBindsAndNeverPersistsSecrets() started.
◇ Test startDoesNotCreateAMissingResource() started.
◇ Test unattendedMaintenanceOverrideCancelledBeforeEffectFailsClosed() started.
◇ Test updateRejectsLegacyMutablePriorRevisionWithoutAnImmutableLock() started.
◇ Test schedulerReleaseUsesOwnedRemovalRatherThanStop() started.
◇ Test dryRunBindsMutableTagToExactDescriptorAndPlatformVariant() started.
◇ Test unattendedReconciliationReportsVerificationOnlyDAGAsConverged() started.
◇ Test updateCompilesRealRollingPlanFromVerifiedPreviousRevision() started.
◇ Test unattendedMaintenanceWindowClosingBeforeEffectFailsClosed() started.
◇ Test partialSafeHoldRendersExactCanonicalResourceOutcomesAsJSON() started.
◇ Test unattendedReconciliationUsesTheExactSharedPlanAndSagaOnce() started.
◇ Test existingMutationWithoutUUIDOwnershipFailsClosed() started.
◇ Test failedImageEvidencePreventsRevalidationAndExecution() started.
◇ Test runUsesOneDeterministicEphemeralIdentityAndRequiresLocalImage() started.
◇ Test existingAbsoluteBindSourceCompiles() started.
◇ Test unattendedReconciliationPreservesPostAdmissionFailureAsInterruptedMutation() started.
◇ Test unattendedReconciliationRejectsChangedManifestBytesBeforePlanning() started.
◇ Test resolvedNamedVolumeCompilesBeforeProviderPathExists() started.
◇ Test desiredSpecificationSortsPortsByStableTypedFields() started.
◇ Test imageLockingAndMountNormalizationPreserveNetworkIntent() started.
◇ Test confirmationMismatchHasZeroImageOrMutationEffects() started.
◇ Test stoppedRestartSkipsPreStopButRunsPostStartAfterActualStart() started.
◇ Test missingRelativeAndAbsoluteBindSourcesFailBeforeMutation() started.
◇ Test unattendedDaemonAuthorityFailsClosedWithoutValidatorAndOnNodeEpochTOCTOU() started.
◇ Test recreateAvailabilityImpactIsVisibleAndConfirmationBound() started.
◇ Test resourceOutcomeOrderIsDeterministicAcrossInputAndCompletionOrder() started.
◇ Test unattendedReconciliationHonorsCancellationBeforePlanning() started.
◇ Test exactConfirmationRevalidatesThenExecutesOnce() started.
◇ Test unattendedMaintenanceOverridePastHardDeadlineFailsClosed() started.
◇ Test updateResultExposesVersionedExactRolloutStageAndRevisionIdentities() started.
◇ Test case passing 1 argument arguments → ["up"] to rejectsAmbiguousOrUnsafeMutationArguments(arguments:) started.
◇ Test unattendedReconciliationRejectsChangedPolicyTargetBeforeExecution() started.
◇ Test case passing 1 argument arguments → ["up", "--dry-run", "--confirm-plan", "aaaaaaaaaaaaaaaaaaaaaaaaaaaaaaaaaaaaaaaaaaaaaaaaaaaaaaaaaaaaaaaa"] to rejectsAmbiguousOrUnsafeMutationArguments(arguments:) started.
◇ Test unattendedReconciliationDefersAnEmptyBudgetSelectionWithoutExecution() started.
◇ Test upRepairsSupportedDesiredDriftThroughTheExistingUpdatePlanner() started.
◇ Test unattendedReconciliationReportsAnEmptySharedDAGAsConverged() started.
◇ Test case passing 1 argument arguments → ["up", "--confirm-plan", "not-a-digest"] to rejectsAmbiguousOrUnsafeMutationArguments(arguments:) started.
◇ Test movedTagProducesANewPlanAndRefusesTheReviewedConfirmation() started.
◇ Test case passing 1 argument arguments → ["up", "--dry-run", "--parallelism", "0"] to rejectsAmbiguousOrUnsafeMutationArguments(arguments:) started.
◇ Test namedVolumeFailsBeforeRuntimeMutation() started.
◇ Test case passing 1 argument arguments → ["up", "--dry-run", "--parallelism", "33"] to rejectsAmbiguousOrUnsafeMutationArguments(arguments:) started.
◇ Test case passing 1 argument arguments → ["up", "--dry-run", "--timeout", "0"] to rejectsAmbiguousOrUnsafeMutationArguments(arguments:) started.
◇ Test case passing 1 argument arguments → ["run", "--dry-run"] to rejectsAmbiguousOrUnsafeMutationArguments(arguments:) started.
◇ Test case passing 1 argument arguments → ["run", "--service", "../unsafe", "--dry-run"] to rejectsAmbiguousOrUnsafeMutationArguments(arguments:) started.
◇ Test case passing 1 argument arguments → ["run", "--service", "job", "--service", "job", "--dry-run"] to rejectsAmbiguousOrUnsafeMutationArguments(arguments:) started.
✔ Test parsesCompleteDryRunContractDeterministically() passed after 0.044 seconds.
✔ Test parsesExactConfirmationAndRunTarget() passed after 0.067 seconds.
✔ Test rejectsAmbiguousOrUnsafeMutationArguments(arguments:) with 9 test cases passed after 0.083 seconds.
✔ Test startDoesNotCreateAMissingResource() passed after 0.083 seconds.
✔ Test downPreservesAndRemoveDeletesOnlyExactOwnedResource() passed after 0.083 seconds.
✔ Test dryRunBindsMutableTagToExactDescriptorAndPlatformVariant() passed after 0.083 seconds.
✔ Test unattendedReconciliationReportsVerificationOnlyDAGAsConverged() passed after 0.083 seconds.
✔ Test existingMutationWithoutUUIDOwnershipFailsClosed() passed after 0.083 seconds.
✔ Test dryRunCompilesSharedSagaPlanNormalizesBindsAndNeverPersistsSecrets() passed after 0.083 seconds.
✔ Test failedImageEvidencePreventsRevalidationAndExecution() passed after 0.083 seconds.
✔ Test runUsesOneDeterministicEphemeralIdentityAndRequiresLocalImage() passed after 0.083 seconds.
✔ Test runningRestartDurablyOrdersStopThenStartBeforeHooksAndProbes() passed after 0.083 seconds.
✔ Test updateRejectsLegacyMutablePriorRevisionWithoutAnImmutableLock() passed after 0.083 seconds.
✔ Test updateCompilesRealRollingPlanFromVerifiedPreviousRevision() passed after 0.083 seconds.
✔ Test unattendedReconciliationRejectsChangedManifestBytesBeforePlanning() passed after 0.083 seconds.
✔ Test unattendedReconciliationUsesTheExactSharedPlanAndSagaOnce() passed after 0.083 seconds.
✔ Test unattendedMaintenanceWindowClosingBeforeEffectFailsClosed() passed after 0.083 seconds.
✔ Test existingAbsoluteBindSourceCompiles() passed after 0.083 seconds.
✔ Test resolvedNamedVolumeCompilesBeforeProviderPathExists() passed after 0.083 seconds.
✔ Test missingRelativeAndAbsoluteBindSourcesFailBeforeMutation() passed after 0.083 seconds.
✔ Test stoppedRestartSkipsPreStopButRunsPostStartAfterActualStart() passed after 0.083 seconds.
✔ Test desiredSpecificationSortsPortsByStableTypedFields() passed after 0.083 seconds.
✔ Test confirmationMismatchHasZeroImageOrMutationEffects() passed after 0.083 seconds.
✔ Test imageLockingAndMountNormalizationPreserveNetworkIntent() passed after 0.083 seconds.
✔ Test partialSafeHoldRendersExactCanonicalResourceOutcomesAsJSON() passed after 0.083 seconds.
✔ Test unattendedReconciliationRejectsChangedPolicyTargetBeforeExecution() passed after 0.083 seconds.
✔ Test unattendedReconciliationDefersAnEmptyBudgetSelectionWithoutExecution() passed after 0.083 seconds.
✔ Test exactConfirmationRevalidatesThenExecutesOnce() passed after 0.083 seconds.
✔ Test unattendedReconciliationReportsAnEmptySharedDAGAsConverged() passed after 0.083 seconds.
✔ Test upRepairsSupportedDesiredDriftThroughTheExistingUpdatePlanner() passed after 0.083 seconds.
✔ Test namedVolumeFailsBeforeRuntimeMutation() passed after 0.083 seconds.
✔ Suite LifecycleCLIOptionsTests passed after 0.084 seconds.
✔ Test unattendedReconciliationHonorsCancellationBeforePlanning() passed after 0.083 seconds.
✔ Test updatePreservesPriorTagLockWhileResolvingTheDesiredTagAgain() passed after 0.088 seconds.
✔ Test movedTagProducesANewPlanAndRefusesTheReviewedConfirmation() passed after 0.092 seconds.
✔ Test repeatedLifecycleGroupReusesOnlyExactPlanScopedImageLockEvidence() passed after 0.117 seconds.
✔ Test unattendedReconciliationPreservesPostAdmissionFailureAsInterruptedMutation() passed after 0.124 seconds.
✔ Test unattendedMaintenanceOverrideCancelledBeforeEffectFailsClosed() passed after 0.132 seconds.
✔ Test resourceOutcomeOrderIsDeterministicAcrossInputAndCompletionOrder() passed after 0.132 seconds.
✔ Test unattendedMaintenanceOverridePastHardDeadlineFailsClosed() passed after 0.143 seconds.
✔ Test unattendedDaemonAuthorityFailsClosedWithoutValidatorAndOnNodeEpochTOCTOU() passed after 0.199 seconds.
✔ Test schedulerReleaseUsesOwnedRemovalRatherThanStop() passed after 0.208 seconds.
✔ Test recreateAvailabilityImpactIsVisibleAndConfirmationBound() passed after 0.239 seconds.
✔ Test updateResultExposesVersionedExactRolloutStageAndRevisionIdentities() passed after 0.244 seconds.
✔ Suite LifecycleCommandRunnerTests passed after 0.244 seconds.
✔ Test run with 43 tests in 2 suites passed after 0.245 seconds.
