Build, sign, notarize, and verify	Run repository regression gate	2026-10-03T17:09:54.7573840Z <release-source-root>/Sources/HostwrightCluster/ClusterCertificateLifecycle.swift:1086:22: warning: 'SecKeychainCopyDefault' was deprecated in macOS 10.10: SecKeychain is deprecated [#DeprecatedDeclaration]
Build, sign, notarize, and verify	Run repository regression gate	2026-10-03T17:09:54.7576080Z      |                      `- warning: 'SecKeychainCopyDefault' was deprecated in macOS 10.10: SecKeychain is deprecated [#DeprecatedDeclaration]
Build, sign, notarize, and verify	Run repository regression gate	2026-10-03T17:09:54.7577470Z <release-source-root>/Sources/HostwrightCluster/ClusterCertificateLifecycle.swift:1110:26: warning: 'SecKeychainGetUserInteractionAllowed' was deprecated in macOS 10.10: SecKeychain is deprecated [#DeprecatedDeclaration]
Build, sign, notarize, and verify	Run repository regression gate	2026-10-03T17:09:54.7578860Z      |                          `- warning: 'SecKeychainGetUserInteractionAllowed' was deprecated in macOS 10.10: SecKeychain is deprecated [#DeprecatedDeclaration]
Build, sign, notarize, and verify	Run repository regression gate	2026-10-03T17:09:54.7580140Z <release-source-root>/Sources/HostwrightCluster/ClusterCertificateLifecycle.swift:1114:29: warning: 'SecKeychainSetUserInteractionAllowed' was deprecated in macOS 10.10: SecKeychain is deprecated [#DeprecatedDeclaration]
Build, sign, notarize, and verify	Run repository regression gate	2026-10-03T17:09:54.7581530Z      |                             `- warning: 'SecKeychainSetUserInteractionAllowed' was deprecated in macOS 10.10: SecKeychain is deprecated [#DeprecatedDeclaration]
Build, sign, notarize, and verify	Run repository regression gate	2026-10-03T17:09:54.7582640Z <release-source-root>/Sources/HostwrightCluster/ClusterCertificateLifecycle.swift:1127:29: warning: 'SecKeychainSetUserInteractionAllowed' was deprecated in macOS 10.10: SecKeychain is deprecated [#DeprecatedDeclaration]
Build, sign, notarize, and verify	Run repository regression gate	2026-10-03T17:09:54.7583760Z      |                             `- warning: 'SecKeychainSetUserInteractionAllowed' was deprecated in macOS 10.10: SecKeychain is deprecated [#DeprecatedDeclaration]
Build, sign, notarize, and verify	Run repository regression gate	2026-10-03T17:09:54.7584850Z <release-source-root>/Sources/HostwrightCluster/ClusterCertificateLifecycle.swift:1138:42: warning: 'kSecUseAuthenticationUIFail' was deprecated in macOS 11.0: Instead of kSecUseAuthenticationUI, use kSecUseAuthenticationContext and set LAContext.interactionNotAllowed property [#DeprecatedDeclaration]
Build, sign, notarize, and verify	Run repository regression gate	2026-10-03T17:09:54.7586660Z      |                                          `- warning: 'kSecUseAuthenticationUIFail' was deprecated in macOS 11.0: Instead of kSecUseAuthenticationUI, use kSecUseAuthenticationContext and set LAContext.interactionNotAllowed property [#DeprecatedDeclaration]
Build, sign, notarize, and verify	Run repository regression gate	2026-10-03T17:09:54.7587620Z <release-source-root>/Sources/HostwrightCluster/ClusterCertificateLifecycle.swift:2096:23: warning: treating a forced downcast to 'SecCertificate' as optional will never produce 'nil'
Build, sign, notarize, and verify	Run repository regression gate	2026-10-03T17:09:54.7589000Z      |                |      `- warning: treating a forced downcast to 'SecCertificate' as optional will never produce 'nil'
Build, sign, notarize, and verify	Run repository regression gate	2026-10-03T17:09:54.7590860Z <release-source-root>/Sources/HostwrightCluster/ClusterCertificateLifecycle.swift:2263:22: warning: 'SecKeychainGetStatus' was deprecated in macOS 10.10: SecKeychain is deprecated [#DeprecatedDeclaration]
Build, sign, notarize, and verify	Run repository regression gate	2026-10-03T17:09:54.7592040Z      |                      `- warning: 'SecKeychainGetStatus' was deprecated in macOS 10.10: SecKeychain is deprecated [#DeprecatedDeclaration]
Build, sign, notarize, and verify	Run repository regression gate	2026-10-03T17:09:54.8865310Z <release-source-root>/Sources/HostwrightCluster/ClusterCertificateLifecycle.swift:1086:22: warning: 'SecKeychainCopyDefault' was deprecated in macOS 10.10: SecKeychain is deprecated [#DeprecatedDeclaration]
Build, sign, notarize, and verify	Run repository regression gate	2026-10-03T17:09:54.8866670Z      |                      `- warning: 'SecKeychainCopyDefault' was deprecated in macOS 10.10: SecKeychain is deprecated [#DeprecatedDeclaration]
Build, sign, notarize, and verify	Run repository regression gate	2026-10-03T17:09:54.8867720Z <release-source-root>/Sources/HostwrightCluster/ClusterCertificateLifecycle.swift:1110:26: warning: 'SecKeychainGetUserInteractionAllowed' was deprecated in macOS 10.10: SecKeychain is deprecated [#DeprecatedDeclaration]
Build, sign, notarize, and verify	Run repository regression gate	2026-10-03T17:09:54.8868980Z      |                          `- warning: 'SecKeychainGetUserInteractionAllowed' was deprecated in macOS 10.10: SecKeychain is deprecated [#DeprecatedDeclaration]
Build, sign, notarize, and verify	Run repository regression gate	2026-10-03T17:09:54.8870030Z <release-source-root>/Sources/HostwrightCluster/ClusterCertificateLifecycle.swift:1114:29: warning: 'SecKeychainSetUserInteractionAllowed' was deprecated in macOS 10.10: SecKeychain is deprecated [#DeprecatedDeclaration]
Build, sign, notarize, and verify	Run repository regression gate	2026-10-03T17:09:54.8871570Z      |                             `- warning: 'SecKeychainSetUserInteractionAllowed' was deprecated in macOS 10.10: SecKeychain is deprecated [#DeprecatedDeclaration]
Build, sign, notarize, and verify	Run repository regression gate	2026-10-03T17:09:54.8872630Z <release-source-root>/Sources/HostwrightCluster/ClusterCertificateLifecycle.swift:1127:29: warning: 'SecKeychainSetUserInteractionAllowed' was deprecated in macOS 10.10: SecKeychain is deprecated [#DeprecatedDeclaration]
Build, sign, notarize, and verify	Run repository regression gate	2026-10-03T17:09:54.8873880Z      |                             `- warning: 'SecKeychainSetUserInteractionAllowed' was deprecated in macOS 10.10: SecKeychain is deprecated [#DeprecatedDeclaration]
Build, sign, notarize, and verify	Run repository regression gate	2026-10-03T17:09:54.8874980Z <release-source-root>/Sources/HostwrightCluster/ClusterCertificateLifecycle.swift:1138:42: warning: 'kSecUseAuthenticationUIFail' was deprecated in macOS 11.0: Instead of kSecUseAuthenticationUI, use kSecUseAuthenticationContext and set LAContext.interactionNotAllowed property [#DeprecatedDeclaration]
Build, sign, notarize, and verify	Run repository regression gate	2026-10-03T17:09:54.8876780Z      |                                          `- warning: 'kSecUseAuthenticationUIFail' was deprecated in macOS 11.0: Instead of kSecUseAuthenticationUI, use kSecUseAuthenticationContext and set LAContext.interactionNotAllowed property [#DeprecatedDeclaration]
Build, sign, notarize, and verify	Run repository regression gate	2026-10-03T17:09:54.8877820Z <release-source-root>/Sources/HostwrightCluster/ClusterCertificateLifecycle.swift:2096:23: warning: treating a forced downcast to 'SecCertificate' as optional will never produce 'nil'
Build, sign, notarize, and verify	Run repository regression gate	2026-10-03T17:09:54.8879140Z      |                |      `- warning: treating a forced downcast to 'SecCertificate' as optional will never produce 'nil'
Build, sign, notarize, and verify	Run repository regression gate	2026-10-03T17:09:54.8880260Z <release-source-root>/Sources/HostwrightCluster/ClusterCertificateLifecycle.swift:2263:22: warning: 'SecKeychainGetStatus' was deprecated in macOS 10.10: SecKeychain is deprecated [#DeprecatedDeclaration]
Build, sign, notarize, and verify	Run repository regression gate	2026-10-03T17:09:54.8881590Z      |                      `- warning: 'SecKeychainGetStatus' was deprecated in macOS 10.10: SecKeychain is deprecated [#DeprecatedDeclaration]
Build, sign, notarize, and verify	Run repository regression gate	2026-10-03T17:09:55.0172180Z <release-source-root>/Sources/HostwrightCluster/ClusterCertificateLifecycle.swift:1086:22: warning: 'SecKeychainCopyDefault' was deprecated in macOS 10.10: SecKeychain is deprecated [#DeprecatedDeclaration]
Build, sign, notarize, and verify	Run repository regression gate	2026-10-03T17:09:55.0173840Z      |                      `- warning: 'SecKeychainCopyDefault' was deprecated in macOS 10.10: SecKeychain is deprecated [#DeprecatedDeclaration]
Build, sign, notarize, and verify	Run repository regression gate	2026-10-03T17:09:55.0174860Z <release-source-root>/Sources/HostwrightCluster/ClusterCertificateLifecycle.swift:1110:26: warning: 'SecKeychainGetUserInteractionAllowed' was deprecated in macOS 10.10: SecKeychain is deprecated [#DeprecatedDeclaration]
Build, sign, notarize, and verify	Run repository regression gate	2026-10-03T17:09:55.0176100Z      |                          `- warning: 'SecKeychainGetUserInteractionAllowed' was deprecated in macOS 10.10: SecKeychain is deprecated [#DeprecatedDeclaration]
Build, sign, notarize, and verify	Run repository regression gate	2026-10-03T17:09:55.0177130Z <release-source-root>/Sources/HostwrightCluster/ClusterCertificateLifecycle.swift:1114:29: warning: 'SecKeychainSetUserInteractionAllowed' was deprecated in macOS 10.10: SecKeychain is deprecated [#DeprecatedDeclaration]
Build, sign, notarize, and verify	Run repository regression gate	2026-10-03T17:09:55.0178480Z      |                             `- warning: 'SecKeychainSetUserInteractionAllowed' was deprecated in macOS 10.10: SecKeychain is deprecated [#DeprecatedDeclaration]
Build, sign, notarize, and verify	Run repository regression gate	2026-10-03T17:09:55.0179640Z <release-source-root>/Sources/HostwrightCluster/ClusterCertificateLifecycle.swift:1127:29: warning: 'SecKeychainSetUserInteractionAllowed' was deprecated in macOS 10.10: SecKeychain is deprecated [#DeprecatedDeclaration]
Build, sign, notarize, and verify	Run repository regression gate	2026-10-03T17:09:55.0181110Z      |                             `- warning: 'SecKeychainSetUserInteractionAllowed' was deprecated in macOS 10.10: SecKeychain is deprecated [#DeprecatedDeclaration]
Build, sign, notarize, and verify	Run repository regression gate	2026-10-03T17:09:55.0182760Z <release-source-root>/Sources/HostwrightCluster/ClusterCertificateLifecycle.swift:1138:42: warning: 'kSecUseAuthenticationUIFail' was deprecated in macOS 11.0: Instead of kSecUseAuthenticationUI, use kSecUseAuthenticationContext and set LAContext.interactionNotAllowed property [#DeprecatedDeclaration]
Build, sign, notarize, and verify	Run repository regression gate	2026-10-03T17:09:55.0184830Z      |                                          `- warning: 'kSecUseAuthenticationUIFail' was deprecated in macOS 11.0: Instead of kSecUseAuthenticationUI, use kSecUseAuthenticationContext and set LAContext.interactionNotAllowed property [#DeprecatedDeclaration]
Build, sign, notarize, and verify	Run repository regression gate	2026-10-03T17:09:55.0185940Z <release-source-root>/Sources/HostwrightCluster/ClusterCertificateLifecycle.swift:2096:23: warning: treating a forced downcast to 'SecCertificate' as optional will never produce 'nil'
Build, sign, notarize, and verify	Run repository regression gate	2026-10-03T17:09:55.0187270Z      |                |      `- warning: treating a forced downcast to 'SecCertificate' as optional will never produce 'nil'
Build, sign, notarize, and verify	Run repository regression gate	2026-10-03T17:09:55.0188390Z <release-source-root>/Sources/HostwrightCluster/ClusterCertificateLifecycle.swift:2263:22: warning: 'SecKeychainGetStatus' was deprecated in macOS 10.10: SecKeychain is deprecated [#DeprecatedDeclaration]
Build, sign, notarize, and verify	Run repository regression gate	2026-10-03T17:09:55.0189760Z      |                      `- warning: 'SecKeychainGetStatus' was deprecated in macOS 10.10: SecKeychain is deprecated [#DeprecatedDeclaration]
Build, sign, notarize, and verify	Run repository regression gate	2026-10-03T17:09:55.1464670Z <release-source-root>/Sources/HostwrightCluster/ClusterCertificateLifecycle.swift:1086:22: warning: 'SecKeychainCopyDefault' was deprecated in macOS 10.10: SecKeychain is deprecated [#DeprecatedDeclaration]
Build, sign, notarize, and verify	Run repository regression gate	2026-10-03T17:09:55.1466440Z      |                      `- warning: 'SecKeychainCopyDefault' was deprecated in macOS 10.10: SecKeychain is deprecated [#DeprecatedDeclaration]
Build, sign, notarize, and verify	Run repository regression gate	2026-10-03T17:09:55.1467940Z <release-source-root>/Sources/HostwrightCluster/ClusterCertificateLifecycle.swift:1110:26: warning: 'SecKeychainGetUserInteractionAllowed' was deprecated in macOS 10.10: SecKeychain is deprecated [#DeprecatedDeclaration]
Build, sign, notarize, and verify	Run repository regression gate	2026-10-03T17:09:55.1469380Z      |                          `- warning: 'SecKeychainGetUserInteractionAllowed' was deprecated in macOS 10.10: SecKeychain is deprecated [#DeprecatedDeclaration]
Build, sign, notarize, and verify	Run repository regression gate	2026-10-03T17:09:55.1470420Z <release-source-root>/Sources/HostwrightCluster/ClusterCertificateLifecycle.swift:1114:29: warning: 'SecKeychainSetUserInteractionAllowed' was deprecated in macOS 10.10: SecKeychain is deprecated [#DeprecatedDeclaration]
Build, sign, notarize, and verify	Run repository regression gate	2026-10-03T17:09:55.1471620Z      |                             `- warning: 'SecKeychainSetUserInteractionAllowed' was deprecated in macOS 10.10: SecKeychain is deprecated [#DeprecatedDeclaration]
Build, sign, notarize, and verify	Run repository regression gate	2026-10-03T17:09:55.1472720Z <release-source-root>/Sources/HostwrightCluster/ClusterCertificateLifecycle.swift:1127:29: warning: 'SecKeychainSetUserInteractionAllowed' was deprecated in macOS 10.10: SecKeychain is deprecated [#DeprecatedDeclaration]
Build, sign, notarize, and verify	Run repository regression gate	2026-10-03T17:09:55.1474020Z      |                             `- warning: 'SecKeychainSetUserInteractionAllowed' was deprecated in macOS 10.10: SecKeychain is deprecated [#DeprecatedDeclaration]
Build, sign, notarize, and verify	Run repository regression gate	2026-10-03T17:09:55.1475220Z <release-source-root>/Sources/HostwrightCluster/ClusterCertificateLifecycle.swift:1138:42: warning: 'kSecUseAuthenticationUIFail' was deprecated in macOS 11.0: Instead of kSecUseAuthenticationUI, use kSecUseAuthenticationContext and set LAContext.interactionNotAllowed property [#DeprecatedDeclaration]
Build, sign, notarize, and verify	Run repository regression gate	2026-10-03T17:09:55.1477090Z      |                                          `- warning: 'kSecUseAuthenticationUIFail' was deprecated in macOS 11.0: Instead of kSecUseAuthenticationUI, use kSecUseAuthenticationContext and set LAContext.interactionNotAllowed property [#DeprecatedDeclaration]
Build, sign, notarize, and verify	Run repository regression gate	2026-10-03T17:09:55.1478070Z <release-source-root>/Sources/HostwrightCluster/ClusterCertificateLifecycle.swift:2096:23: warning: treating a forced downcast to 'SecCertificate' as optional will never produce 'nil'
Build, sign, notarize, and verify	Run repository regression gate	2026-10-03T17:09:55.1479360Z      |                |      `- warning: treating a forced downcast to 'SecCertificate' as optional will never produce 'nil'
Build, sign, notarize, and verify	Run repository regression gate	2026-10-03T17:09:55.1480460Z <release-source-root>/Sources/HostwrightCluster/ClusterCertificateLifecycle.swift:2263:22: warning: 'SecKeychainGetStatus' was deprecated in macOS 10.10: SecKeychain is deprecated [#DeprecatedDeclaration]
Build, sign, notarize, and verify	Run repository regression gate	2026-10-03T17:09:55.1487470Z      |                      `- warning: 'SecKeychainGetStatus' was deprecated in macOS 10.10: SecKeychain is deprecated [#DeprecatedDeclaration]
Build, sign, notarize, and verify	Run repository regression gate	2026-10-03T17:09:55.2759590Z <release-source-root>/Sources/HostwrightCluster/ClusterCertificateLifecycle.swift:1086:22: warning: 'SecKeychainCopyDefault' was deprecated in macOS 10.10: SecKeychain is deprecated [#DeprecatedDeclaration]
Build, sign, notarize, and verify	Run repository regression gate	2026-10-03T17:09:55.2760920Z      |                      `- warning: 'SecKeychainCopyDefault' was deprecated in macOS 10.10: SecKeychain is deprecated [#DeprecatedDeclaration]
Build, sign, notarize, and verify	Run repository regression gate	2026-10-03T17:09:55.2761940Z <release-source-root>/Sources/HostwrightCluster/ClusterCertificateLifecycle.swift:1110:26: warning: 'SecKeychainGetUserInteractionAllowed' was deprecated in macOS 10.10: SecKeychain is deprecated [#DeprecatedDeclaration]
Build, sign, notarize, and verify	Run repository regression gate	2026-10-03T17:09:55.2763280Z      |                          `- warning: 'SecKeychainGetUserInteractionAllowed' was deprecated in macOS 10.10: SecKeychain is deprecated [#DeprecatedDeclaration]
Build, sign, notarize, and verify	Run repository regression gate	2026-10-03T17:09:55.2764310Z <release-source-root>/Sources/HostwrightCluster/ClusterCertificateLifecycle.swift:1114:29: warning: 'SecKeychainSetUserInteractionAllowed' was deprecated in macOS 10.10: SecKeychain is deprecated [#DeprecatedDeclaration]
Build, sign, notarize, and verify	Run repository regression gate	2026-10-03T17:09:55.2766120Z      |                             `- warning: 'SecKeychainSetUserInteractionAllowed' was deprecated in macOS 10.10: SecKeychain is deprecated [#DeprecatedDeclaration]
Build, sign, notarize, and verify	Run repository regression gate	2026-10-03T17:09:55.2767150Z <release-source-root>/Sources/HostwrightCluster/ClusterCertificateLifecycle.swift:1127:29: warning: 'SecKeychainSetUserInteractionAllowed' was deprecated in macOS 10.10: SecKeychain is deprecated [#DeprecatedDeclaration]
Build, sign, notarize, and verify	Run repository regression gate	2026-10-03T17:09:55.2768440Z      |                             `- warning: 'SecKeychainSetUserInteractionAllowed' was deprecated in macOS 10.10: SecKeychain is deprecated [#DeprecatedDeclaration]
Build, sign, notarize, and verify	Run repository regression gate	2026-10-03T17:09:55.2769530Z <release-source-root>/Sources/HostwrightCluster/ClusterCertificateLifecycle.swift:1138:42: warning: 'kSecUseAuthenticationUIFail' was deprecated in macOS 11.0: Instead of kSecUseAuthenticationUI, use kSecUseAuthenticationContext and set LAContext.interactionNotAllowed property [#DeprecatedDeclaration]
Build, sign, notarize, and verify	Run repository regression gate	2026-10-03T17:09:55.2771270Z      |                                          `- warning: 'kSecUseAuthenticationUIFail' was deprecated in macOS 11.0: Instead of kSecUseAuthenticationUI, use kSecUseAuthenticationContext and set LAContext.interactionNotAllowed property [#DeprecatedDeclaration]
Build, sign, notarize, and verify	Run repository regression gate	2026-10-03T17:09:55.2772250Z <release-source-root>/Sources/HostwrightCluster/ClusterCertificateLifecycle.swift:2096:23: warning: treating a forced downcast to 'SecCertificate' as optional will never produce 'nil'
Build, sign, notarize, and verify	Run repository regression gate	2026-10-03T17:09:55.2773480Z      |                |      `- warning: treating a forced downcast to 'SecCertificate' as optional will never produce 'nil'
Build, sign, notarize, and verify	Run repository regression gate	2026-10-03T17:09:55.2774790Z <release-source-root>/Sources/HostwrightCluster/ClusterCertificateLifecycle.swift:2263:22: warning: 'SecKeychainGetStatus' was deprecated in macOS 10.10: SecKeychain is deprecated [#DeprecatedDeclaration]
Build, sign, notarize, and verify	Run repository regression gate	2026-10-03T17:09:55.2776320Z      |                      `- warning: 'SecKeychainGetStatus' was deprecated in macOS 10.10: SecKeychain is deprecated [#DeprecatedDeclaration]
Build, sign, notarize, and verify	Run repository regression gate	2026-10-03T17:09:55.4048670Z <release-source-root>/Sources/HostwrightCluster/ClusterCertificateLifecycle.swift:1086:22: warning: 'SecKeychainCopyDefault' was deprecated in macOS 10.10: SecKeychain is deprecated [#DeprecatedDeclaration]
Build, sign, notarize, and verify	Run repository regression gate	2026-10-03T17:09:55.4050650Z      |                      `- warning: 'SecKeychainCopyDefault' was deprecated in macOS 10.10: SecKeychain is deprecated [#DeprecatedDeclaration]
Build, sign, notarize, and verify	Run repository regression gate	2026-10-03T17:09:55.4051670Z <release-source-root>/Sources/HostwrightCluster/ClusterCertificateLifecycle.swift:1110:26: warning: 'SecKeychainGetUserInteractionAllowed' was deprecated in macOS 10.10: SecKeychain is deprecated [#DeprecatedDeclaration]
Build, sign, notarize, and verify	Run repository regression gate	2026-10-03T17:09:55.4052930Z      |                          `- warning: 'SecKeychainGetUserInteractionAllowed' was deprecated in macOS 10.10: SecKeychain is deprecated [#DeprecatedDeclaration]
Build, sign, notarize, and verify	Run repository regression gate	2026-10-03T17:09:55.4053950Z <release-source-root>/Sources/HostwrightCluster/ClusterCertificateLifecycle.swift:1114:29: warning: 'SecKeychainSetUserInteractionAllowed' was deprecated in macOS 10.10: SecKeychain is deprecated [#DeprecatedDeclaration]
Build, sign, notarize, and verify	Run repository regression gate	2026-10-03T17:09:55.4055160Z      |                             `- warning: 'SecKeychainSetUserInteractionAllowed' was deprecated in macOS 10.10: SecKeychain is deprecated [#DeprecatedDeclaration]
Build, sign, notarize, and verify	Run repository regression gate	2026-10-03T17:09:55.4056200Z <release-source-root>/Sources/HostwrightCluster/ClusterCertificateLifecycle.swift:1127:29: warning: 'SecKeychainSetUserInteractionAllowed' was deprecated in macOS 10.10: SecKeychain is deprecated [#DeprecatedDeclaration]
Build, sign, notarize, and verify	Run repository regression gate	2026-10-03T17:09:55.4057290Z      |                             `- warning: 'SecKeychainSetUserInteractionAllowed' was deprecated in macOS 10.10: SecKeychain is deprecated [#DeprecatedDeclaration]
Build, sign, notarize, and verify	Run repository regression gate	2026-10-03T17:09:55.4058560Z <release-source-root>/Sources/HostwrightCluster/ClusterCertificateLifecycle.swift:1138:42: warning: 'kSecUseAuthenticationUIFail' was deprecated in macOS 11.0: Instead of kSecUseAuthenticationUI, use kSecUseAuthenticationContext and set LAContext.interactionNotAllowed property [#DeprecatedDeclaration]
Build, sign, notarize, and verify	Run repository regression gate	2026-10-03T17:09:55.4060360Z      |                                          `- warning: 'kSecUseAuthenticationUIFail' was deprecated in macOS 11.0: Instead of kSecUseAuthenticationUI, use kSecUseAuthenticationContext and set LAContext.interactionNotAllowed property [#DeprecatedDeclaration]
Build, sign, notarize, and verify	Run repository regression gate	2026-10-03T17:09:55.4061310Z <release-source-root>/Sources/HostwrightCluster/ClusterCertificateLifecycle.swift:2096:23: warning: treating a forced downcast to 'SecCertificate' as optional will never produce 'nil'
Build, sign, notarize, and verify	Run repository regression gate	2026-10-03T17:09:55.4062530Z      |                |      `- warning: treating a forced downcast to 'SecCertificate' as optional will never produce 'nil'
Build, sign, notarize, and verify	Run repository regression gate	2026-10-03T17:09:55.4063550Z <release-source-root>/Sources/HostwrightCluster/ClusterCertificateLifecycle.swift:2263:22: warning: 'SecKeychainGetStatus' was deprecated in macOS 10.10: SecKeychain is deprecated [#DeprecatedDeclaration]
Build, sign, notarize, and verify	Run repository regression gate	2026-10-03T17:09:55.4064750Z      |                      `- warning: 'SecKeychainGetStatus' was deprecated in macOS 10.10: SecKeychain is deprecated [#DeprecatedDeclaration]
Build, sign, notarize, and verify	Run repository regression gate	2026-10-03T17:09:55.5345910Z <release-source-root>/Sources/HostwrightCluster/ClusterCertificateLifecycle.swift:1086:22: warning: 'SecKeychainCopyDefault' was deprecated in macOS 10.10: SecKeychain is deprecated [#DeprecatedDeclaration]
Build, sign, notarize, and verify	Run repository regression gate	2026-10-03T17:09:55.5347270Z      |                      `- warning: 'SecKeychainCopyDefault' was deprecated in macOS 10.10: SecKeychain is deprecated [#DeprecatedDeclaration]
Build, sign, notarize, and verify	Run repository regression gate	2026-10-03T17:09:55.5348550Z <release-source-root>/Sources/HostwrightCluster/ClusterCertificateLifecycle.swift:1110:26: warning: 'SecKeychainGetUserInteractionAllowed' was deprecated in macOS 10.10: SecKeychain is deprecated [#DeprecatedDeclaration]
Build, sign, notarize, and verify	Run repository regression gate	2026-10-03T17:09:55.5349920Z      |                          `- warning: 'SecKeychainGetUserInteractionAllowed' was deprecated in macOS 10.10: SecKeychain is deprecated [#DeprecatedDeclaration]
Build, sign, notarize, and verify	Run repository regression gate	2026-10-03T17:09:55.5350950Z <release-source-root>/Sources/HostwrightCluster/ClusterCertificateLifecycle.swift:1114:29: warning: 'SecKeychainSetUserInteractionAllowed' was deprecated in macOS 10.10: SecKeychain is deprecated [#DeprecatedDeclaration]
Build, sign, notarize, and verify	Run repository regression gate	2026-10-03T17:09:55.5352130Z      |                             `- warning: 'SecKeychainSetUserInteractionAllowed' was deprecated in macOS 10.10: SecKeychain is deprecated [#DeprecatedDeclaration]
Build, sign, notarize, and verify	Run repository regression gate	2026-10-03T17:09:55.5353150Z <release-source-root>/Sources/HostwrightCluster/ClusterCertificateLifecycle.swift:1127:29: warning: 'SecKeychainSetUserInteractionAllowed' was deprecated in macOS 10.10: SecKeychain is deprecated [#DeprecatedDeclaration]
Build, sign, notarize, and verify	Run repository regression gate	2026-10-03T17:09:55.5354220Z      |                             `- warning: 'SecKeychainSetUserInteractionAllowed' was deprecated in macOS 10.10: SecKeychain is deprecated [#DeprecatedDeclaration]
Build, sign, notarize, and verify	Run repository regression gate	2026-10-03T17:09:55.5355300Z <release-source-root>/Sources/HostwrightCluster/ClusterCertificateLifecycle.swift:1138:42: warning: 'kSecUseAuthenticationUIFail' was deprecated in macOS 11.0: Instead of kSecUseAuthenticationUI, use kSecUseAuthenticationContext and set LAContext.interactionNotAllowed property [#DeprecatedDeclaration]
Build, sign, notarize, and verify	Run repository regression gate	2026-10-03T17:09:55.5357000Z      |                                          `- warning: 'kSecUseAuthenticationUIFail' was deprecated in macOS 11.0: Instead of kSecUseAuthenticationUI, use kSecUseAuthenticationContext and set LAContext.interactionNotAllowed property [#DeprecatedDeclaration]
Build, sign, notarize, and verify	Run repository regression gate	2026-10-03T17:09:55.5357950Z <release-source-root>/Sources/HostwrightCluster/ClusterCertificateLifecycle.swift:2096:23: warning: treating a forced downcast to 'SecCertificate' as optional will never produce 'nil'
Build, sign, notarize, and verify	Run repository regression gate	2026-10-03T17:09:55.5359200Z      |                |      `- warning: treating a forced downcast to 'SecCertificate' as optional will never produce 'nil'
Build, sign, notarize, and verify	Run repository regression gate	2026-10-03T17:09:55.5360220Z <release-source-root>/Sources/HostwrightCluster/ClusterCertificateLifecycle.swift:2263:22: warning: 'SecKeychainGetStatus' was deprecated in macOS 10.10: SecKeychain is deprecated [#DeprecatedDeclaration]
Build, sign, notarize, and verify	Run repository regression gate	2026-10-03T17:09:55.5361410Z      |                      `- warning: 'SecKeychainGetStatus' was deprecated in macOS 10.10: SecKeychain is deprecated [#DeprecatedDeclaration]
Build, sign, notarize, and verify	Run repository regression gate	2026-10-03T17:09:55.6633520Z <release-source-root>/Sources/HostwrightCluster/ClusterCertificateLifecycle.swift:1086:22: warning: 'SecKeychainCopyDefault' was deprecated in macOS 10.10: SecKeychain is deprecated [#DeprecatedDeclaration]
Build, sign, notarize, and verify	Run repository regression gate	2026-10-03T17:09:55.6634830Z      |                      `- warning: 'SecKeychainCopyDefault' was deprecated in macOS 10.10: SecKeychain is deprecated [#DeprecatedDeclaration]
Build, sign, notarize, and verify	Run repository regression gate	2026-10-03T17:09:55.6635870Z <release-source-root>/Sources/HostwrightCluster/ClusterCertificateLifecycle.swift:1110:26: warning: 'SecKeychainGetUserInteractionAllowed' was deprecated in macOS 10.10: SecKeychain is deprecated [#DeprecatedDeclaration]
Build, sign, notarize, and verify	Run repository regression gate	2026-10-03T17:09:55.6637130Z      |                          `- warning: 'SecKeychainGetUserInteractionAllowed' was deprecated in macOS 10.10: SecKeychain is deprecated [#DeprecatedDeclaration]
Build, sign, notarize, and verify	Run repository regression gate	2026-10-03T17:09:55.6638170Z <release-source-root>/Sources/HostwrightCluster/ClusterCertificateLifecycle.swift:1114:29: warning: 'SecKeychainSetUserInteractionAllowed' was deprecated in macOS 10.10: SecKeychain is deprecated [#DeprecatedDeclaration]
Build, sign, notarize, and verify	Run repository regression gate	2026-10-03T17:09:55.6639630Z      |                             `- warning: 'SecKeychainSetUserInteractionAllowed' was deprecated in macOS 10.10: SecKeychain is deprecated [#DeprecatedDeclaration]
Build, sign, notarize, and verify	Run repository regression gate	2026-10-03T17:09:55.6640800Z <release-source-root>/Sources/HostwrightCluster/ClusterCertificateLifecycle.swift:1127:29: warning: 'SecKeychainSetUserInteractionAllowed' was deprecated in macOS 10.10: SecKeychain is deprecated [#DeprecatedDeclaration]
Build, sign, notarize, and verify	Run repository regression gate	2026-10-03T17:09:55.6641910Z      |                             `- warning: 'SecKeychainSetUserInteractionAllowed' was deprecated in macOS 10.10: SecKeychain is deprecated [#DeprecatedDeclaration]
Build, sign, notarize, and verify	Run repository regression gate	2026-10-03T17:09:55.6643000Z <release-source-root>/Sources/HostwrightCluster/ClusterCertificateLifecycle.swift:1138:42: warning: 'kSecUseAuthenticationUIFail' was deprecated in macOS 11.0: Instead of kSecUseAuthenticationUI, use kSecUseAuthenticationContext and set LAContext.interactionNotAllowed property [#DeprecatedDeclaration]
Build, sign, notarize, and verify	Run repository regression gate	2026-10-03T17:09:55.6644740Z      |                                          `- warning: 'kSecUseAuthenticationUIFail' was deprecated in macOS 11.0: Instead of kSecUseAuthenticationUI, use kSecUseAuthenticationContext and set LAContext.interactionNotAllowed property [#DeprecatedDeclaration]
Build, sign, notarize, and verify	Run repository regression gate	2026-10-03T17:09:55.6645790Z <release-source-root>/Sources/HostwrightCluster/ClusterCertificateLifecycle.swift:2096:23: warning: treating a forced downcast to 'SecCertificate' as optional will never produce 'nil'
Build, sign, notarize, and verify	Run repository regression gate	2026-10-03T17:09:55.6647030Z      |                |      `- warning: treating a forced downcast to 'SecCertificate' as optional will never produce 'nil'
Build, sign, notarize, and verify	Run repository regression gate	2026-10-03T17:09:55.6648020Z <release-source-root>/Sources/HostwrightCluster/ClusterCertificateLifecycle.swift:2263:22: warning: 'SecKeychainGetStatus' was deprecated in macOS 10.10: SecKeychain is deprecated [#DeprecatedDeclaration]
Build, sign, notarize, and verify	Run repository regression gate	2026-10-03T17:09:55.6649350Z      |                      `- warning: 'SecKeychainGetStatus' was deprecated in macOS 10.10: SecKeychain is deprecated [#DeprecatedDeclaration]
Build, sign, notarize, and verify	Run repository regression gate	2026-10-03T17:09:55.7923640Z <release-source-root>/Sources/HostwrightCluster/ClusterCertificateLifecycle.swift:1086:22: warning: 'SecKeychainCopyDefault' was deprecated in macOS 10.10: SecKeychain is deprecated [#DeprecatedDeclaration]
Build, sign, notarize, and verify	Run repository regression gate	2026-10-03T17:09:55.7925440Z      |                      `- warning: 'SecKeychainCopyDefault' was deprecated in macOS 10.10: SecKeychain is deprecated [#DeprecatedDeclaration]
Build, sign, notarize, and verify	Run repository regression gate	2026-10-03T17:09:55.7927360Z <release-source-root>/Sources/HostwrightCluster/ClusterCertificateLifecycle.swift:1110:26: warning: 'SecKeychainGetUserInteractionAllowed' was deprecated in macOS 10.10: SecKeychain is deprecated [#DeprecatedDeclaration]
Build, sign, notarize, and verify	Run repository regression gate	2026-10-03T17:09:55.7928700Z      |                          `- warning: 'SecKeychainGetUserInteractionAllowed' was deprecated in macOS 10.10: SecKeychain is deprecated [#DeprecatedDeclaration]
Build, sign, notarize, and verify	Run repository regression gate	2026-10-03T17:09:55.7929760Z <release-source-root>/Sources/HostwrightCluster/ClusterCertificateLifecycle.swift:1114:29: warning: 'SecKeychainSetUserInteractionAllowed' was deprecated in macOS 10.10: SecKeychain is deprecated [#DeprecatedDeclaration]
Build, sign, notarize, and verify	Run repository regression gate	2026-10-03T17:09:55.7930990Z      |                             `- warning: 'SecKeychainSetUserInteractionAllowed' was deprecated in macOS 10.10: SecKeychain is deprecated [#DeprecatedDeclaration]
Build, sign, notarize, and verify	Run repository regression gate	2026-10-03T17:09:55.7932050Z <release-source-root>/Sources/HostwrightCluster/ClusterCertificateLifecycle.swift:1127:29: warning: 'SecKeychainSetUserInteractionAllowed' was deprecated in macOS 10.10: SecKeychain is deprecated [#DeprecatedDeclaration]
Build, sign, notarize, and verify	Run repository regression gate	2026-10-03T17:09:55.7933170Z      |                             `- warning: 'SecKeychainSetUserInteractionAllowed' was deprecated in macOS 10.10: SecKeychain is deprecated [#DeprecatedDeclaration]
Build, sign, notarize, and verify	Run repository regression gate	2026-10-03T17:09:55.7934510Z <release-source-root>/Sources/HostwrightCluster/ClusterCertificateLifecycle.swift:1138:42: warning: 'kSecUseAuthenticationUIFail' was deprecated in macOS 11.0: Instead of kSecUseAuthenticationUI, use kSecUseAuthenticationContext and set LAContext.interactionNotAllowed property [#DeprecatedDeclaration]
Build, sign, notarize, and verify	Run repository regression gate	2026-10-03T17:09:55.7936340Z      |                                          `- warning: 'kSecUseAuthenticationUIFail' was deprecated in macOS 11.0: Instead of kSecUseAuthenticationUI, use kSecUseAuthenticationContext and set LAContext.interactionNotAllowed property [#DeprecatedDeclaration]
Build, sign, notarize, and verify	Run repository regression gate	2026-10-03T17:09:55.7937320Z <release-source-root>/Sources/HostwrightCluster/ClusterCertificateLifecycle.swift:2096:23: warning: treating a forced downcast to 'SecCertificate' as optional will never produce 'nil'
Build, sign, notarize, and verify	Run repository regression gate	2026-10-03T17:09:55.7938550Z      |                |      `- warning: treating a forced downcast to 'SecCertificate' as optional will never produce 'nil'
Build, sign, notarize, and verify	Run repository regression gate	2026-10-03T17:09:55.7939570Z <release-source-root>/Sources/HostwrightCluster/ClusterCertificateLifecycle.swift:2263:22: warning: 'SecKeychainGetStatus' was deprecated in macOS 10.10: SecKeychain is deprecated [#DeprecatedDeclaration]
Build, sign, notarize, and verify	Run repository regression gate	2026-10-03T17:09:55.7940800Z      |                      `- warning: 'SecKeychainGetStatus' was deprecated in macOS 10.10: SecKeychain is deprecated [#DeprecatedDeclaration]
Build, sign, notarize, and verify	Run repository regression gate	2026-10-03T17:09:55.9214560Z <release-source-root>/Sources/HostwrightCluster/ClusterCertificateLifecycle.swift:1086:22: warning: 'SecKeychainCopyDefault' was deprecated in macOS 10.10: SecKeychain is deprecated [#DeprecatedDeclaration]
Build, sign, notarize, and verify	Run repository regression gate	2026-10-03T17:09:55.9215890Z      |                      `- warning: 'SecKeychainCopyDefault' was deprecated in macOS 10.10: SecKeychain is deprecated [#DeprecatedDeclaration]
Build, sign, notarize, and verify	Run repository regression gate	2026-10-03T17:09:55.9217240Z <release-source-root>/Sources/HostwrightCluster/ClusterCertificateLifecycle.swift:1110:26: warning: 'SecKeychainGetUserInteractionAllowed' was deprecated in macOS 10.10: SecKeychain is deprecated [#DeprecatedDeclaration]
Build, sign, notarize, and verify	Run repository regression gate	2026-10-03T17:09:55.9218600Z      |                          `- warning: 'SecKeychainGetUserInteractionAllowed' was deprecated in macOS 10.10: SecKeychain is deprecated [#DeprecatedDeclaration]
Build, sign, notarize, and verify	Run repository regression gate	2026-10-03T17:09:55.9219610Z <release-source-root>/Sources/HostwrightCluster/ClusterCertificateLifecycle.swift:1114:29: warning: 'SecKeychainSetUserInteractionAllowed' was deprecated in macOS 10.10: SecKeychain is deprecated [#DeprecatedDeclaration]
Build, sign, notarize, and verify	Run repository regression gate	2026-10-03T17:09:55.9220790Z      |                             `- warning: 'SecKeychainSetUserInteractionAllowed' was deprecated in macOS 10.10: SecKeychain is deprecated [#DeprecatedDeclaration]
Build, sign, notarize, and verify	Run repository regression gate	2026-10-03T17:09:55.9221820Z <release-source-root>/Sources/HostwrightCluster/ClusterCertificateLifecycle.swift:1127:29: warning: 'SecKeychainSetUserInteractionAllowed' was deprecated in macOS 10.10: SecKeychain is deprecated [#DeprecatedDeclaration]
Build, sign, notarize, and verify	Run repository regression gate	2026-10-03T17:09:55.9222900Z      |                             `- warning: 'SecKeychainSetUserInteractionAllowed' was deprecated in macOS 10.10: SecKeychain is deprecated [#DeprecatedDeclaration]
Build, sign, notarize, and verify	Run repository regression gate	2026-10-03T17:09:55.9223970Z <release-source-root>/Sources/HostwrightCluster/ClusterCertificateLifecycle.swift:1138:42: warning: 'kSecUseAuthenticationUIFail' was deprecated in macOS 11.0: Instead of kSecUseAuthenticationUI, use kSecUseAuthenticationContext and set LAContext.interactionNotAllowed property [#DeprecatedDeclaration]
Build, sign, notarize, and verify	Run repository regression gate	2026-10-03T17:09:55.9234880Z      |                                          `- warning: 'kSecUseAuthenticationUIFail' was deprecated in macOS 11.0: Instead of kSecUseAuthenticationUI, use kSecUseAuthenticationContext and set LAContext.interactionNotAllowed property [#DeprecatedDeclaration]
Build, sign, notarize, and verify	Run repository regression gate	2026-10-03T17:09:55.9236050Z <release-source-root>/Sources/HostwrightCluster/ClusterCertificateLifecycle.swift:2096:23: warning: treating a forced downcast to 'SecCertificate' as optional will never produce 'nil'
Build, sign, notarize, and verify	Run repository regression gate	2026-10-03T17:09:55.9237520Z      |                |      `- warning: treating a forced downcast to 'SecCertificate' as optional will never produce 'nil'
Build, sign, notarize, and verify	Run repository regression gate	2026-10-03T17:09:55.9238640Z <release-source-root>/Sources/HostwrightCluster/ClusterCertificateLifecycle.swift:2263:22: warning: 'SecKeychainGetStatus' was deprecated in macOS 10.10: SecKeychain is deprecated [#DeprecatedDeclaration]
Build, sign, notarize, and verify	Run repository regression gate	2026-10-03T17:09:55.9239870Z      |                      `- warning: 'SecKeychainGetStatus' was deprecated in macOS 10.10: SecKeychain is deprecated [#DeprecatedDeclaration]
Build, sign, notarize, and verify	Run repository regression gate	2026-10-03T17:09:56.0501500Z <release-source-root>/Sources/HostwrightCluster/ClusterCertificateLifecycle.swift:1086:22: warning: 'SecKeychainCopyDefault' was deprecated in macOS 10.10: SecKeychain is deprecated [#DeprecatedDeclaration]
Build, sign, notarize, and verify	Run repository regression gate	2026-10-03T17:09:56.0502870Z      |                      `- warning: 'SecKeychainCopyDefault' was deprecated in macOS 10.10: SecKeychain is deprecated [#DeprecatedDeclaration]
Build, sign, notarize, and verify	Run repository regression gate	2026-10-03T17:09:56.0503910Z <release-source-root>/Sources/HostwrightCluster/ClusterCertificateLifecycle.swift:1110:26: warning: 'SecKeychainGetUserInteractionAllowed' was deprecated in macOS 10.10: SecKeychain is deprecated [#DeprecatedDeclaration]
Build, sign, notarize, and verify	Run repository regression gate	2026-10-03T17:09:56.0505170Z      |                          `- warning: 'SecKeychainGetUserInteractionAllowed' was deprecated in macOS 10.10: SecKeychain is deprecated [#DeprecatedDeclaration]
Build, sign, notarize, and verify	Run repository regression gate	2026-10-03T17:09:56.0506200Z <release-source-root>/Sources/HostwrightCluster/ClusterCertificateLifecycle.swift:1114:29: warning: 'SecKeychainSetUserInteractionAllowed' was deprecated in macOS 10.10: SecKeychain is deprecated [#DeprecatedDeclaration]
Build, sign, notarize, and verify	Run repository regression gate	2026-10-03T17:09:56.0507770Z      |                             `- warning: 'SecKeychainSetUserInteractionAllowed' was deprecated in macOS 10.10: SecKeychain is deprecated [#DeprecatedDeclaration]
Build, sign, notarize, and verify	Run repository regression gate	2026-10-03T17:09:56.0508940Z <release-source-root>/Sources/HostwrightCluster/ClusterCertificateLifecycle.swift:1127:29: warning: 'SecKeychainSetUserInteractionAllowed' was deprecated in macOS 10.10: SecKeychain is deprecated [#DeprecatedDeclaration]
Build, sign, notarize, and verify	Run repository regression gate	2026-10-03T17:09:56.0510040Z      |                             `- warning: 'SecKeychainSetUserInteractionAllowed' was deprecated in macOS 10.10: SecKeychain is deprecated [#DeprecatedDeclaration]
Build, sign, notarize, and verify	Run repository regression gate	2026-10-03T17:09:56.0511130Z <release-source-root>/Sources/HostwrightCluster/ClusterCertificateLifecycle.swift:1138:42: warning: 'kSecUseAuthenticationUIFail' was deprecated in macOS 11.0: Instead of kSecUseAuthenticationUI, use kSecUseAuthenticationContext and set LAContext.interactionNotAllowed property [#DeprecatedDeclaration]
Build, sign, notarize, and verify	Run repository regression gate	2026-10-03T17:09:56.0512850Z      |                                          `- warning: 'kSecUseAuthenticationUIFail' was deprecated in macOS 11.0: Instead of kSecUseAuthenticationUI, use kSecUseAuthenticationContext and set LAContext.interactionNotAllowed property [#DeprecatedDeclaration]
Build, sign, notarize, and verify	Run repository regression gate	2026-10-03T17:09:56.0513800Z <release-source-root>/Sources/HostwrightCluster/ClusterCertificateLifecycle.swift:2096:23: warning: treating a forced downcast to 'SecCertificate' as optional will never produce 'nil'
Build, sign, notarize, and verify	Run repository regression gate	2026-10-03T17:09:56.0515010Z      |                |      `- warning: treating a forced downcast to 'SecCertificate' as optional will never produce 'nil'
Build, sign, notarize, and verify	Run repository regression gate	2026-10-03T17:09:56.0516000Z <release-source-root>/Sources/HostwrightCluster/ClusterCertificateLifecycle.swift:2263:22: warning: 'SecKeychainGetStatus' was deprecated in macOS 10.10: SecKeychain is deprecated [#DeprecatedDeclaration]
Build, sign, notarize, and verify	Run repository regression gate	2026-10-03T17:09:56.0517270Z      |                      `- warning: 'SecKeychainGetStatus' was deprecated in macOS 10.10: SecKeychain is deprecated [#DeprecatedDeclaration]
Build, sign, notarize, and verify	Run repository regression gate	2026-10-03T17:09:56.1787310Z <release-source-root>/Sources/HostwrightCluster/ClusterCertificateLifecycle.swift:1086:22: warning: 'SecKeychainCopyDefault' was deprecated in macOS 10.10: SecKeychain is deprecated [#DeprecatedDeclaration]
Build, sign, notarize, and verify	Run repository regression gate	2026-10-03T17:09:56.1789320Z      |                      `- warning: 'SecKeychainCopyDefault' was deprecated in macOS 10.10: SecKeychain is deprecated [#DeprecatedDeclaration]
Build, sign, notarize, and verify	Run repository regression gate	2026-10-03T17:09:56.1790340Z <release-source-root>/Sources/HostwrightCluster/ClusterCertificateLifecycle.swift:1110:26: warning: 'SecKeychainGetUserInteractionAllowed' was deprecated in macOS 10.10: SecKeychain is deprecated [#DeprecatedDeclaration]
Build, sign, notarize, and verify	Run repository regression gate	2026-10-03T17:09:56.1791630Z      |                          `- warning: 'SecKeychainGetUserInteractionAllowed' was deprecated in macOS 10.10: SecKeychain is deprecated [#DeprecatedDeclaration]
Build, sign, notarize, and verify	Run repository regression gate	2026-10-03T17:09:56.1792660Z <release-source-root>/Sources/HostwrightCluster/ClusterCertificateLifecycle.swift:1114:29: warning: 'SecKeychainSetUserInteractionAllowed' was deprecated in macOS 10.10: SecKeychain is deprecated [#DeprecatedDeclaration]
Build, sign, notarize, and verify	Run repository regression gate	2026-10-03T17:09:56.1793870Z      |                             `- warning: 'SecKeychainSetUserInteractionAllowed' was deprecated in macOS 10.10: SecKeychain is deprecated [#DeprecatedDeclaration]
Build, sign, notarize, and verify	Run repository regression gate	2026-10-03T17:09:56.1794920Z <release-source-root>/Sources/HostwrightCluster/ClusterCertificateLifecycle.swift:1127:29: warning: 'SecKeychainSetUserInteractionAllowed' was deprecated in macOS 10.10: SecKeychain is deprecated [#DeprecatedDeclaration]
Build, sign, notarize, and verify	Run repository regression gate	2026-10-03T17:09:56.1796010Z      |                             `- warning: 'SecKeychainSetUserInteractionAllowed' was deprecated in macOS 10.10: SecKeychain is deprecated [#DeprecatedDeclaration]
Build, sign, notarize, and verify	Run repository regression gate	2026-10-03T17:09:56.1797250Z <release-source-root>/Sources/HostwrightCluster/ClusterCertificateLifecycle.swift:1138:42: warning: 'kSecUseAuthenticationUIFail' was deprecated in macOS 11.0: Instead of kSecUseAuthenticationUI, use kSecUseAuthenticationContext and set LAContext.interactionNotAllowed property [#DeprecatedDeclaration]
Build, sign, notarize, and verify	Run repository regression gate	2026-10-03T17:09:56.1799070Z      |                                          `- warning: 'kSecUseAuthenticationUIFail' was deprecated in macOS 11.0: Instead of kSecUseAuthenticationUI, use kSecUseAuthenticationContext and set LAContext.interactionNotAllowed property [#DeprecatedDeclaration]
Build, sign, notarize, and verify	Run repository regression gate	2026-10-03T17:09:56.1800040Z <release-source-root>/Sources/HostwrightCluster/ClusterCertificateLifecycle.swift:2096:23: warning: treating a forced downcast to 'SecCertificate' as optional will never produce 'nil'
Build, sign, notarize, and verify	Run repository regression gate	2026-10-03T17:09:56.1801250Z      |                |      `- warning: treating a forced downcast to 'SecCertificate' as optional will never produce 'nil'
Build, sign, notarize, and verify	Run repository regression gate	2026-10-03T17:09:56.1802240Z <release-source-root>/Sources/HostwrightCluster/ClusterCertificateLifecycle.swift:2263:22: warning: 'SecKeychainGetStatus' was deprecated in macOS 10.10: SecKeychain is deprecated [#DeprecatedDeclaration]
Build, sign, notarize, and verify	Run repository regression gate	2026-10-03T17:09:56.1803540Z      |                      `- warning: 'SecKeychainGetStatus' was deprecated in macOS 10.10: SecKeychain is deprecated [#DeprecatedDeclaration]
Build, sign, notarize, and verify	Run repository regression gate	2026-10-03T17:10:11.6556180Z <release-source-root>/Sources/HostwrightCLI/LifecycleLiveDriver.swift:7412:50: warning: result of call to 'admit(manifest:subjectID:profileResolution:)' is unused [#no-usage]
Build, sign, notarize, and verify	Run repository regression gate	2026-10-03T17:10:11.6557840Z      |                                                  `- warning: result of call to 'admit(manifest:subjectID:profileResolution:)' is unused [#no-usage]
Build, sign, notarize, and verify	Run repository regression gate	2026-10-03T17:10:11.6558810Z <release-source-root>/Sources/HostwrightCLI/LifecycleLiveDriver.swift:7440:50: warning: result of call to 'admit(manifest:subjectID:profileResolution:)' is unused [#no-usage]
Build, sign, notarize, and verify	Run repository regression gate	2026-10-03T17:10:11.6559950Z      |                                                  `- warning: result of call to 'admit(manifest:subjectID:profileResolution:)' is unused [#no-usage]
Build, sign, notarize, and verify	Run repository regression gate	2026-10-03T17:10:11.6627060Z <release-source-root>/Sources/HostwrightCLI/LifecycleLiveDriver.swift:7412:50: warning: result of call to 'admit(manifest:subjectID:profileResolution:)' is unused [#no-usage]
Build, sign, notarize, and verify	Run repository regression gate	2026-10-03T17:10:11.6630960Z      |                                                  `- warning: result of call to 'admit(manifest:subjectID:profileResolution:)' is unused [#no-usage]
Build, sign, notarize, and verify	Run repository regression gate	2026-10-03T17:10:11.6631850Z <release-source-root>/Sources/HostwrightCLI/LifecycleLiveDriver.swift:7440:50: warning: result of call to 'admit(manifest:subjectID:profileResolution:)' is unused [#no-usage]
Build, sign, notarize, and verify	Run repository regression gate	2026-10-03T17:10:11.6632860Z      |                                                  `- warning: result of call to 'admit(manifest:subjectID:profileResolution:)' is unused [#no-usage]
Build, sign, notarize, and verify	Run repository regression gate	2026-10-03T17:10:11.6698660Z <release-source-root>/Sources/HostwrightCLI/LifecycleLiveDriver.swift:7412:50: warning: result of call to 'admit(manifest:subjectID:profileResolution:)' is unused [#no-usage]
Build, sign, notarize, and verify	Run repository regression gate	2026-10-03T17:10:11.6699800Z      |                                                  `- warning: result of call to 'admit(manifest:subjectID:profileResolution:)' is unused [#no-usage]
Build, sign, notarize, and verify	Run repository regression gate	2026-10-03T17:10:11.6700700Z <release-source-root>/Sources/HostwrightCLI/LifecycleLiveDriver.swift:7440:50: warning: result of call to 'admit(manifest:subjectID:profileResolution:)' is unused [#no-usage]
Build, sign, notarize, and verify	Run repository regression gate	2026-10-03T17:10:11.6701680Z      |                                                  `- warning: result of call to 'admit(manifest:subjectID:profileResolution:)' is unused [#no-usage]
Build, sign, notarize, and verify	Run repository regression gate	2026-10-03T17:10:11.6770830Z <release-source-root>/Sources/HostwrightCLI/LifecycleLiveDriver.swift:7412:50: warning: result of call to 'admit(manifest:subjectID:profileResolution:)' is unused [#no-usage]
Build, sign, notarize, and verify	Run repository regression gate	2026-10-03T17:10:11.6772390Z      |                                                  `- warning: result of call to 'admit(manifest:subjectID:profileResolution:)' is unused [#no-usage]
Build, sign, notarize, and verify	Run repository regression gate	2026-10-03T17:10:11.6773300Z <release-source-root>/Sources/HostwrightCLI/LifecycleLiveDriver.swift:7440:50: warning: result of call to 'admit(manifest:subjectID:profileResolution:)' is unused [#no-usage]
Build, sign, notarize, and verify	Run repository regression gate	2026-10-03T17:10:11.6774480Z      |                                                  `- warning: result of call to 'admit(manifest:subjectID:profileResolution:)' is unused [#no-usage]
Build, sign, notarize, and verify	Run repository regression gate	2026-10-03T17:10:11.6843740Z <release-source-root>/Sources/HostwrightCLI/LifecycleLiveDriver.swift:7412:50: warning: result of call to 'admit(manifest:subjectID:profileResolution:)' is unused [#no-usage]
Build, sign, notarize, and verify	Run repository regression gate	2026-10-03T17:10:11.6844970Z      |                                                  `- warning: result of call to 'admit(manifest:subjectID:profileResolution:)' is unused [#no-usage]
Build, sign, notarize, and verify	Run repository regression gate	2026-10-03T17:10:11.6845890Z <release-source-root>/Sources/HostwrightCLI/LifecycleLiveDriver.swift:7440:50: warning: result of call to 'admit(manifest:subjectID:profileResolution:)' is unused [#no-usage]
Build, sign, notarize, and verify	Run repository regression gate	2026-10-03T17:10:11.6847020Z      |                                                  `- warning: result of call to 'admit(manifest:subjectID:profileResolution:)' is unused [#no-usage]
Build, sign, notarize, and verify	Run repository regression gate	2026-10-03T17:10:11.6915750Z <release-source-root>/Sources/HostwrightCLI/LifecycleLiveDriver.swift:7412:50: warning: result of call to 'admit(manifest:subjectID:profileResolution:)' is unused [#no-usage]
Build, sign, notarize, and verify	Run repository regression gate	2026-10-03T17:10:11.6917350Z      |                                                  `- warning: result of call to 'admit(manifest:subjectID:profileResolution:)' is unused [#no-usage]
Build, sign, notarize, and verify	Run repository regression gate	2026-10-03T17:10:11.6920580Z <release-source-root>/Sources/HostwrightCLI/LifecycleLiveDriver.swift:7440:50: warning: result of call to 'admit(manifest:subjectID:profileResolution:)' is unused [#no-usage]
Build, sign, notarize, and verify	Run repository regression gate	2026-10-03T17:10:11.6922360Z      |                                                  `- warning: result of call to 'admit(manifest:subjectID:profileResolution:)' is unused [#no-usage]
Build, sign, notarize, and verify	Run repository regression gate	2026-10-03T17:10:11.6992250Z <release-source-root>/Sources/HostwrightCLI/LifecycleLiveDriver.swift:7412:50: warning: result of call to 'admit(manifest:subjectID:profileResolution:)' is unused [#no-usage]
Build, sign, notarize, and verify	Run repository regression gate	2026-10-03T17:10:11.6993370Z      |                                                  `- warning: result of call to 'admit(manifest:subjectID:profileResolution:)' is unused [#no-usage]
Build, sign, notarize, and verify	Run repository regression gate	2026-10-03T17:10:11.6994210Z <release-source-root>/Sources/HostwrightCLI/LifecycleLiveDriver.swift:7440:50: warning: result of call to 'admit(manifest:subjectID:profileResolution:)' is unused [#no-usage]
Build, sign, notarize, and verify	Run repository regression gate	2026-10-03T17:10:11.6995170Z      |                                                  `- warning: result of call to 'admit(manifest:subjectID:profileResolution:)' is unused [#no-usage]
Build, sign, notarize, and verify	Run repository regression gate	2026-10-03T17:10:11.7067830Z <release-source-root>/Sources/HostwrightCLI/LifecycleLiveDriver.swift:7412:50: warning: result of call to 'admit(manifest:subjectID:profileResolution:)' is unused [#no-usage]
Build, sign, notarize, and verify	Run repository regression gate	2026-10-03T17:10:11.7068990Z      |                                                  `- warning: result of call to 'admit(manifest:subjectID:profileResolution:)' is unused [#no-usage]
Build, sign, notarize, and verify	Run repository regression gate	2026-10-03T17:10:11.7069900Z <release-source-root>/Sources/HostwrightCLI/LifecycleLiveDriver.swift:7440:50: warning: result of call to 'admit(manifest:subjectID:profileResolution:)' is unused [#no-usage]
Build, sign, notarize, and verify	Run repository regression gate	2026-10-03T17:10:11.7070930Z      |                                                  `- warning: result of call to 'admit(manifest:subjectID:profileResolution:)' is unused [#no-usage]
Build, sign, notarize, and verify	Run repository regression gate	2026-10-03T17:10:11.7141890Z <release-source-root>/Sources/HostwrightCLI/LifecycleLiveDriver.swift:7412:50: warning: result of call to 'admit(manifest:subjectID:profileResolution:)' is unused [#no-usage]
Build, sign, notarize, and verify	Run repository regression gate	2026-10-03T17:10:11.7144210Z      |                                                  `- warning: result of call to 'admit(manifest:subjectID:profileResolution:)' is unused [#no-usage]
Build, sign, notarize, and verify	Run repository regression gate	2026-10-03T17:10:11.7146110Z <release-source-root>/Sources/HostwrightCLI/LifecycleLiveDriver.swift:7440:50: warning: result of call to 'admit(manifest:subjectID:profileResolution:)' is unused [#no-usage]
Build, sign, notarize, and verify	Run repository regression gate	2026-10-03T17:10:11.7147100Z      |                                                  `- warning: result of call to 'admit(manifest:subjectID:profileResolution:)' is unused [#no-usage]
Build, sign, notarize, and verify	Run repository regression gate	2026-10-03T17:10:11.7217750Z <release-source-root>/Sources/HostwrightCLI/LifecycleLiveDriver.swift:7412:50: warning: result of call to 'admit(manifest:subjectID:profileResolution:)' is unused [#no-usage]
Build, sign, notarize, and verify	Run repository regression gate	2026-10-03T17:10:11.7227670Z      |                                                  `- warning: result of call to 'admit(manifest:subjectID:profileResolution:)' is unused [#no-usage]
Build, sign, notarize, and verify	Run repository regression gate	2026-10-03T17:10:11.7229030Z <release-source-root>/Sources/HostwrightCLI/LifecycleLiveDriver.swift:7440:50: warning: result of call to 'admit(manifest:subjectID:profileResolution:)' is unused [#no-usage]
Build, sign, notarize, and verify	Run repository regression gate	2026-10-03T17:10:11.7230010Z      |                                                  `- warning: result of call to 'admit(manifest:subjectID:profileResolution:)' is unused [#no-usage]
Build, sign, notarize, and verify	Run repository regression gate	2026-10-03T17:10:11.7290860Z <release-source-root>/Sources/HostwrightCLI/LifecycleLiveDriver.swift:7412:50: warning: result of call to 'admit(manifest:subjectID:profileResolution:)' is unused [#no-usage]
Build, sign, notarize, and verify	Run repository regression gate	2026-10-03T17:10:11.7291980Z      |                                                  `- warning: result of call to 'admit(manifest:subjectID:profileResolution:)' is unused [#no-usage]
Build, sign, notarize, and verify	Run repository regression gate	2026-10-03T17:10:11.7293180Z <release-source-root>/Sources/HostwrightCLI/LifecycleLiveDriver.swift:7440:50: warning: result of call to 'admit(manifest:subjectID:profileResolution:)' is unused [#no-usage]
Build, sign, notarize, and verify	Run repository regression gate	2026-10-03T17:10:11.7294320Z      |                                                  `- warning: result of call to 'admit(manifest:subjectID:profileResolution:)' is unused [#no-usage]
Build, sign, notarize, and verify	Run repository regression gate	2026-10-03T17:10:11.7364920Z <release-source-root>/Sources/HostwrightCLI/LifecycleLiveDriver.swift:7412:50: warning: result of call to 'admit(manifest:subjectID:profileResolution:)' is unused [#no-usage]
Build, sign, notarize, and verify	Run repository regression gate	2026-10-03T17:10:11.7366320Z      |                                                  `- warning: result of call to 'admit(manifest:subjectID:profileResolution:)' is unused [#no-usage]
Build, sign, notarize, and verify	Run repository regression gate	2026-10-03T17:10:11.7368170Z <release-source-root>/Sources/HostwrightCLI/LifecycleLiveDriver.swift:7440:50: warning: result of call to 'admit(manifest:subjectID:profileResolution:)' is unused [#no-usage]
Build, sign, notarize, and verify	Run repository regression gate	2026-10-03T17:10:11.7369290Z      |                                                  `- warning: result of call to 'admit(manifest:subjectID:profileResolution:)' is unused [#no-usage]
Build, sign, notarize, and verify	Run repository regression gate	2026-10-03T17:10:11.7439550Z <release-source-root>/Sources/HostwrightCLI/LifecycleLiveDriver.swift:7412:50: warning: result of call to 'admit(manifest:subjectID:profileResolution:)' is unused [#no-usage]
Build, sign, notarize, and verify	Run repository regression gate	2026-10-03T17:10:11.7440790Z      |                                                  `- warning: result of call to 'admit(manifest:subjectID:profileResolution:)' is unused [#no-usage]
Build, sign, notarize, and verify	Run repository regression gate	2026-10-03T17:10:11.7441680Z <release-source-root>/Sources/HostwrightCLI/LifecycleLiveDriver.swift:7440:50: warning: result of call to 'admit(manifest:subjectID:profileResolution:)' is unused [#no-usage]
Build, sign, notarize, and verify	Run repository regression gate	2026-10-03T17:10:11.7442990Z      |                                                  `- warning: result of call to 'admit(manifest:subjectID:profileResolution:)' is unused [#no-usage]
Build, sign, notarize, and verify	Run repository regression gate	2026-10-03T17:10:11.7511670Z <release-source-root>/Sources/HostwrightCLI/LifecycleLiveDriver.swift:7412:50: warning: result of call to 'admit(manifest:subjectID:profileResolution:)' is unused [#no-usage]
Build, sign, notarize, and verify	Run repository regression gate	2026-10-03T17:10:11.7513060Z      |                                                  `- warning: result of call to 'admit(manifest:subjectID:profileResolution:)' is unused [#no-usage]
Build, sign, notarize, and verify	Run repository regression gate	2026-10-03T17:10:11.7513880Z <release-source-root>/Sources/HostwrightCLI/LifecycleLiveDriver.swift:7440:50: warning: result of call to 'admit(manifest:subjectID:profileResolution:)' is unused [#no-usage]
Build, sign, notarize, and verify	Run repository regression gate	2026-10-03T17:10:11.7514850Z      |                                                  `- warning: result of call to 'admit(manifest:subjectID:profileResolution:)' is unused [#no-usage]
Build, sign, notarize, and verify	Run repository regression gate	2026-10-03T17:10:11.7586840Z <release-source-root>/Sources/HostwrightCLI/LifecycleLiveDriver.swift:7412:50: warning: result of call to 'admit(manifest:subjectID:profileResolution:)' is unused [#no-usage]
Build, sign, notarize, and verify	Run repository regression gate	2026-10-03T17:10:11.7588010Z      |                                                  `- warning: result of call to 'admit(manifest:subjectID:profileResolution:)' is unused [#no-usage]
Build, sign, notarize, and verify	Run repository regression gate	2026-10-03T17:10:11.7589070Z <release-source-root>/Sources/HostwrightCLI/LifecycleLiveDriver.swift:7440:50: warning: result of call to 'admit(manifest:subjectID:profileResolution:)' is unused [#no-usage]
Build, sign, notarize, and verify	Run repository regression gate	2026-10-03T17:10:11.7590120Z      |                                                  `- warning: result of call to 'admit(manifest:subjectID:profileResolution:)' is unused [#no-usage]
Build, sign, notarize, and verify	Run repository regression gate	2026-10-03T17:10:11.7657530Z <release-source-root>/Sources/HostwrightCLI/LifecycleLiveDriver.swift:7412:50: warning: result of call to 'admit(manifest:subjectID:profileResolution:)' is unused [#no-usage]
Build, sign, notarize, and verify	Run repository regression gate	2026-10-03T17:10:11.7659070Z      |                                                  `- warning: result of call to 'admit(manifest:subjectID:profileResolution:)' is unused [#no-usage]
Build, sign, notarize, and verify	Run repository regression gate	2026-10-03T17:10:11.7659900Z <release-source-root>/Sources/HostwrightCLI/LifecycleLiveDriver.swift:7440:50: warning: result of call to 'admit(manifest:subjectID:profileResolution:)' is unused [#no-usage]
Build, sign, notarize, and verify	Run repository regression gate	2026-10-03T17:10:11.7661300Z      |                                                  `- warning: result of call to 'admit(manifest:subjectID:profileResolution:)' is unused [#no-usage]
Build, sign, notarize, and verify	Run repository regression gate	2026-10-03T17:10:11.7731290Z <release-source-root>/Sources/HostwrightCLI/LifecycleLiveDriver.swift:7412:50: warning: result of call to 'admit(manifest:subjectID:profileResolution:)' is unused [#no-usage]
Build, sign, notarize, and verify	Run repository regression gate	2026-10-03T17:10:11.7732420Z      |                                                  `- warning: result of call to 'admit(manifest:subjectID:profileResolution:)' is unused [#no-usage]
Build, sign, notarize, and verify	Run repository regression gate	2026-10-03T17:10:11.7733190Z <release-source-root>/Sources/HostwrightCLI/LifecycleLiveDriver.swift:7440:50: warning: result of call to 'admit(manifest:subjectID:profileResolution:)' is unused [#no-usage]
Build, sign, notarize, and verify	Run repository regression gate	2026-10-03T17:10:11.7734270Z      |                                                  `- warning: result of call to 'admit(manifest:subjectID:profileResolution:)' is unused [#no-usage]
Build, sign, notarize, and verify	Run repository regression gate	2026-10-03T17:10:11.7801040Z <release-source-root>/Sources/HostwrightCLI/LifecycleLiveDriver.swift:7412:50: warning: result of call to 'admit(manifest:subjectID:profileResolution:)' is unused [#no-usage]
Build, sign, notarize, and verify	Run repository regression gate	2026-10-03T17:10:11.7802090Z      |                                                  `- warning: result of call to 'admit(manifest:subjectID:profileResolution:)' is unused [#no-usage]
Build, sign, notarize, and verify	Run repository regression gate	2026-10-03T17:10:11.7803530Z <release-source-root>/Sources/HostwrightCLI/LifecycleLiveDriver.swift:7440:50: warning: result of call to 'admit(manifest:subjectID:profileResolution:)' is unused [#no-usage]
Build, sign, notarize, and verify	Run repository regression gate	2026-10-03T17:10:11.7804560Z      |                                                  `- warning: result of call to 'admit(manifest:subjectID:profileResolution:)' is unused [#no-usage]
Build, sign, notarize, and verify	Run repository regression gate	2026-10-03T17:10:11.7871370Z <release-source-root>/Sources/HostwrightCLI/LifecycleLiveDriver.swift:7412:50: warning: result of call to 'admit(manifest:subjectID:profileResolution:)' is unused [#no-usage]
Build, sign, notarize, and verify	Run repository regression gate	2026-10-03T17:10:11.7872620Z      |                                                  `- warning: result of call to 'admit(manifest:subjectID:profileResolution:)' is unused [#no-usage]
Build, sign, notarize, and verify	Run repository regression gate	2026-10-03T17:10:11.7873450Z <release-source-root>/Sources/HostwrightCLI/LifecycleLiveDriver.swift:7440:50: warning: result of call to 'admit(manifest:subjectID:profileResolution:)' is unused [#no-usage]
Build, sign, notarize, and verify	Run repository regression gate	2026-10-03T17:10:11.7874440Z      |                                                  `- warning: result of call to 'admit(manifest:subjectID:profileResolution:)' is unused [#no-usage]
Build, sign, notarize, and verify	Run repository regression gate	2026-10-03T17:10:11.7941580Z <release-source-root>/Sources/HostwrightCLI/LifecycleLiveDriver.swift:7412:50: warning: result of call to 'admit(manifest:subjectID:profileResolution:)' is unused [#no-usage]
Build, sign, notarize, and verify	Run repository regression gate	2026-10-03T17:10:11.7942740Z      |                                                  `- warning: result of call to 'admit(manifest:subjectID:profileResolution:)' is unused [#no-usage]
Build, sign, notarize, and verify	Run repository regression gate	2026-10-03T17:10:11.7943650Z <release-source-root>/Sources/HostwrightCLI/LifecycleLiveDriver.swift:7440:50: warning: result of call to 'admit(manifest:subjectID:profileResolution:)' is unused [#no-usage]
Build, sign, notarize, and verify	Run repository regression gate	2026-10-03T17:10:11.7944660Z      |                                                  `- warning: result of call to 'admit(manifest:subjectID:profileResolution:)' is unused [#no-usage]
Build, sign, notarize, and verify	Run repository regression gate	2026-10-03T17:12:56.1186610Z <release-source-root>/Tests/HostwrightSecretsTests/HostwrightSecretsIntegrationTests.swift:219:13: warning: 'SecKeychainGetUserInteractionAllowed' was deprecated in macOS 10.10: SecKeychain is deprecated [#DeprecatedDeclaration]
Build, sign, notarize, and verify	Run repository regression gate	2026-10-03T17:12:56.1188050Z     |             `- warning: 'SecKeychainGetUserInteractionAllowed' was deprecated in macOS 10.10: SecKeychain is deprecated [#DeprecatedDeclaration]
Build, sign, notarize, and verify	Run repository regression gate	2026-10-03T17:12:56.1189040Z <release-source-root>/Tests/HostwrightSecretsTests/HostwrightSecretsIntegrationTests.swift:223:13: warning: 'SecKeychainSetUserInteractionAllowed' was deprecated in macOS 10.10: SecKeychain is deprecated [#DeprecatedDeclaration]
Build, sign, notarize, and verify	Run repository regression gate	2026-10-03T17:12:56.1190250Z     |             `- warning: 'SecKeychainSetUserInteractionAllowed' was deprecated in macOS 10.10: SecKeychain is deprecated [#DeprecatedDeclaration]
Build, sign, notarize, and verify	Run repository regression gate	2026-10-03T17:12:56.1191300Z <release-source-root>/Tests/HostwrightSecretsTests/HostwrightSecretsIntegrationTests.swift:227:17: warning: 'SecKeychainSetUserInteractionAllowed' was deprecated in macOS 10.10: SecKeychain is deprecated [#DeprecatedDeclaration]
Build, sign, notarize, and verify	Run repository regression gate	2026-10-03T17:12:56.1192520Z     |                 `- warning: 'SecKeychainSetUserInteractionAllowed' was deprecated in macOS 10.10: SecKeychain is deprecated [#DeprecatedDeclaration]
Build, sign, notarize, and verify	Run repository regression gate	2026-10-03T17:12:56.1193560Z <release-source-root>/Tests/HostwrightSecretsTests/HostwrightSecretsIntegrationTests.swift:235:13: warning: 'SecKeychainCopyDefault' was deprecated in macOS 10.10: SecKeychain is deprecated [#DeprecatedDeclaration]
Build, sign, notarize, and verify	Run repository regression gate	2026-10-03T17:12:56.1195210Z     |             `- warning: 'SecKeychainCopyDefault' was deprecated in macOS 10.10: SecKeychain is deprecated [#DeprecatedDeclaration]
Build, sign, notarize, and verify	Run repository regression gate	2026-10-03T17:12:56.1196220Z <release-source-root>/Tests/HostwrightSecretsTests/HostwrightSecretsIntegrationTests.swift:239:13: warning: 'SecKeychainCopySearchList' was deprecated in macOS 10.10: SecKeychain is deprecated [#DeprecatedDeclaration]
Build, sign, notarize, and verify	Run repository regression gate	2026-10-03T17:12:56.1197710Z     |             `- warning: 'SecKeychainCopySearchList' was deprecated in macOS 10.10: SecKeychain is deprecated [#DeprecatedDeclaration]
Build, sign, notarize, and verify	Run repository regression gate	2026-10-03T17:12:56.1198670Z <release-source-root>/Tests/HostwrightSecretsTests/HostwrightSecretsIntegrationTests.swift:254:17: warning: 'SecKeychainCreate' was deprecated in macOS 10.10: SecKeychain is deprecated [#DeprecatedDeclaration]
Build, sign, notarize, and verify	Run repository regression gate	2026-10-03T17:12:56.1199920Z     |                 `- warning: 'SecKeychainCreate' was deprecated in macOS 10.10: SecKeychain is deprecated [#DeprecatedDeclaration]
Build, sign, notarize, and verify	Run repository regression gate	2026-10-03T17:12:56.1200850Z <release-source-root>/Tests/HostwrightSecretsTests/HostwrightSecretsIntegrationTests.swift:266:24: warning: 'SecKeychainSetDefault' was deprecated in macOS 10.10: SecKeychain is deprecated [#DeprecatedDeclaration]
Build, sign, notarize, and verify	Run repository regression gate	2026-10-03T17:12:56.1202170Z     |                        `- warning: 'SecKeychainSetDefault' was deprecated in macOS 10.10: SecKeychain is deprecated [#DeprecatedDeclaration]
Build, sign, notarize, and verify	Run repository regression gate	2026-10-03T17:12:56.1203140Z <release-source-root>/Tests/HostwrightSecretsTests/HostwrightSecretsIntegrationTests.swift:268:13: warning: 'SecKeychainSetSearchList' was deprecated in macOS 10.10: SecKeychain is deprecated [#DeprecatedDeclaration]
Build, sign, notarize, and verify	Run repository regression gate	2026-10-03T17:12:56.1204330Z     |             `- warning: 'SecKeychainSetSearchList' was deprecated in macOS 10.10: SecKeychain is deprecated [#DeprecatedDeclaration]
Build, sign, notarize, and verify	Run repository regression gate	2026-10-03T17:12:56.1205180Z <release-source-root>/Tests/HostwrightSecretsTests/HostwrightSecretsIntegrationTests.swift:273:21: warning: 'SecKeychainUnlock' was deprecated in macOS 10.10: SecKeychain is deprecated [#DeprecatedDeclaration]
Build, sign, notarize, and verify	Run repository regression gate	2026-10-03T17:12:56.1206300Z     |                     `- warning: 'SecKeychainUnlock' was deprecated in macOS 10.10: SecKeychain is deprecated [#DeprecatedDeclaration]
Build, sign, notarize, and verify	Run repository regression gate	2026-10-03T17:12:56.1207220Z <release-source-root>/Tests/HostwrightSecretsTests/HostwrightSecretsIntegrationTests.swift:280:17: warning: 'SecKeychainDelete' was deprecated in macOS 10.10: SecKeychain is deprecated [#DeprecatedDeclaration]
Build, sign, notarize, and verify	Run repository regression gate	2026-10-03T17:12:56.1208260Z     |                 `- warning: 'SecKeychainDelete' was deprecated in macOS 10.10: SecKeychain is deprecated [#DeprecatedDeclaration]
Build, sign, notarize, and verify	Run repository regression gate	2026-10-03T17:12:56.1209250Z <release-source-root>/Tests/HostwrightSecretsTests/HostwrightSecretsIntegrationTests.swift:281:17: warning: 'SecKeychainSetDefault' was deprecated in macOS 10.10: SecKeychain is deprecated [#DeprecatedDeclaration]
Build, sign, notarize, and verify	Run repository regression gate	2026-10-03T17:12:56.1210330Z     |                 `- warning: 'SecKeychainSetDefault' was deprecated in macOS 10.10: SecKeychain is deprecated [#DeprecatedDeclaration]
Build, sign, notarize, and verify	Run repository regression gate	2026-10-03T17:12:56.1211250Z <release-source-root>/Tests/HostwrightSecretsTests/HostwrightSecretsIntegrationTests.swift:282:17: warning: 'SecKeychainSetSearchList' was deprecated in macOS 10.10: SecKeychain is deprecated [#DeprecatedDeclaration]
Build, sign, notarize, and verify	Run repository regression gate	2026-10-03T17:12:56.1212420Z     |                 `- warning: 'SecKeychainSetSearchList' was deprecated in macOS 10.10: SecKeychain is deprecated [#DeprecatedDeclaration]
Build, sign, notarize, and verify	Run repository regression gate	2026-10-03T17:12:56.1213240Z <release-source-root>/Tests/HostwrightSecretsTests/HostwrightSecretsIntegrationTests.swift:291:24: warning: 'SecKeychainLock' was deprecated in macOS 10.10: SecKeychain is deprecated [#DeprecatedDeclaration]
Build, sign, notarize, and verify	Run repository regression gate	2026-10-03T17:12:56.1214420Z     |                        `- warning: 'SecKeychainLock' was deprecated in macOS 10.10: SecKeychain is deprecated [#DeprecatedDeclaration]
Build, sign, notarize, and verify	Run repository regression gate	2026-10-03T17:12:56.1215320Z <release-source-root>/Tests/HostwrightSecretsTests/HostwrightSecretsIntegrationTests.swift:304:13: warning: 'SecKeychainSetUserInteractionAllowed' was deprecated in macOS 10.10: SecKeychain is deprecated [#DeprecatedDeclaration]
Build, sign, notarize, and verify	Run repository regression gate	2026-10-03T17:12:56.1216640Z     |             `- warning: 'SecKeychainSetUserInteractionAllowed' was deprecated in macOS 10.10: SecKeychain is deprecated [#DeprecatedDeclaration]
Build, sign, notarize, and verify	Run repository regression gate	2026-10-03T17:12:56.1217630Z <release-source-root>/Tests/HostwrightSecretsTests/HostwrightSecretsIntegrationTests.swift:311:13: warning: 'SecKeychainUnlock' was deprecated in macOS 10.10: SecKeychain is deprecated [#DeprecatedDeclaration]
Build, sign, notarize, and verify	Run repository regression gate	2026-10-03T17:12:56.1218680Z     |             `- warning: 'SecKeychainUnlock' was deprecated in macOS 10.10: SecKeychain is deprecated [#DeprecatedDeclaration]
Build, sign, notarize, and verify	Run repository regression gate	2026-10-03T17:12:56.5799940Z <release-source-root>/Tests/HostwrightSecretsTests/HostwrightSecretsIntegrationTests.swift:219:13: warning: 'SecKeychainGetUserInteractionAllowed' was deprecated in macOS 10.10: SecKeychain is deprecated [#DeprecatedDeclaration]
Build, sign, notarize, and verify	Run repository regression gate	2026-10-03T17:12:56.5801130Z     |             `- warning: 'SecKeychainGetUserInteractionAllowed' was deprecated in macOS 10.10: SecKeychain is deprecated [#DeprecatedDeclaration]
Build, sign, notarize, and verify	Run repository regression gate	2026-10-03T17:12:56.5801970Z <release-source-root>/Tests/HostwrightSecretsTests/HostwrightSecretsIntegrationTests.swift:223:13: warning: 'SecKeychainSetUserInteractionAllowed' was deprecated in macOS 10.10: SecKeychain is deprecated [#DeprecatedDeclaration]
Build, sign, notarize, and verify	Run repository regression gate	2026-10-03T17:12:56.5802970Z     |             `- warning: 'SecKeychainSetUserInteractionAllowed' was deprecated in macOS 10.10: SecKeychain is deprecated [#DeprecatedDeclaration]
Build, sign, notarize, and verify	Run repository regression gate	2026-10-03T17:12:56.5803790Z <release-source-root>/Tests/HostwrightSecretsTests/HostwrightSecretsIntegrationTests.swift:227:17: warning: 'SecKeychainSetUserInteractionAllowed' was deprecated in macOS 10.10: SecKeychain is deprecated [#DeprecatedDeclaration]
Build, sign, notarize, and verify	Run repository regression gate	2026-10-03T17:12:56.5805090Z     |                 `- warning: 'SecKeychainSetUserInteractionAllowed' was deprecated in macOS 10.10: SecKeychain is deprecated [#DeprecatedDeclaration]
Build, sign, notarize, and verify	Run repository regression gate	2026-10-03T17:12:56.5805990Z <release-source-root>/Tests/HostwrightSecretsTests/HostwrightSecretsIntegrationTests.swift:235:13: warning: 'SecKeychainCopyDefault' was deprecated in macOS 10.10: SecKeychain is deprecated [#DeprecatedDeclaration]
Build, sign, notarize, and verify	Run repository regression gate	2026-10-03T17:12:56.5807190Z     |             `- warning: 'SecKeychainCopyDefault' was deprecated in macOS 10.10: SecKeychain is deprecated [#DeprecatedDeclaration]
Build, sign, notarize, and verify	Run repository regression gate	2026-10-03T17:12:56.5808060Z <release-source-root>/Tests/HostwrightSecretsTests/HostwrightSecretsIntegrationTests.swift:239:13: warning: 'SecKeychainCopySearchList' was deprecated in macOS 10.10: SecKeychain is deprecated [#DeprecatedDeclaration]
Build, sign, notarize, and verify	Run repository regression gate	2026-10-03T17:12:56.5809060Z     |             `- warning: 'SecKeychainCopySearchList' was deprecated in macOS 10.10: SecKeychain is deprecated [#DeprecatedDeclaration]
Build, sign, notarize, and verify	Run repository regression gate	2026-10-03T17:12:56.5809820Z <release-source-root>/Tests/HostwrightSecretsTests/HostwrightSecretsIntegrationTests.swift:254:17: warning: 'SecKeychainCreate' was deprecated in macOS 10.10: SecKeychain is deprecated [#DeprecatedDeclaration]
Build, sign, notarize, and verify	Run repository regression gate	2026-10-03T17:12:56.5810950Z     |                 `- warning: 'SecKeychainCreate' was deprecated in macOS 10.10: SecKeychain is deprecated [#DeprecatedDeclaration]
Build, sign, notarize, and verify	Run repository regression gate	2026-10-03T17:12:56.5811830Z <release-source-root>/Tests/HostwrightSecretsTests/HostwrightSecretsIntegrationTests.swift:266:24: warning: 'SecKeychainSetDefault' was deprecated in macOS 10.10: SecKeychain is deprecated [#DeprecatedDeclaration]
Build, sign, notarize, and verify	Run repository regression gate	2026-10-03T17:12:56.5813060Z     |                        `- warning: 'SecKeychainSetDefault' was deprecated in macOS 10.10: SecKeychain is deprecated [#DeprecatedDeclaration]
Build, sign, notarize, and verify	Run repository regression gate	2026-10-03T17:12:56.5813980Z <release-source-root>/Tests/HostwrightSecretsTests/HostwrightSecretsIntegrationTests.swift:268:13: warning: 'SecKeychainSetSearchList' was deprecated in macOS 10.10: SecKeychain is deprecated [#DeprecatedDeclaration]
Build, sign, notarize, and verify	Run repository regression gate	2026-10-03T17:12:56.5815240Z     |             `- warning: 'SecKeychainSetSearchList' was deprecated in macOS 10.10: SecKeychain is deprecated [#DeprecatedDeclaration]
Build, sign, notarize, and verify	Run repository regression gate	2026-10-03T17:12:56.5816080Z <release-source-root>/Tests/HostwrightSecretsTests/HostwrightSecretsIntegrationTests.swift:273:21: warning: 'SecKeychainUnlock' was deprecated in macOS 10.10: SecKeychain is deprecated [#DeprecatedDeclaration]
Build, sign, notarize, and verify	Run repository regression gate	2026-10-03T17:12:56.5817170Z     |                     `- warning: 'SecKeychainUnlock' was deprecated in macOS 10.10: SecKeychain is deprecated [#DeprecatedDeclaration]
Build, sign, notarize, and verify	Run repository regression gate	2026-10-03T17:12:56.5818070Z <release-source-root>/Tests/HostwrightSecretsTests/HostwrightSecretsIntegrationTests.swift:280:17: warning: 'SecKeychainDelete' was deprecated in macOS 10.10: SecKeychain is deprecated [#DeprecatedDeclaration]
Build, sign, notarize, and verify	Run repository regression gate	2026-10-03T17:12:56.5819020Z     |                 `- warning: 'SecKeychainDelete' was deprecated in macOS 10.10: SecKeychain is deprecated [#DeprecatedDeclaration]
Build, sign, notarize, and verify	Run repository regression gate	2026-10-03T17:12:56.5819980Z <release-source-root>/Tests/HostwrightSecretsTests/HostwrightSecretsIntegrationTests.swift:281:17: warning: 'SecKeychainSetDefault' was deprecated in macOS 10.10: SecKeychain is deprecated [#DeprecatedDeclaration]
Build, sign, notarize, and verify	Run repository regression gate	2026-10-03T17:12:56.5821020Z     |                 `- warning: 'SecKeychainSetDefault' was deprecated in macOS 10.10: SecKeychain is deprecated [#DeprecatedDeclaration]
Build, sign, notarize, and verify	Run repository regression gate	2026-10-03T17:12:56.5821930Z <release-source-root>/Tests/HostwrightSecretsTests/HostwrightSecretsIntegrationTests.swift:282:17: warning: 'SecKeychainSetSearchList' was deprecated in macOS 10.10: SecKeychain is deprecated [#DeprecatedDeclaration]
Build, sign, notarize, and verify	Run repository regression gate	2026-10-03T17:12:56.5823070Z     |                 `- warning: 'SecKeychainSetSearchList' was deprecated in macOS 10.10: SecKeychain is deprecated [#DeprecatedDeclaration]
Build, sign, notarize, and verify	Run repository regression gate	2026-10-03T17:12:56.5823870Z <release-source-root>/Tests/HostwrightSecretsTests/HostwrightSecretsIntegrationTests.swift:291:24: warning: 'SecKeychainLock' was deprecated in macOS 10.10: SecKeychain is deprecated [#DeprecatedDeclaration]
Build, sign, notarize, and verify	Run repository regression gate	2026-10-03T17:12:56.5825100Z     |                        `- warning: 'SecKeychainLock' was deprecated in macOS 10.10: SecKeychain is deprecated [#DeprecatedDeclaration]
Build, sign, notarize, and verify	Run repository regression gate	2026-10-03T17:12:56.5825980Z <release-source-root>/Tests/HostwrightSecretsTests/HostwrightSecretsIntegrationTests.swift:304:13: warning: 'SecKeychainSetUserInteractionAllowed' was deprecated in macOS 10.10: SecKeychain is deprecated [#DeprecatedDeclaration]
Build, sign, notarize, and verify	Run repository regression gate	2026-10-03T17:12:56.5827250Z     |             `- warning: 'SecKeychainSetUserInteractionAllowed' was deprecated in macOS 10.10: SecKeychain is deprecated [#DeprecatedDeclaration]
Build, sign, notarize, and verify	Run repository regression gate	2026-10-03T17:12:56.5828150Z <release-source-root>/Tests/HostwrightSecretsTests/HostwrightSecretsIntegrationTests.swift:311:13: warning: 'SecKeychainUnlock' was deprecated in macOS 10.10: SecKeychain is deprecated [#DeprecatedDeclaration]
Build, sign, notarize, and verify	Run repository regression gate	2026-10-03T17:12:56.5829180Z     |             `- warning: 'SecKeychainUnlock' was deprecated in macOS 10.10: SecKeychain is deprecated [#DeprecatedDeclaration]
Build, sign, notarize, and verify	Run repository regression gate	2026-10-03T17:12:57.0213470Z <release-source-root>/Tests/HostwrightSecretsTests/HostwrightSecretsIntegrationTests.swift:219:13: warning: 'SecKeychainGetUserInteractionAllowed' was deprecated in macOS 10.10: SecKeychain is deprecated [#DeprecatedDeclaration]
Build, sign, notarize, and verify	Run repository regression gate	2026-10-03T17:12:57.0214800Z     |             `- warning: 'SecKeychainGetUserInteractionAllowed' was deprecated in macOS 10.10: SecKeychain is deprecated [#DeprecatedDeclaration]
Build, sign, notarize, and verify	Run repository regression gate	2026-10-03T17:12:57.0215730Z <release-source-root>/Tests/HostwrightSecretsTests/HostwrightSecretsIntegrationTests.swift:223:13: warning: 'SecKeychainSetUserInteractionAllowed' was deprecated in macOS 10.10: SecKeychain is deprecated [#DeprecatedDeclaration]
Build, sign, notarize, and verify	Run repository regression gate	2026-10-03T17:12:57.0216870Z     |             `- warning: 'SecKeychainSetUserInteractionAllowed' was deprecated in macOS 10.10: SecKeychain is deprecated [#DeprecatedDeclaration]
Build, sign, notarize, and verify	Run repository regression gate	2026-10-03T17:12:57.0218230Z <release-source-root>/Tests/HostwrightSecretsTests/HostwrightSecretsIntegrationTests.swift:227:17: warning: 'SecKeychainSetUserInteractionAllowed' was deprecated in macOS 10.10: SecKeychain is deprecated [#DeprecatedDeclaration]
Build, sign, notarize, and verify	Run repository regression gate	2026-10-03T17:12:57.0219300Z     |                 `- warning: 'SecKeychainSetUserInteractionAllowed' was deprecated in macOS 10.10: SecKeychain is deprecated [#DeprecatedDeclaration]
Build, sign, notarize, and verify	Run repository regression gate	2026-10-03T17:12:57.0220350Z <release-source-root>/Tests/HostwrightSecretsTests/HostwrightSecretsIntegrationTests.swift:235:13: warning: 'SecKeychainCopyDefault' was deprecated in macOS 10.10: SecKeychain is deprecated [#DeprecatedDeclaration]
Build, sign, notarize, and verify	Run repository regression gate	2026-10-03T17:12:57.0221460Z     |             `- warning: 'SecKeychainCopyDefault' was deprecated in macOS 10.10: SecKeychain is deprecated [#DeprecatedDeclaration]
Build, sign, notarize, and verify	Run repository regression gate	2026-10-03T17:12:57.0222290Z <release-source-root>/Tests/HostwrightSecretsTests/HostwrightSecretsIntegrationTests.swift:239:13: warning: 'SecKeychainCopySearchList' was deprecated in macOS 10.10: SecKeychain is deprecated [#DeprecatedDeclaration]
Build, sign, notarize, and verify	Run repository regression gate	2026-10-03T17:12:57.0223330Z     |             `- warning: 'SecKeychainCopySearchList' was deprecated in macOS 10.10: SecKeychain is deprecated [#DeprecatedDeclaration]
Build, sign, notarize, and verify	Run repository regression gate	2026-10-03T17:12:57.0224150Z <release-source-root>/Tests/HostwrightSecretsTests/HostwrightSecretsIntegrationTests.swift:254:17: warning: 'SecKeychainCreate' was deprecated in macOS 10.10: SecKeychain is deprecated [#DeprecatedDeclaration]
Build, sign, notarize, and verify	Run repository regression gate	2026-10-03T17:12:57.0225270Z     |                 `- warning: 'SecKeychainCreate' was deprecated in macOS 10.10: SecKeychain is deprecated [#DeprecatedDeclaration]
Build, sign, notarize, and verify	Run repository regression gate	2026-10-03T17:12:57.0226150Z <release-source-root>/Tests/HostwrightSecretsTests/HostwrightSecretsIntegrationTests.swift:266:24: warning: 'SecKeychainSetDefault' was deprecated in macOS 10.10: SecKeychain is deprecated [#DeprecatedDeclaration]
Build, sign, notarize, and verify	Run repository regression gate	2026-10-03T17:12:57.0227390Z     |                        `- warning: 'SecKeychainSetDefault' was deprecated in macOS 10.10: SecKeychain is deprecated [#DeprecatedDeclaration]
Build, sign, notarize, and verify	Run repository regression gate	2026-10-03T17:12:57.0228400Z <release-source-root>/Tests/HostwrightSecretsTests/HostwrightSecretsIntegrationTests.swift:268:13: warning: 'SecKeychainSetSearchList' was deprecated in macOS 10.10: SecKeychain is deprecated [#DeprecatedDeclaration]
Build, sign, notarize, and verify	Run repository regression gate	2026-10-03T17:12:57.0229620Z     |             `- warning: 'SecKeychainSetSearchList' was deprecated in macOS 10.10: SecKeychain is deprecated [#DeprecatedDeclaration]
Build, sign, notarize, and verify	Run repository regression gate	2026-10-03T17:12:57.0230460Z <release-source-root>/Tests/HostwrightSecretsTests/HostwrightSecretsIntegrationTests.swift:273:21: warning: 'SecKeychainUnlock' was deprecated in macOS 10.10: SecKeychain is deprecated [#DeprecatedDeclaration]
Build, sign, notarize, and verify	Run repository regression gate	2026-10-03T17:12:57.0231480Z     |                     `- warning: 'SecKeychainUnlock' was deprecated in macOS 10.10: SecKeychain is deprecated [#DeprecatedDeclaration]
Build, sign, notarize, and verify	Run repository regression gate	2026-10-03T17:12:57.0232390Z <release-source-root>/Tests/HostwrightSecretsTests/HostwrightSecretsIntegrationTests.swift:280:17: warning: 'SecKeychainDelete' was deprecated in macOS 10.10: SecKeychain is deprecated [#DeprecatedDeclaration]
Build, sign, notarize, and verify	Run repository regression gate	2026-10-03T17:12:57.0233360Z     |                 `- warning: 'SecKeychainDelete' was deprecated in macOS 10.10: SecKeychain is deprecated [#DeprecatedDeclaration]
Build, sign, notarize, and verify	Run repository regression gate	2026-10-03T17:12:57.0234330Z <release-source-root>/Tests/HostwrightSecretsTests/HostwrightSecretsIntegrationTests.swift:281:17: warning: 'SecKeychainSetDefault' was deprecated in macOS 10.10: SecKeychain is deprecated [#DeprecatedDeclaration]
Build, sign, notarize, and verify	Run repository regression gate	2026-10-03T17:12:57.0235390Z     |                 `- warning: 'SecKeychainSetDefault' was deprecated in macOS 10.10: SecKeychain is deprecated [#DeprecatedDeclaration]
Build, sign, notarize, and verify	Run repository regression gate	2026-10-03T17:12:57.0236300Z <release-source-root>/Tests/HostwrightSecretsTests/HostwrightSecretsIntegrationTests.swift:282:17: warning: 'SecKeychainSetSearchList' was deprecated in macOS 10.10: SecKeychain is deprecated [#DeprecatedDeclaration]
Build, sign, notarize, and verify	Run repository regression gate	2026-10-03T17:12:57.0237630Z     |                 `- warning: 'SecKeychainSetSearchList' was deprecated in macOS 10.10: SecKeychain is deprecated [#DeprecatedDeclaration]
Build, sign, notarize, and verify	Run repository regression gate	2026-10-03T17:12:57.0238440Z <release-source-root>/Tests/HostwrightSecretsTests/HostwrightSecretsIntegrationTests.swift:291:24: warning: 'SecKeychainLock' was deprecated in macOS 10.10: SecKeychain is deprecated [#DeprecatedDeclaration]
Build, sign, notarize, and verify	Run repository regression gate	2026-10-03T17:12:57.0239670Z     |                        `- warning: 'SecKeychainLock' was deprecated in macOS 10.10: SecKeychain is deprecated [#DeprecatedDeclaration]
Build, sign, notarize, and verify	Run repository regression gate	2026-10-03T17:12:57.0240550Z <release-source-root>/Tests/HostwrightSecretsTests/HostwrightSecretsIntegrationTests.swift:304:13: warning: 'SecKeychainSetUserInteractionAllowed' was deprecated in macOS 10.10: SecKeychain is deprecated [#DeprecatedDeclaration]
Build, sign, notarize, and verify	Run repository regression gate	2026-10-03T17:12:57.0241760Z     |             `- warning: 'SecKeychainSetUserInteractionAllowed' was deprecated in macOS 10.10: SecKeychain is deprecated [#DeprecatedDeclaration]
Build, sign, notarize, and verify	Run repository regression gate	2026-10-03T17:12:57.0242680Z <release-source-root>/Tests/HostwrightSecretsTests/HostwrightSecretsIntegrationTests.swift:311:13: warning: 'SecKeychainUnlock' was deprecated in macOS 10.10: SecKeychain is deprecated [#DeprecatedDeclaration]
Build, sign, notarize, and verify	Run repository regression gate	2026-10-03T17:12:57.0243700Z     |             `- warning: 'SecKeychainUnlock' was deprecated in macOS 10.10: SecKeychain is deprecated [#DeprecatedDeclaration]
Build, sign, notarize, and verify	Run repository regression gate	2026-10-03T17:12:59.7755070Z <release-source-root>/Tests/HostwrightSchedulerTests/Phase10SchedulerQualificationConfiguration.swift:258:20: warning: 'init(cString:)' is deprecated: Use String(decoding: array, as: UTF8.self) instead, after truncating the null termination. [#DeprecatedDeclaration]
Build, sign, notarize, and verify	Run repository regression gate	2026-10-03T17:12:59.7759180Z     |                    `- warning: 'init(cString:)' is deprecated: Use String(decoding: array, as: UTF8.self) instead, after truncating the null termination. [#DeprecatedDeclaration]
Build, sign, notarize, and verify	Run repository regression gate	2026-10-03T17:12:59.7798030Z <release-source-root>/Tests/HostwrightSchedulerTests/Phase10SchedulerQualificationConfiguration.swift:258:20: warning: 'init(cString:)' is deprecated: Use String(decoding: array, as: UTF8.self) instead, after truncating the null termination. [#DeprecatedDeclaration]
Build, sign, notarize, and verify	Run repository regression gate	2026-10-03T17:12:59.7799630Z     |                    `- warning: 'init(cString:)' is deprecated: Use String(decoding: array, as: UTF8.self) instead, after truncating the null termination. [#DeprecatedDeclaration]
Build, sign, notarize, and verify	Run repository regression gate	2026-10-03T17:12:59.7840040Z <release-source-root>/Tests/HostwrightSchedulerTests/Phase10SchedulerQualificationConfiguration.swift:258:20: warning: 'init(cString:)' is deprecated: Use String(decoding: array, as: UTF8.self) instead, after truncating the null termination. [#DeprecatedDeclaration]
Build, sign, notarize, and verify	Run repository regression gate	2026-10-03T17:12:59.7841460Z     |                    `- warning: 'init(cString:)' is deprecated: Use String(decoding: array, as: UTF8.self) instead, after truncating the null termination. [#DeprecatedDeclaration]
Build, sign, notarize, and verify	Run repository regression gate	2026-10-03T17:12:59.7882350Z <release-source-root>/Tests/HostwrightSchedulerTests/Phase10SchedulerQualificationConfiguration.swift:258:20: warning: 'init(cString:)' is deprecated: Use String(decoding: array, as: UTF8.self) instead, after truncating the null termination. [#DeprecatedDeclaration]
Build, sign, notarize, and verify	Run repository regression gate	2026-10-03T17:12:59.7883810Z     |                    `- warning: 'init(cString:)' is deprecated: Use String(decoding: array, as: UTF8.self) instead, after truncating the null termination. [#DeprecatedDeclaration]
Build, sign, notarize, and verify	Run repository regression gate	2026-10-03T17:12:59.7924430Z <release-source-root>/Tests/HostwrightSchedulerTests/Phase10SchedulerQualificationConfiguration.swift:258:20: warning: 'init(cString:)' is deprecated: Use String(decoding: array, as: UTF8.self) instead, after truncating the null termination. [#DeprecatedDeclaration]
Build, sign, notarize, and verify	Run repository regression gate	2026-10-03T17:12:59.7925950Z     |                    `- warning: 'init(cString:)' is deprecated: Use String(decoding: array, as: UTF8.self) instead, after truncating the null termination. [#DeprecatedDeclaration]
Build, sign, notarize, and verify	Run repository regression gate	2026-10-03T17:12:59.7966610Z <release-source-root>/Tests/HostwrightSchedulerTests/Phase10SchedulerQualificationConfiguration.swift:258:20: warning: 'init(cString:)' is deprecated: Use String(decoding: array, as: UTF8.self) instead, after truncating the null termination. [#DeprecatedDeclaration]
Build, sign, notarize, and verify	Run repository regression gate	2026-10-03T17:12:59.7968120Z     |                    `- warning: 'init(cString:)' is deprecated: Use String(decoding: array, as: UTF8.self) instead, after truncating the null termination. [#DeprecatedDeclaration]
Build, sign, notarize, and verify	Run repository regression gate	2026-10-03T17:12:59.8008360Z <release-source-root>/Tests/HostwrightSchedulerTests/Phase10SchedulerQualificationConfiguration.swift:258:20: warning: 'init(cString:)' is deprecated: Use String(decoding: array, as: UTF8.self) instead, after truncating the null termination. [#DeprecatedDeclaration]
Build, sign, notarize, and verify	Run repository regression gate	2026-10-03T17:12:59.8009770Z     |                    `- warning: 'init(cString:)' is deprecated: Use String(decoding: array, as: UTF8.self) instead, after truncating the null termination. [#DeprecatedDeclaration]
Build, sign, notarize, and verify	Run repository regression gate	2026-10-03T17:12:59.8050340Z <release-source-root>/Tests/HostwrightSchedulerTests/Phase10SchedulerQualificationConfiguration.swift:258:20: warning: 'init(cString:)' is deprecated: Use String(decoding: array, as: UTF8.self) instead, after truncating the null termination. [#DeprecatedDeclaration]
Build, sign, notarize, and verify	Run repository regression gate	2026-10-03T17:12:59.8051880Z     |                    `- warning: 'init(cString:)' is deprecated: Use String(decoding: array, as: UTF8.self) instead, after truncating the null termination. [#DeprecatedDeclaration]
Build, sign, notarize, and verify	Run repository regression gate	2026-10-03T17:12:59.8092460Z <release-source-root>/Tests/HostwrightSchedulerTests/Phase10SchedulerQualificationConfiguration.swift:258:20: warning: 'init(cString:)' is deprecated: Use String(decoding: array, as: UTF8.self) instead, after truncating the null termination. [#DeprecatedDeclaration]
Build, sign, notarize, and verify	Run repository regression gate	2026-10-03T17:12:59.8093860Z     |                    `- warning: 'init(cString:)' is deprecated: Use String(decoding: array, as: UTF8.self) instead, after truncating the null termination. [#DeprecatedDeclaration]
Build, sign, notarize, and verify	Run repository regression gate	2026-10-03T17:12:59.8134890Z <release-source-root>/Tests/HostwrightSchedulerTests/Phase10SchedulerQualificationConfiguration.swift:258:20: warning: 'init(cString:)' is deprecated: Use String(decoding: array, as: UTF8.self) instead, after truncating the null termination. [#DeprecatedDeclaration]
Build, sign, notarize, and verify	Run repository regression gate	2026-10-03T17:12:59.8136350Z     |                    `- warning: 'init(cString:)' is deprecated: Use String(decoding: array, as: UTF8.self) instead, after truncating the null termination. [#DeprecatedDeclaration]
Build, sign, notarize, and verify	Run repository regression gate	2026-10-03T17:12:59.8176080Z <release-source-root>/Tests/HostwrightSchedulerTests/Phase10SchedulerQualificationConfiguration.swift:258:20: warning: 'init(cString:)' is deprecated: Use String(decoding: array, as: UTF8.self) instead, after truncating the null termination. [#DeprecatedDeclaration]
Build, sign, notarize, and verify	Run repository regression gate	2026-10-03T17:12:59.8182740Z     |                    `- warning: 'init(cString:)' is deprecated: Use String(decoding: array, as: UTF8.self) instead, after truncating the null termination. [#DeprecatedDeclaration]
Build, sign, notarize, and verify	Run repository regression gate	2026-10-03T17:12:59.8218250Z <release-source-root>/Tests/HostwrightSchedulerTests/Phase10SchedulerQualificationConfiguration.swift:258:20: warning: 'init(cString:)' is deprecated: Use String(decoding: array, as: UTF8.self) instead, after truncating the null termination. [#DeprecatedDeclaration]
Build, sign, notarize, and verify	Run repository regression gate	2026-10-03T17:12:59.8219530Z     |                    `- warning: 'init(cString:)' is deprecated: Use String(decoding: array, as: UTF8.self) instead, after truncating the null termination. [#DeprecatedDeclaration]
Build, sign, notarize, and verify	Run repository regression gate	2026-10-03T17:12:59.8259300Z <release-source-root>/Tests/HostwrightSchedulerTests/Phase10SchedulerQualificationConfiguration.swift:258:20: warning: 'init(cString:)' is deprecated: Use String(decoding: array, as: UTF8.self) instead, after truncating the null termination. [#DeprecatedDeclaration]
Build, sign, notarize, and verify	Run repository regression gate	2026-10-03T17:12:59.8260760Z     |                    `- warning: 'init(cString:)' is deprecated: Use String(decoding: array, as: UTF8.self) instead, after truncating the null termination. [#DeprecatedDeclaration]
Build, sign, notarize, and verify	Run repository regression gate	2026-10-03T17:12:59.8302680Z <release-source-root>/Tests/HostwrightSchedulerTests/Phase10SchedulerQualificationConfiguration.swift:258:20: warning: 'init(cString:)' is deprecated: Use String(decoding: array, as: UTF8.self) instead, after truncating the null termination. [#DeprecatedDeclaration]
Build, sign, notarize, and verify	Run repository regression gate	2026-10-03T17:12:59.8304470Z     |                    `- warning: 'init(cString:)' is deprecated: Use String(decoding: array, as: UTF8.self) instead, after truncating the null termination. [#DeprecatedDeclaration]
Build, sign, notarize, and verify	Run repository regression gate	2026-10-03T17:12:59.8344260Z <release-source-root>/Tests/HostwrightSchedulerTests/Phase10SchedulerQualificationConfiguration.swift:258:20: warning: 'init(cString:)' is deprecated: Use String(decoding: array, as: UTF8.self) instead, after truncating the null termination. [#DeprecatedDeclaration]
Build, sign, notarize, and verify	Run repository regression gate	2026-10-03T17:12:59.8345820Z     |                    `- warning: 'init(cString:)' is deprecated: Use String(decoding: array, as: UTF8.self) instead, after truncating the null termination. [#DeprecatedDeclaration]
Build, sign, notarize, and verify	Run repository regression gate	2026-10-03T17:12:59.8386360Z <release-source-root>/Tests/HostwrightSchedulerTests/Phase10SchedulerQualificationConfiguration.swift:258:20: warning: 'init(cString:)' is deprecated: Use String(decoding: array, as: UTF8.self) instead, after truncating the null termination. [#DeprecatedDeclaration]
Build, sign, notarize, and verify	Run repository regression gate	2026-10-03T17:12:59.8387830Z     |                    `- warning: 'init(cString:)' is deprecated: Use String(decoding: array, as: UTF8.self) instead, after truncating the null termination. [#DeprecatedDeclaration]
Build, sign, notarize, and verify	Run repository regression gate	2026-10-03T17:12:59.8427450Z <release-source-root>/Tests/HostwrightSchedulerTests/Phase10SchedulerQualificationConfiguration.swift:258:20: warning: 'init(cString:)' is deprecated: Use String(decoding: array, as: UTF8.self) instead, after truncating the null termination. [#DeprecatedDeclaration]
Build, sign, notarize, and verify	Run repository regression gate	2026-10-03T17:12:59.8428860Z     |                    `- warning: 'init(cString:)' is deprecated: Use String(decoding: array, as: UTF8.self) instead, after truncating the null termination. [#DeprecatedDeclaration]
Build, sign, notarize, and verify	Run repository regression gate	2026-10-03T17:12:59.8469130Z <release-source-root>/Tests/HostwrightSchedulerTests/Phase10SchedulerQualificationConfiguration.swift:258:20: warning: 'init(cString:)' is deprecated: Use String(decoding: array, as: UTF8.self) instead, after truncating the null termination. [#DeprecatedDeclaration]
Build, sign, notarize, and verify	Run repository regression gate	2026-10-03T17:12:59.8470630Z     |                    `- warning: 'init(cString:)' is deprecated: Use String(decoding: array, as: UTF8.self) instead, after truncating the null termination. [#DeprecatedDeclaration]
Build, sign, notarize, and verify	Run repository regression gate	2026-10-03T17:12:59.8513430Z <release-source-root>/Tests/HostwrightSchedulerTests/Phase10SchedulerQualificationConfiguration.swift:258:20: warning: 'init(cString:)' is deprecated: Use String(decoding: array, as: UTF8.self) instead, after truncating the null termination. [#DeprecatedDeclaration]
Build, sign, notarize, and verify	Run repository regression gate	2026-10-03T17:12:59.8514910Z     |                    `- warning: 'init(cString:)' is deprecated: Use String(decoding: array, as: UTF8.self) instead, after truncating the null termination. [#DeprecatedDeclaration]
Build, sign, notarize, and verify	Run repository regression gate	2026-10-03T17:13:29.6164080Z <release-source-root>/Tests/HostwrightDistributionTests/DistributionIntegrationTests.swift:799:17: warning: initialization of immutable value 'repository' was never used; consider replacing with assignment to '_' or removing it [#no-usage]
Build, sign, notarize, and verify	Run repository regression gate	2026-10-03T17:13:29.6165530Z      |                 `- warning: initialization of immutable value 'repository' was never used; consider replacing with assignment to '_' or removing it [#no-usage]
Build, sign, notarize, and verify	Run repository regression gate	2026-10-03T17:13:29.6197870Z <release-source-root>/Tests/HostwrightDistributionTests/DistributionIntegrationTests.swift:799:17: warning: initialization of immutable value 'repository' was never used; consider replacing with assignment to '_' or removing it [#no-usage]
Build, sign, notarize, and verify	Run repository regression gate	2026-10-03T17:13:29.6199340Z      |                 `- warning: initialization of immutable value 'repository' was never used; consider replacing with assignment to '_' or removing it [#no-usage]
Build, sign, notarize, and verify	Run repository regression gate	2026-10-03T17:13:29.6231450Z <release-source-root>/Tests/HostwrightDistributionTests/DistributionIntegrationTests.swift:799:17: warning: initialization of immutable value 'repository' was never used; consider replacing with assignment to '_' or removing it [#no-usage]
Build, sign, notarize, and verify	Run repository regression gate	2026-10-03T17:13:29.6232830Z      |                 `- warning: initialization of immutable value 'repository' was never used; consider replacing with assignment to '_' or removing it [#no-usage]
Build, sign, notarize, and verify	Run repository regression gate	2026-10-03T17:13:29.6264880Z <release-source-root>/Tests/HostwrightDistributionTests/DistributionIntegrationTests.swift:799:17: warning: initialization of immutable value 'repository' was never used; consider replacing with assignment to '_' or removing it [#no-usage]
Build, sign, notarize, and verify	Run repository regression gate	2026-10-03T17:13:29.6266250Z      |                 `- warning: initialization of immutable value 'repository' was never used; consider replacing with assignment to '_' or removing it [#no-usage]
Build, sign, notarize, and verify	Run repository regression gate	2026-10-03T17:13:29.6298380Z <release-source-root>/Tests/HostwrightDistributionTests/DistributionIntegrationTests.swift:799:17: warning: initialization of immutable value 'repository' was never used; consider replacing with assignment to '_' or removing it [#no-usage]
Build, sign, notarize, and verify	Run repository regression gate	2026-10-03T17:13:29.6303860Z      |                 `- warning: initialization of immutable value 'repository' was never used; consider replacing with assignment to '_' or removing it [#no-usage]
Build, sign, notarize, and verify	Run repository regression gate	2026-10-03T17:13:29.6331800Z <release-source-root>/Tests/HostwrightDistributionTests/DistributionIntegrationTests.swift:799:17: warning: initialization of immutable value 'repository' was never used; consider replacing with assignment to '_' or removing it [#no-usage]
Build, sign, notarize, and verify	Run repository regression gate	2026-10-03T17:13:29.6333200Z      |                 `- warning: initialization of immutable value 'repository' was never used; consider replacing with assignment to '_' or removing it [#no-usage]
Build, sign, notarize, and verify	Run repository regression gate	2026-10-03T17:13:29.6365330Z <release-source-root>/Tests/HostwrightDistributionTests/DistributionIntegrationTests.swift:799:17: warning: initialization of immutable value 'repository' was never used; consider replacing with assignment to '_' or removing it [#no-usage]
Build, sign, notarize, and verify	Run repository regression gate	2026-10-03T17:13:29.6366960Z      |                 `- warning: initialization of immutable value 'repository' was never used; consider replacing with assignment to '_' or removing it [#no-usage]
Build, sign, notarize, and verify	Run repository regression gate	2026-10-03T17:13:29.6398410Z <release-source-root>/Tests/HostwrightDistributionTests/DistributionIntegrationTests.swift:799:17: warning: initialization of immutable value 'repository' was never used; consider replacing with assignment to '_' or removing it [#no-usage]
Build, sign, notarize, and verify	Run repository regression gate	2026-10-03T17:13:29.6399790Z      |                 `- warning: initialization of immutable value 'repository' was never used; consider replacing with assignment to '_' or removing it [#no-usage]
Build, sign, notarize, and verify	Run repository regression gate	2026-10-03T17:13:29.6432070Z <release-source-root>/Tests/HostwrightDistributionTests/DistributionIntegrationTests.swift:799:17: warning: initialization of immutable value 'repository' was never used; consider replacing with assignment to '_' or removing it [#no-usage]
Build, sign, notarize, and verify	Run repository regression gate	2026-10-03T17:13:29.6433440Z      |                 `- warning: initialization of immutable value 'repository' was never used; consider replacing with assignment to '_' or removing it [#no-usage]
Build, sign, notarize, and verify	Run repository regression gate	2026-10-03T17:13:29.6466250Z <release-source-root>/Tests/HostwrightDistributionTests/DistributionIntegrationTests.swift:799:17: warning: initialization of immutable value 'repository' was never used; consider replacing with assignment to '_' or removing it [#no-usage]
Build, sign, notarize, and verify	Run repository regression gate	2026-10-03T17:13:29.6467780Z      |                 `- warning: initialization of immutable value 'repository' was never used; consider replacing with assignment to '_' or removing it [#no-usage]
Build, sign, notarize, and verify	Run repository regression gate	2026-10-03T17:13:29.6498810Z <release-source-root>/Tests/HostwrightDistributionTests/DistributionIntegrationTests.swift:799:17: warning: initialization of immutable value 'repository' was never used; consider replacing with assignment to '_' or removing it [#no-usage]
Build, sign, notarize, and verify	Run repository regression gate	2026-10-03T17:13:29.6500160Z      |                 `- warning: initialization of immutable value 'repository' was never used; consider replacing with assignment to '_' or removing it [#no-usage]
Build, sign, notarize, and verify	Run repository regression gate	2026-10-03T17:13:29.6531200Z <release-source-root>/Tests/HostwrightDistributionTests/DistributionIntegrationTests.swift:799:17: warning: initialization of immutable value 'repository' was never used; consider replacing with assignment to '_' or removing it [#no-usage]
Build, sign, notarize, and verify	Run repository regression gate	2026-10-03T17:13:29.6532530Z      |                 `- warning: initialization of immutable value 'repository' was never used; consider replacing with assignment to '_' or removing it [#no-usage]
Build, sign, notarize, and verify	Run repository regression gate	2026-10-03T17:14:06.5722530Z <release-source-root>/Tests/HostwrightCLITests/RuntimeProvidersCommandTests.swift:19:18: warning: weak variable 'retainedClient' was never mutated; consider changing to 'let' constant [#WeakMutability]
Build, sign, notarize, and verify	Run repository regression gate	2026-10-03T17:14:06.5723840Z     |                  `- warning: weak variable 'retainedClient' was never mutated; consider changing to 'let' constant [#WeakMutability]
Build, sign, notarize, and verify	Run repository regression gate	2026-10-03T17:14:06.5751260Z <release-source-root>/Tests/HostwrightCLITests/RuntimeProvidersCommandTests.swift:19:18: warning: weak variable 'retainedClient' was never mutated; consider changing to 'let' constant [#WeakMutability]
Build, sign, notarize, and verify	Run repository regression gate	2026-10-03T17:14:06.5752820Z     |                  `- warning: weak variable 'retainedClient' was never mutated; consider changing to 'let' constant [#WeakMutability]
Build, sign, notarize, and verify	Run repository regression gate	2026-10-03T17:14:06.5780420Z <release-source-root>/Tests/HostwrightCLITests/RuntimeProvidersCommandTests.swift:19:18: warning: weak variable 'retainedClient' was never mutated; consider changing to 'let' constant [#WeakMutability]
Build, sign, notarize, and verify	Run repository regression gate	2026-10-03T17:14:06.5781590Z     |                  `- warning: weak variable 'retainedClient' was never mutated; consider changing to 'let' constant [#WeakMutability]
Build, sign, notarize, and verify	Run repository regression gate	2026-10-03T17:14:06.5809650Z <release-source-root>/Tests/HostwrightCLITests/RuntimeProvidersCommandTests.swift:19:18: warning: weak variable 'retainedClient' was never mutated; consider changing to 'let' constant [#WeakMutability]
Build, sign, notarize, and verify	Run repository regression gate	2026-10-03T17:14:06.5810820Z     |                  `- warning: weak variable 'retainedClient' was never mutated; consider changing to 'let' constant [#WeakMutability]
Build, sign, notarize, and verify	Run repository regression gate	2026-10-03T17:14:06.5838960Z <release-source-root>/Tests/HostwrightCLITests/RuntimeProvidersCommandTests.swift:19:18: warning: weak variable 'retainedClient' was never mutated; consider changing to 'let' constant [#WeakMutability]
Build, sign, notarize, and verify	Run repository regression gate	2026-10-03T17:14:06.5840250Z     |                  `- warning: weak variable 'retainedClient' was never mutated; consider changing to 'let' constant [#WeakMutability]
Build, sign, notarize, and verify	Run repository regression gate	2026-10-03T17:14:06.5867620Z <release-source-root>/Tests/HostwrightCLITests/RuntimeProvidersCommandTests.swift:19:18: warning: weak variable 'retainedClient' was never mutated; consider changing to 'let' constant [#WeakMutability]
Build, sign, notarize, and verify	Run repository regression gate	2026-10-03T17:14:06.5868780Z     |                  `- warning: weak variable 'retainedClient' was never mutated; consider changing to 'let' constant [#WeakMutability]
Build, sign, notarize, and verify	Run repository regression gate	2026-10-03T17:14:06.5897040Z <release-source-root>/Tests/HostwrightCLITests/RuntimeProvidersCommandTests.swift:19:18: warning: weak variable 'retainedClient' was never mutated; consider changing to 'let' constant [#WeakMutability]
Build, sign, notarize, and verify	Run repository regression gate	2026-10-03T17:14:06.5898200Z     |                  `- warning: weak variable 'retainedClient' was never mutated; consider changing to 'let' constant [#WeakMutability]
Build, sign, notarize, and verify	Run repository regression gate	2026-10-03T17:14:06.5925780Z <release-source-root>/Tests/HostwrightCLITests/RuntimeProvidersCommandTests.swift:19:18: warning: weak variable 'retainedClient' was never mutated; consider changing to 'let' constant [#WeakMutability]
Build, sign, notarize, and verify	Run repository regression gate	2026-10-03T17:14:06.5926950Z     |                  `- warning: weak variable 'retainedClient' was never mutated; consider changing to 'let' constant [#WeakMutability]
Build, sign, notarize, and verify	Run repository regression gate	2026-10-03T17:14:06.5954960Z <release-source-root>/Tests/HostwrightCLITests/RuntimeProvidersCommandTests.swift:19:18: warning: weak variable 'retainedClient' was never mutated; consider changing to 'let' constant [#WeakMutability]
Build, sign, notarize, and verify	Run repository regression gate	2026-10-03T17:14:06.5956120Z     |                  `- warning: weak variable 'retainedClient' was never mutated; consider changing to 'let' constant [#WeakMutability]
Build, sign, notarize, and verify	Run repository regression gate	2026-10-03T17:14:06.5988680Z <release-source-root>/Tests/HostwrightCLITests/RuntimeProvidersCommandTests.swift:19:18: warning: weak variable 'retainedClient' was never mutated; consider changing to 'let' constant [#WeakMutability]
Build, sign, notarize, and verify	Run repository regression gate	2026-10-03T17:14:06.5989960Z     |                  `- warning: weak variable 'retainedClient' was never mutated; consider changing to 'let' constant [#WeakMutability]
Build, sign, notarize, and verify	Run repository regression gate	2026-10-03T17:14:06.6013060Z <release-source-root>/Tests/HostwrightCLITests/RuntimeProvidersCommandTests.swift:19:18: warning: weak variable 'retainedClient' was never mutated; consider changing to 'let' constant [#WeakMutability]
Build, sign, notarize, and verify	Run repository regression gate	2026-10-03T17:14:06.6014210Z     |                  `- warning: weak variable 'retainedClient' was never mutated; consider changing to 'let' constant [#WeakMutability]
Build, sign, notarize, and verify	Run repository regression gate	2026-10-03T17:14:06.6042140Z <release-source-root>/Tests/HostwrightCLITests/RuntimeProvidersCommandTests.swift:19:18: warning: weak variable 'retainedClient' was never mutated; consider changing to 'let' constant [#WeakMutability]
Build, sign, notarize, and verify	Run repository regression gate	2026-10-03T17:14:06.6043280Z     |                  `- warning: weak variable 'retainedClient' was never mutated; consider changing to 'let' constant [#WeakMutability]
Build, sign, notarize, and verify	Run repository regression gate	2026-10-03T17:14:06.6071460Z <release-source-root>/Tests/HostwrightCLITests/RuntimeProvidersCommandTests.swift:19:18: warning: weak variable 'retainedClient' was never mutated; consider changing to 'let' constant [#WeakMutability]
Build, sign, notarize, and verify	Run repository regression gate	2026-10-03T17:14:06.6072780Z     |                  `- warning: weak variable 'retainedClient' was never mutated; consider changing to 'let' constant [#WeakMutability]
Build, sign, notarize, and verify	Run repository regression gate	2026-10-03T17:14:06.6100290Z <release-source-root>/Tests/HostwrightCLITests/RuntimeProvidersCommandTests.swift:19:18: warning: weak variable 'retainedClient' was never mutated; consider changing to 'let' constant [#WeakMutability]
Build, sign, notarize, and verify	Run repository regression gate	2026-10-03T17:14:06.6101440Z     |                  `- warning: weak variable 'retainedClient' was never mutated; consider changing to 'let' constant [#WeakMutability]
Build, sign, notarize, and verify	Run repository regression gate	2026-10-03T17:14:06.6129460Z <release-source-root>/Tests/HostwrightCLITests/RuntimeProvidersCommandTests.swift:19:18: warning: weak variable 'retainedClient' was never mutated; consider changing to 'let' constant [#WeakMutability]
Build, sign, notarize, and verify	Run repository regression gate	2026-10-03T17:14:06.6130580Z     |                  `- warning: weak variable 'retainedClient' was never mutated; consider changing to 'let' constant [#WeakMutability]
Build, sign, notarize, and verify	Run repository regression gate	2026-10-03T17:14:06.6158180Z <release-source-root>/Tests/HostwrightCLITests/RuntimeProvidersCommandTests.swift:19:18: warning: weak variable 'retainedClient' was never mutated; consider changing to 'let' constant [#WeakMutability]
Build, sign, notarize, and verify	Run repository regression gate	2026-10-03T17:14:06.6159320Z     |                  `- warning: weak variable 'retainedClient' was never mutated; consider changing to 'let' constant [#WeakMutability]
Build, sign, notarize, and verify	Run repository regression gate	2026-10-03T17:14:06.6187060Z <release-source-root>/Tests/HostwrightCLITests/RuntimeProvidersCommandTests.swift:19:18: warning: weak variable 'retainedClient' was never mutated; consider changing to 'let' constant [#WeakMutability]
Build, sign, notarize, and verify	Run repository regression gate	2026-10-03T17:14:06.6188190Z     |                  `- warning: weak variable 'retainedClient' was never mutated; consider changing to 'let' constant [#WeakMutability]
Build, sign, notarize, and verify	Run repository regression gate	2026-10-03T17:14:06.6215740Z <release-source-root>/Tests/HostwrightCLITests/RuntimeProvidersCommandTests.swift:19:18: warning: weak variable 'retainedClient' was never mutated; consider changing to 'let' constant [#WeakMutability]
Build, sign, notarize, and verify	Run repository regression gate	2026-10-03T17:14:06.6216880Z     |                  `- warning: weak variable 'retainedClient' was never mutated; consider changing to 'let' constant [#WeakMutability]
Build, sign, notarize, and verify	Run repository regression gate	2026-10-03T17:14:06.6244780Z <release-source-root>/Tests/HostwrightCLITests/RuntimeProvidersCommandTests.swift:19:18: warning: weak variable 'retainedClient' was never mutated; consider changing to 'let' constant [#WeakMutability]
Build, sign, notarize, and verify	Run repository regression gate	2026-10-03T17:14:06.6245930Z     |                  `- warning: weak variable 'retainedClient' was never mutated; consider changing to 'let' constant [#WeakMutability]
Build, sign, notarize, and verify	Run repository regression gate	2026-10-03T17:14:17.5728910Z 	 Executed 6 tests, with 0 failures (0 unexpected) in 0.359 (0.359) seconds
Build, sign, notarize, and verify	Run repository regression gate	2026-10-03T17:14:17.5732150Z 	 Executed 2 tests, with 0 failures (0 unexpected) in 0.128 (0.128) seconds
Build, sign, notarize, and verify	Run repository regression gate	2026-10-03T17:14:17.5741790Z 	 Executed 6 tests, with 0 failures (0 unexpected) in 0.703 (0.704) seconds
Build, sign, notarize, and verify	Run repository regression gate	2026-10-03T17:14:17.5746320Z 	 Executed 3 tests, with 0 failures (0 unexpected) in 0.218 (0.218) seconds
Build, sign, notarize, and verify	Run repository regression gate	2026-10-03T17:14:17.5757040Z 	 Executed 9 tests, with 0 failures (0 unexpected) in 0.440 (0.440) seconds
Build, sign, notarize, and verify	Run repository regression gate	2026-10-03T17:14:17.5764680Z 	 Executed 6 tests, with 0 failures (0 unexpected) in 0.396 (0.397) seconds
Build, sign, notarize, and verify	Run repository regression gate	2026-10-03T17:14:17.5772320Z 	 Executed 5 tests, with 0 failures (0 unexpected) in 0.083 (0.083) seconds
Build, sign, notarize, and verify	Run repository regression gate	2026-10-03T17:14:17.5776600Z 	 Executed 3 tests, with 0 failures (0 unexpected) in 0.052 (0.052) seconds
Build, sign, notarize, and verify	Run repository regression gate	2026-10-03T17:14:17.9425520Z 	 Executed 10 tests, with 0 failures (0 unexpected) in 0.149 (0.150) seconds
Build, sign, notarize, and verify	Run repository regression gate	2026-10-03T17:14:17.9431150Z 	 Executed 3 tests, with 0 failures (0 unexpected) in 0.001 (0.001) seconds
Build, sign, notarize, and verify	Run repository regression gate	2026-10-03T17:14:17.9443140Z 	 Executed 9 tests, with 0 failures (0 unexpected) in 0.012 (0.013) seconds
Build, sign, notarize, and verify	Run repository regression gate	2026-10-03T17:14:17.9456060Z 	 Executed 10 tests, with 0 failures (0 unexpected) in 0.187 (0.188) seconds
Build, sign, notarize, and verify	Run repository regression gate	2026-10-03T17:14:17.9461870Z 	 Executed 4 tests, with 0 failures (0 unexpected) in 0.001 (0.002) seconds
Build, sign, notarize, and verify	Run repository regression gate	2026-10-03T17:14:17.9465910Z 	 Executed 2 tests, with 0 failures (0 unexpected) in 0.135 (0.135) seconds
Build, sign, notarize, and verify	Run repository regression gate	2026-10-03T17:14:17.9493710Z 	 Executed 12 tests, with 0 failures (0 unexpected) in 0.027 (0.028) seconds
Build, sign, notarize, and verify	Run repository regression gate	2026-10-03T17:14:21.6750250Z 	 Executed 11 tests, with 0 failures (0 unexpected) in 0.003 (0.003) seconds
Build, sign, notarize, and verify	Run repository regression gate	2026-10-03T17:14:21.6764040Z 	 Executed 6 tests, with 0 failures (0 unexpected) in 0.516 (0.517) seconds
Build, sign, notarize, and verify	Run repository regression gate	2026-10-03T17:14:21.6779330Z 	 Executed 8 tests, with 0 failures (0 unexpected) in 0.004 (0.004) seconds
Build, sign, notarize, and verify	Run repository regression gate	2026-10-03T17:14:21.6784180Z 	 Executed 3 tests, with 0 failures (0 unexpected) in 0.031 (0.031) seconds
Build, sign, notarize, and verify	Run repository regression gate	2026-10-03T17:14:21.6803340Z 	 Executed 10 tests, with 0 failures (0 unexpected) in 1.920 (1.922) seconds
Build, sign, notarize, and verify	Run repository regression gate	2026-10-03T17:14:21.6832440Z 	 Executed 17 tests, with 0 failures (0 unexpected) in 0.419 (0.420) seconds
Build, sign, notarize, and verify	Run repository regression gate	2026-10-03T17:14:21.6835090Z 	 Executed 1 test, with 0 failures (0 unexpected) in 0.825 (0.825) seconds
Build, sign, notarize, and verify	Run repository regression gate	2026-10-03T17:14:23.9514550Z 	 Executed 2 tests, with 0 failures (0 unexpected) in 0.013 (0.014) seconds
Build, sign, notarize, and verify	Run repository regression gate	2026-10-03T17:14:23.9530910Z 	 Executed 10 tests, with 0 failures (0 unexpected) in 0.020 (0.021) seconds
Build, sign, notarize, and verify	Run repository regression gate	2026-10-03T17:14:23.9535090Z 	 Executed 2 tests, with 0 failures (0 unexpected) in 0.006 (0.006) seconds
Build, sign, notarize, and verify	Run repository regression gate	2026-10-03T17:14:23.9540120Z 	 Executed 3 tests, with 0 failures (0 unexpected) in 0.001 (0.001) seconds
Build, sign, notarize, and verify	Run repository regression gate	2026-10-03T17:14:23.9552510Z 	 Executed 9 tests, with 0 failures (0 unexpected) in 0.366 (0.367) seconds
Build, sign, notarize, and verify	Run repository regression gate	2026-10-03T17:14:23.9575760Z 	 Executed 17 tests, with 0 failures (0 unexpected) in 1.254 (1.256) seconds
Build, sign, notarize, and verify	Run repository regression gate	2026-10-03T17:14:23.9582630Z 	 Executed 5 tests, with 0 failures (0 unexpected) in 0.358 (0.359) seconds
Build, sign, notarize, and verify	Run repository regression gate	2026-10-03T17:14:23.9586600Z 	 Executed 2 tests, with 0 failures (0 unexpected) in 0.225 (0.225) seconds
Build, sign, notarize, and verify	Run repository regression gate	2026-10-03T17:14:24.1626470Z 	 Executed 39 tests, with 0 failures (0 unexpected) in 0.212 (0.215) seconds
Build, sign, notarize, and verify	Run repository regression gate	2026-10-03T17:14:25.1688250Z 	 Executed 12 tests, with 0 failures (0 unexpected) in 0.031 (0.032) seconds
Build, sign, notarize, and verify	Run repository regression gate	2026-10-03T17:14:25.1694100Z 	 Executed 4 tests, with 0 failures (0 unexpected) in 0.001 (0.001) seconds
Build, sign, notarize, and verify	Run repository regression gate	2026-10-03T17:14:25.1701190Z 	 Executed 5 tests, with 0 failures (0 unexpected) in 0.008 (0.008) seconds
Build, sign, notarize, and verify	Run repository regression gate	2026-10-03T17:14:25.1717880Z 	 Executed 13 tests, with 0 failures (0 unexpected) in 0.083 (0.084) seconds
Build, sign, notarize, and verify	Run repository regression gate	2026-10-03T17:14:26.4917940Z 	 Executed 33 tests, with 0 failures (0 unexpected) in 1.024 (1.027) seconds
Build, sign, notarize, and verify	Run repository regression gate	2026-10-03T17:14:26.4924650Z 	 Executed 4 tests, with 0 failures (0 unexpected) in 0.005 (0.005) seconds
Build, sign, notarize, and verify	Run repository regression gate	2026-10-03T17:14:26.4940710Z 	 Executed 12 tests, with 0 failures (0 unexpected) in 0.089 (0.090) seconds
Build, sign, notarize, and verify	Run repository regression gate	2026-10-03T17:14:26.4957040Z 	 Executed 12 tests, with 0 failures (0 unexpected) in 0.436 (0.438) seconds
Build, sign, notarize, and verify	Run repository regression gate	2026-10-03T17:14:26.4961180Z 	 Executed 2 tests, with 0 failures (0 unexpected) in 0.013 (0.013) seconds
Build, sign, notarize, and verify	Run repository regression gate	2026-10-03T17:14:26.4971900Z 	 Executed 9 tests, with 0 failures (0 unexpected) in 0.599 (0.600) seconds
Build, sign, notarize, and verify	Run repository regression gate	2026-10-03T17:14:26.4980910Z 	 Executed 4 tests, with 0 failures (0 unexpected) in 0.002 (0.002) seconds
Build, sign, notarize, and verify	Run repository regression gate	2026-10-03T17:14:29.8333220Z 	 Executed 8 tests, with 0 failures (0 unexpected) in 0.121 (0.122) seconds
Build, sign, notarize, and verify	Run repository regression gate	2026-10-03T17:14:29.8343960Z 	 Executed 9 tests, with 0 failures (0 unexpected) in 0.419 (0.420) seconds
Build, sign, notarize, and verify	Run repository regression gate	2026-10-03T17:14:29.8348320Z 	 Executed 3 tests, with 0 failures (0 unexpected) in 0.236 (0.237) seconds
Build, sign, notarize, and verify	Run repository regression gate	2026-10-03T17:14:29.8361390Z 	 Executed 11 tests, with 0 failures (0 unexpected) in 0.725 (0.726) seconds
Build, sign, notarize, and verify	Run repository regression gate	2026-10-03T17:14:29.8364640Z 	 Executed 2 tests, with 0 failures (0 unexpected) in 0.103 (0.103) seconds
Build, sign, notarize, and verify	Run repository regression gate	2026-10-03T17:14:29.8373680Z 	 Executed 7 tests, with 0 failures (0 unexpected) in 1.663 (1.664) seconds
Build, sign, notarize, and verify	Run repository regression gate	2026-10-03T17:14:29.8378490Z 	 Executed 4 tests, with 0 failures (0 unexpected) in 0.129 (0.130) seconds
Build, sign, notarize, and verify	Run repository regression gate	2026-10-03T17:14:30.5027450Z 	 Executed 21 tests, with 0 failures (0 unexpected) in 0.004 (0.006) seconds
Build, sign, notarize, and verify	Run repository regression gate	2026-10-03T17:14:30.5046800Z 	 Executed 18 tests, with 0 failures (0 unexpected) in 0.013 (0.014) seconds
Build, sign, notarize, and verify	Run repository regression gate	2026-10-03T17:14:30.5051980Z 	 Executed 4 tests, with 0 failures (0 unexpected) in 0.002 (0.002) seconds
Build, sign, notarize, and verify	Run repository regression gate	2026-10-03T17:14:30.5056960Z 	 Executed 4 tests, with 0 failures (0 unexpected) in 0.003 (0.003) seconds
Build, sign, notarize, and verify	Run repository regression gate	2026-10-03T17:14:30.5059850Z 	 Executed 2 tests, with 0 failures (0 unexpected) in 0.001 (0.001) seconds
Build, sign, notarize, and verify	Run repository regression gate	2026-10-03T17:14:30.5062610Z 	 Executed 2 tests, with 0 failures (0 unexpected) in 0.002 (0.002) seconds
Build, sign, notarize, and verify	Run repository regression gate	2026-10-03T17:14:30.5065740Z 	 Executed 2 tests, with 0 failures (0 unexpected) in 0.001 (0.001) seconds
Build, sign, notarize, and verify	Run repository regression gate	2026-10-03T17:14:30.8771520Z 	 Executed 15 tests, with 0 failures (0 unexpected) in 0.975 (0.976) seconds
Build, sign, notarize, and verify	Run repository regression gate	2026-10-03T17:14:30.8792510Z 	 Executed 16 tests, with 0 failures (0 unexpected) in 0.015 (0.016) seconds
Build, sign, notarize, and verify	Run repository regression gate	2026-10-03T17:14:30.8805560Z 	 Executed 9 tests, with 0 failures (0 unexpected) in 0.003 (0.003) seconds
Build, sign, notarize, and verify	Run repository regression gate	2026-10-03T17:14:30.8811020Z 	 Executed 5 tests, with 0 failures (0 unexpected) in 0.010 (0.010) seconds
Build, sign, notarize, and verify	Run repository regression gate	2026-10-03T17:14:30.8817860Z 	 Executed 6 tests, with 0 failures (0 unexpected) in 0.005 (0.006) seconds
Build, sign, notarize, and verify	Run repository regression gate	2026-10-03T17:14:30.8827580Z 	 Executed 8 tests, with 0 failures (0 unexpected) in 0.006 (0.007) seconds
Build, sign, notarize, and verify	Run repository regression gate	2026-10-03T17:14:30.8832350Z 	 Executed 3 tests, with 0 failures (0 unexpected) in 0.001 (0.001) seconds
Build, sign, notarize, and verify	Run repository regression gate	2026-10-03T17:14:34.0515730Z 	 Executed 9 tests, with 0 failures (0 unexpected) in 0.006 (0.007) seconds
Build, sign, notarize, and verify	Run repository regression gate	2026-10-03T17:14:34.0517510Z 	 Executed 1 test, with 0 failures (0 unexpected) in 0.005 (0.005) seconds
Build, sign, notarize, and verify	Run repository regression gate	2026-10-03T17:14:34.0521110Z 	 Executed 3 tests, with 0 failures (0 unexpected) in 0.001 (0.001) seconds
Build, sign, notarize, and verify	Run repository regression gate	2026-10-03T17:14:34.0525940Z 	 Executed 4 tests, with 0 failures (0 unexpected) in 0.001 (0.001) seconds
Build, sign, notarize, and verify	Run repository regression gate	2026-10-03T17:14:34.0529020Z 	 Executed 2 tests, with 0 failures (0 unexpected) in 0.000 (0.001) seconds
Build, sign, notarize, and verify	Run repository regression gate	2026-10-03T17:14:34.0535290Z 	 Executed 5 tests, with 0 failures (0 unexpected) in 0.117 (0.118) seconds
Build, sign, notarize, and verify	Run repository regression gate	2026-10-03T17:14:34.0543170Z 	 Executed 5 tests, with 0 failures (0 unexpected) in 0.690 (0.691) seconds
Build, sign, notarize, and verify	Run repository regression gate	2026-10-03T17:14:34.0563520Z 	 Executed 16 tests, with 0 failures (0 unexpected) in 2.348 (2.350) seconds
Build, sign, notarize, and verify	Run repository regression gate	2026-10-03T17:14:46.8660000Z 	 Executed 7 tests, with 0 failures (0 unexpected) in 0.003 (0.003) seconds
Build, sign, notarize, and verify	Run repository regression gate	2026-10-03T17:14:46.8700680Z 	 Executed 33 tests, with 0 failures (0 unexpected) in 0.536 (0.539) seconds
Build, sign, notarize, and verify	Run repository regression gate	2026-10-03T17:14:46.8724720Z 	 Executed 17 tests, with 0 failures (0 unexpected) in 12.134 (12.135) seconds
Build, sign, notarize, and verify	Run repository regression gate	2026-10-03T17:14:49.7745030Z 	 Executed 3 tests, with 0 failures (0 unexpected) in 0.205 (0.206) seconds
Build, sign, notarize, and verify	Run repository regression gate	2026-10-03T17:14:49.7751380Z 	 Executed 4 tests, with 0 failures (0 unexpected) in 0.003 (0.004) seconds
Build, sign, notarize, and verify	Run repository regression gate	2026-10-03T17:14:49.7759080Z 	 Executed 5 tests, with 0 failures (0 unexpected) in 0.005 (0.005) seconds
Build, sign, notarize, and verify	Run repository regression gate	2026-10-03T17:14:49.7769100Z 	 Executed 7 tests, with 0 failures (0 unexpected) in 0.033 (0.034) seconds
Build, sign, notarize, and verify	Run repository regression gate	2026-10-03T17:14:49.7772840Z 	 Executed 1 test, with 0 failures (0 unexpected) in 2.678 (2.678) seconds
Build, sign, notarize, and verify	Run repository regression gate	2026-10-03T17:19:14.1629390Z 	 Executed 38 tests, with 0 failures (0 unexpected) in 0.143 (0.147) seconds
Build, sign, notarize, and verify	Run repository regression gate	2026-10-03T17:19:14.1642930Z 	 Executed 9 tests, with 0 failures (0 unexpected) in 0.033 (0.033) seconds
Build, sign, notarize, and verify	Run repository regression gate	2026-10-03T17:19:14.1654650Z 	 Executed 8 tests, with 0 failures (0 unexpected) in 0.013 (0.014) seconds
Build, sign, notarize, and verify	Run repository regression gate	2026-10-03T18:09:37.1903470Z 	 Executed 34 tests, with 0 failures (0 unexpected) in 296.646 (296.650) seconds
Build, sign, notarize, and verify	Run repository regression gate	2026-10-03T18:09:37.1923410Z 	 Executed 15 tests, with 0 failures (0 unexpected) in 2990.531 (2990.533) seconds
Build, sign, notarize, and verify	Run repository regression gate	2026-10-03T18:09:37.1929420Z 	 Executed 3 tests, with 0 failures (0 unexpected) in 0.006 (0.007) seconds
Build, sign, notarize, and verify	Run repository regression gate	2026-10-03T18:09:37.1947010Z 	 Executed 14 tests, with 0 failures (0 unexpected) in 0.012 (0.013) seconds
Build, sign, notarize, and verify	Run repository regression gate	2026-10-03T18:09:37.1959710Z 	 Executed 9 tests, with 0 failures (0 unexpected) in 0.004 (0.004) seconds
Build, sign, notarize, and verify	Run repository regression gate	2026-10-03T18:09:39.1411410Z 	 Executed 5 tests, with 0 failures (0 unexpected) in 0.335 (0.335) seconds
Build, sign, notarize, and verify	Run repository regression gate	2026-10-03T18:09:39.1416270Z 	 Executed 3 tests, with 0 failures (0 unexpected) in 0.103 (0.104) seconds
Build, sign, notarize, and verify	Run repository regression gate	2026-10-03T18:09:39.1420740Z 	 Executed 3 tests, with 0 failures (0 unexpected) in 0.168 (0.168) seconds
Build, sign, notarize, and verify	Run repository regression gate	2026-10-03T18:09:39.1450030Z 	 Executed 14 tests, with 0 failures (0 unexpected) in 1.013 (1.015) seconds
Build, sign, notarize, and verify	Run repository regression gate	2026-10-03T18:09:39.1459980Z 	 Executed 6 tests, with 0 failures (0 unexpected) in 0.326 (0.327) seconds
Build, sign, notarize, and verify	Run repository regression gate	2026-10-03T18:09:39.1463810Z 	 Executed 3 tests, with 0 failures (0 unexpected) in 0.001 (0.002) seconds
Build, sign, notarize, and verify	Run repository regression gate	2026-10-03T18:09:39.1472690Z 	 Executed 7 tests, with 0 failures (0 unexpected) in 0.005 (0.005) seconds
Build, sign, notarize, and verify	Run repository regression gate	2026-10-03T18:09:39.1476030Z 	 Executed 2 tests, with 0 failures (0 unexpected) in 0.033 (0.033) seconds
Build, sign, notarize, and verify	Run repository regression gate	2026-10-03T18:09:39.1481200Z 	 Executed 4 tests, with 0 failures (0 unexpected) in 0.004 (0.004) seconds
Build, sign, notarize, and verify	Run repository regression gate	2026-10-03T18:09:39.1483220Z 	 Executed 1 test, with 0 failures (0 unexpected) in 0.083 (0.083) seconds
Build, sign, notarize, and verify	Run repository regression gate	2026-10-03T18:09:39.1489130Z 	 Executed 5 tests, with 0 failures (0 unexpected) in 0.006 (0.007) seconds
Build, sign, notarize, and verify	Run repository regression gate	2026-10-03T18:09:41.6719160Z 	 Executed 4 tests, with 0 failures (0 unexpected) in 0.010 (0.011) seconds
Build, sign, notarize, and verify	Run repository regression gate	2026-10-03T18:09:41.6724690Z 	 Executed 4 tests, with 0 failures (0 unexpected) in 0.003 (0.004) seconds
Build, sign, notarize, and verify	Run repository regression gate	2026-10-03T18:09:41.6742800Z 	 Executed 16 tests, with 0 failures (0 unexpected) in 0.004 (0.005) seconds
Build, sign, notarize, and verify	Run repository regression gate	2026-10-03T18:09:41.6748590Z 	 Executed 5 tests, with 0 failures (0 unexpected) in 0.001 (0.001) seconds
Build, sign, notarize, and verify	Run repository regression gate	2026-10-03T18:09:58.0712960Z 	 Executed 95 tests, with 0 failures (0 unexpected) in 6.676 (6.686) seconds
Build, sign, notarize, and verify	Run repository regression gate	2026-10-03T18:09:58.0722630Z 	 Executed 7 tests, with 0 failures (0 unexpected) in 0.135 (0.136) seconds
Build, sign, notarize, and verify	Run repository regression gate	2026-10-03T18:09:58.0725270Z 	 Executed 2 tests, with 0 failures (0 unexpected) in 0.001 (0.001) seconds
Build, sign, notarize, and verify	Run repository regression gate	2026-10-03T18:09:58.0744870Z 	 Executed 15 tests, with 0 failures (0 unexpected) in 6.001 (6.004) seconds
Build, sign, notarize, and verify	Run repository regression gate	2026-10-03T18:10:02.5484160Z 	 Executed 40 tests, with 0 failures (0 unexpected) in 10.498 (10.503) seconds
Build, sign, notarize, and verify	Run repository regression gate	2026-10-03T18:10:02.5497550Z 	 Executed 12 tests, with 0 failures (0 unexpected) in 0.007 (0.008) seconds
Build, sign, notarize, and verify	Run repository regression gate	2026-10-03T18:10:02.5519730Z 	 Executed 22 tests, with 0 failures (0 unexpected) in 0.015 (0.017) seconds
Build, sign, notarize, and verify	Run repository regression gate	2026-10-03T18:10:02.6828600Z 	 Executed 40 tests, with 0 failures (0 unexpected) in 0.115 (0.117) seconds
Build, sign, notarize, and verify	Run repository regression gate	2026-10-03T18:10:02.6838300Z 	 Executed 9 tests, with 0 failures (0 unexpected) in 0.003 (0.004) seconds
Build, sign, notarize, and verify	Run repository regression gate	2026-10-03T18:10:02.6853190Z 	 Executed 13 tests, with 0 failures (0 unexpected) in 0.042 (0.042) seconds
Build, sign, notarize, and verify	Run repository regression gate	2026-10-03T18:10:08.9867770Z 	 Executed 12 tests, with 0 failures (0 unexpected) in 0.003 (0.004) seconds
Build, sign, notarize, and verify	Run repository regression gate	2026-10-03T18:10:08.9902050Z 	 Executed 33 tests, with 0 failures (0 unexpected) in 6.109 (6.111) seconds
Build, sign, notarize, and verify	Run repository regression gate	2026-10-03T18:10:12.0542440Z 	 Executed 72 tests, with 0 failures (0 unexpected) in 2.481 (2.488) seconds
Build, sign, notarize, and verify	Run repository regression gate	2026-10-03T18:10:16.1573130Z 	 Executed 8 tests, with 0 failures (0 unexpected) in 1.051 (1.052) seconds
Build, sign, notarize, and verify	Run repository regression gate	2026-10-03T18:10:16.1582100Z 	 Executed 8 tests, with 0 failures (0 unexpected) in 0.002 (0.003) seconds
Build, sign, notarize, and verify	Run repository regression gate	2026-10-03T18:10:16.1591180Z 	 Executed 8 tests, with 0 failures (0 unexpected) in 1.189 (1.190) seconds
Build, sign, notarize, and verify	Run repository regression gate	2026-10-03T18:10:16.1630100Z 	 Executed 39 tests, with 0 failures (0 unexpected) in 2.628 (2.632) seconds
Build, sign, notarize, and verify	Run repository regression gate	2026-10-03T18:10:16.1632190Z 	 Executed 1 test, with 0 failures (0 unexpected) in 0.000 (0.001) seconds
Build, sign, notarize, and verify	Run repository regression gate	2026-10-03T18:10:19.1905220Z 	 Executed 1 test, with 0 failures (0 unexpected) in 0.000 (0.000) seconds
Build, sign, notarize, and verify	Run repository regression gate	2026-10-03T18:10:19.1911180Z 	 Executed 4 tests, with 0 failures (0 unexpected) in 0.001 (0.002) seconds
Build, sign, notarize, and verify	Run repository regression gate	2026-10-03T18:10:19.1920730Z 	 Executed 8 tests, with 0 failures (0 unexpected) in 0.005 (0.006) seconds
Build, sign, notarize, and verify	Run repository regression gate	2026-10-03T18:10:19.1927580Z 	 Executed 5 tests, with 0 failures (0 unexpected) in 0.048 (0.049) seconds
Build, sign, notarize, and verify	Run repository regression gate	2026-10-03T18:10:19.1939650Z 	 Executed 11 tests, with 0 failures (0 unexpected) in 2.065 (2.067) seconds
Build, sign, notarize, and verify	Run repository regression gate	2026-10-03T18:10:19.1944790Z 	 Executed 5 tests, with 0 failures (0 unexpected) in 0.013 (0.014) seconds
Build, sign, notarize, and verify	Run repository regression gate	2026-10-03T18:10:19.1951580Z 	 Executed 6 tests, with 0 failures (0 unexpected) in 0.002 (0.002) seconds
Build, sign, notarize, and verify	Run repository regression gate	2026-10-03T18:10:19.1956270Z 	 Executed 4 tests, with 0 failures (0 unexpected) in 0.236 (0.237) seconds
Build, sign, notarize, and verify	Run repository regression gate	2026-10-03T18:10:21.4709670Z 	 Executed 15 tests, with 0 failures (0 unexpected) in 1.476 (1.477) seconds
Build, sign, notarize, and verify	Run repository regression gate	2026-10-03T18:10:21.4720280Z 	 Executed 10 tests, with 0 failures (0 unexpected) in 0.514 (0.515) seconds
Build, sign, notarize, and verify	Run repository regression gate	2026-10-03T18:10:21.4725160Z 	 Executed 4 tests, with 0 failures (0 unexpected) in 0.365 (0.366) seconds
Build, sign, notarize, and verify	Run repository regression gate	2026-10-03T18:10:21.4731910Z 	 Executed 6 tests, with 0 failures (0 unexpected) in 0.044 (0.045) seconds
Build, sign, notarize, and verify	Run repository regression gate	2026-10-03T18:10:21.4734920Z 	 Executed 2 tests, with 0 failures (0 unexpected) in 0.002 (0.002) seconds
Build, sign, notarize, and verify	Run repository regression gate	2026-10-03T18:10:21.4738300Z 	 Executed 2 tests, with 0 failures (0 unexpected) in 0.001 (0.002) seconds
Build, sign, notarize, and verify	Run repository regression gate	2026-10-03T18:10:21.4741630Z 	 Executed 3 tests, with 0 failures (0 unexpected) in 0.226 (0.226) seconds
Build, sign, notarize, and verify	Run repository regression gate	2026-10-03T18:10:21.4745970Z 	 Executed 4 tests, with 0 failures (0 unexpected) in 0.003 (0.004) seconds
Build, sign, notarize, and verify	Run repository regression gate	2026-10-03T18:10:21.4750470Z 	 Executed 4 tests, with 0 failures (0 unexpected) in 0.278 (0.278) seconds
Build, sign, notarize, and verify	Run repository regression gate	2026-10-03T18:10:21.4757910Z 	 Executed 6 tests, with 0 failures (0 unexpected) in 0.011 (0.012) seconds
Build, sign, notarize, and verify	Run repository regression gate	2026-10-03T18:10:21.4760960Z 	 Executed 2 tests, with 0 failures (0 unexpected) in 0.006 (0.006) seconds
Build, sign, notarize, and verify	Run repository regression gate	2026-10-03T18:10:34.0353940Z 	 Executed 5 tests, with 0 failures (0 unexpected) in 0.006 (0.006) seconds
Build, sign, notarize, and verify	Run repository regression gate	2026-10-03T18:10:34.0360580Z 	 Executed 5 tests, with 0 failures (0 unexpected) in 0.004 (0.005) seconds
Build, sign, notarize, and verify	Run repository regression gate	2026-10-03T18:10:34.0368110Z 	 Executed 6 tests, with 0 failures (0 unexpected) in 0.526 (0.526) seconds
Build, sign, notarize, and verify	Run repository regression gate	2026-10-03T18:10:34.0384700Z 	 Executed 13 tests, with 0 failures (0 unexpected) in 0.265 (0.266) seconds
Build, sign, notarize, and verify	Run repository regression gate	2026-10-03T18:10:34.0386140Z <release-source-root>/Tests/HostwrightRuntimeTests/LifecycleGate05LiveTests.swift:9: -[HostwrightRuntimeTests.LifecycleGate05LiveTests testAppleCLIConfirmedCreateAndDeleteThroughSecureBoundary] : Test skipped - Set HOSTWRIGHT_PHASE04_LIVE=1 on the explicit Phase 04 live cell.
Build, sign, notarize, and verify	Run repository regression gate	2026-10-03T18:10:34.0387200Z Test Case '-[HostwrightRuntimeTests.LifecycleGate05LiveTests testAppleCLIConfirmedCreateAndDeleteThroughSecureBoundary]' skipped (0.002 seconds).
Build, sign, notarize, and verify	Run repository regression gate	2026-10-03T18:10:34.0387870Z 	 Executed 1 test, with 1 test skipped and 0 failures (0 unexpected) in 0.002 (0.002) seconds
Build, sign, notarize, and verify	Run repository regression gate	2026-10-03T18:10:34.0390790Z 	 Executed 2 tests, with 0 failures (0 unexpected) in 0.002 (0.002) seconds
Build, sign, notarize, and verify	Run repository regression gate	2026-10-03T18:10:34.0395930Z 	 Executed 4 tests, with 0 failures (0 unexpected) in 0.296 (0.297) seconds
Build, sign, notarize, and verify	Run repository regression gate	2026-10-03T18:10:34.0400470Z 	 Executed 3 tests, with 0 failures (0 unexpected) in 0.290 (0.290) seconds
Build, sign, notarize, and verify	Run repository regression gate	2026-10-03T18:10:34.0405250Z 	 Executed 4 tests, with 0 failures (0 unexpected) in 0.259 (0.260) seconds
Build, sign, notarize, and verify	Run repository regression gate	2026-10-03T18:10:34.0410710Z 	 Executed 4 tests, with 0 failures (0 unexpected) in 0.239 (0.239) seconds
Build, sign, notarize, and verify	Run repository regression gate	2026-10-03T18:11:05.4243130Z 	 Executed 55 tests, with 0 failures (0 unexpected) in 42.046 (42.052) seconds
Build, sign, notarize, and verify	Run repository regression gate	2026-10-03T18:11:05.4247280Z 	 Executed 3 tests, with 0 failures (0 unexpected) in 0.004 (0.004) seconds
Build, sign, notarize, and verify	Run repository regression gate	2026-10-03T18:11:13.9906900Z 	 Executed 7 tests, with 0 failures (0 unexpected) in 0.003 (0.004) seconds
Build, sign, notarize, and verify	Run repository regression gate	2026-10-03T18:11:13.9912440Z 	 Executed 4 tests, with 0 failures (0 unexpected) in 0.823 (0.824) seconds
Build, sign, notarize, and verify	Run repository regression gate	2026-10-03T18:11:13.9925590Z 	 Executed 11 tests, with 0 failures (0 unexpected) in 0.014 (0.015) seconds
Build, sign, notarize, and verify	Run repository regression gate	2026-10-03T18:11:13.9954920Z 	 Executed 25 tests, with 0 failures (0 unexpected) in 4.616 (4.619) seconds
Build, sign, notarize, and verify	Run repository regression gate	2026-10-03T18:11:13.9956960Z 	 Executed 1 test, with 0 failures (0 unexpected) in 2.707 (2.707) seconds
Build, sign, notarize, and verify	Run repository regression gate	2026-10-03T18:11:19.5819710Z 	 Executed 12 tests, with 0 failures (0 unexpected) in 0.431 (0.432) seconds
Build, sign, notarize, and verify	Run repository regression gate	2026-10-03T18:11:19.5843400Z 	 Executed 20 tests, with 0 failures (0 unexpected) in 3.580 (3.582) seconds
Build, sign, notarize, and verify	Run repository regression gate	2026-10-03T18:11:19.5848800Z 	 Executed 4 tests, with 0 failures (0 unexpected) in 0.002 (0.003) seconds
Build, sign, notarize, and verify	Run repository regression gate	2026-10-03T18:11:19.5853080Z 	 Executed 3 tests, with 0 failures (0 unexpected) in 1.572 (1.573) seconds
Build, sign, notarize, and verify	Run repository regression gate	2026-10-03T18:11:19.5871700Z 	 Executed 12 tests, with 0 failures (0 unexpected) in 0.386 (0.388) seconds
Build, sign, notarize, and verify	Run repository regression gate	2026-10-03T18:11:27.4911870Z 	 Executed 12 tests, with 0 failures (0 unexpected) in 0.021 (0.022) seconds
Build, sign, notarize, and verify	Run repository regression gate	2026-10-03T18:11:27.4918170Z 	 Executed 5 tests, with 0 failures (0 unexpected) in 0.328 (0.328) seconds
Build, sign, notarize, and verify	Run repository regression gate	2026-10-03T18:11:27.4921250Z 	 Executed 2 tests, with 0 failures (0 unexpected) in 0.001 (0.001) seconds
Build, sign, notarize, and verify	Run repository regression gate	2026-10-03T18:11:27.4926440Z 	 Executed 5 tests, with 0 failures (0 unexpected) in 0.004 (0.004) seconds
Build, sign, notarize, and verify	Run repository regression gate	2026-10-03T18:11:27.4930550Z 	 Executed 3 tests, with 0 failures (0 unexpected) in 6.903 (6.904) seconds
Build, sign, notarize, and verify	Run repository regression gate	2026-10-03T18:11:27.4932530Z 	 Executed 1 test, with 0 failures (0 unexpected) in 0.110 (0.110) seconds
Build, sign, notarize, and verify	Run repository regression gate	2026-10-03T18:11:27.4947170Z 	 Executed 12 tests, with 0 failures (0 unexpected) in 0.164 (0.166) seconds
Build, sign, notarize, and verify	Run repository regression gate	2026-10-03T18:11:27.4958690Z 	 Executed 8 tests, with 0 failures (0 unexpected) in 0.048 (0.049) seconds
Build, sign, notarize, and verify	Run repository regression gate	2026-10-03T18:11:27.4962320Z 	 Executed 3 tests, with 0 failures (0 unexpected) in 0.077 (0.077) seconds
Build, sign, notarize, and verify	Run repository regression gate	2026-10-03T18:11:27.4968090Z 	 Executed 4 tests, with 0 failures (0 unexpected) in 0.262 (0.263) seconds
Build, sign, notarize, and verify	Run repository regression gate	2026-10-03T18:11:27.4970910Z 	 Executed 2 tests, with 0 failures (0 unexpected) in 0.002 (0.003) seconds
Build, sign, notarize, and verify	Run repository regression gate	2026-10-03T18:11:27.6222170Z 	 Executed 4 tests, with 0 failures (0 unexpected) in 0.007 (0.008) seconds
Build, sign, notarize, and verify	Run repository regression gate	2026-10-03T18:11:27.6238130Z 	 Executed 14 tests, with 0 failures (0 unexpected) in 0.107 (0.108) seconds
Build, sign, notarize, and verify	Run repository regression gate	2026-10-03T18:11:27.6253940Z 	 Executed 13 tests, with 0 failures (0 unexpected) in 0.005 (0.006) seconds
Build, sign, notarize, and verify	Run repository regression gate	2026-10-03T18:11:27.6266060Z 	 Executed 10 tests, with 0 failures (0 unexpected) in 0.006 (0.007) seconds
Build, sign, notarize, and verify	Run repository regression gate	2026-10-03T18:11:28.7404960Z 	 Executed 19 tests, with 0 failures (0 unexpected) in 0.006 (0.007) seconds
Build, sign, notarize, and verify	Run repository regression gate	2026-10-03T18:11:28.7432740Z 	 Executed 26 tests, with 0 failures (0 unexpected) in 0.391 (0.393) seconds
Build, sign, notarize, and verify	Run repository regression gate	2026-10-03T18:11:28.7439150Z 	 Executed 5 tests, with 0 failures (0 unexpected) in 0.001 (0.002) seconds
Build, sign, notarize, and verify	Run repository regression gate	2026-10-03T18:11:28.7447280Z 	 Executed 7 tests, with 0 failures (0 unexpected) in 0.713 (0.714) seconds
Build, sign, notarize, and verify	Run repository regression gate	2026-10-03T18:11:28.7451130Z 	 Executed 3 tests, with 0 failures (0 unexpected) in 0.001 (0.001) seconds
Build, sign, notarize, and verify	Run repository regression gate	2026-10-03T18:11:46.0686820Z 	 Executed 30 tests, with 0 failures (0 unexpected) in 0.022 (0.024) seconds
Build, sign, notarize, and verify	Run repository regression gate	2026-10-03T18:11:55.9633190Z 	 Executed 39 tests, with 0 failures (0 unexpected) in 19.185 (19.190) seconds
Build, sign, notarize, and verify	Run repository regression gate	2026-10-03T18:11:55.9662810Z 	 Executed 23 tests, with 0 failures (0 unexpected) in 0.010 (0.012) seconds
Build, sign, notarize, and verify	Run repository regression gate	2026-10-03T18:11:55.9675310Z 	 Executed 5 tests, with 0 failures (0 unexpected) in 0.950 (0.950) seconds
Build, sign, notarize, and verify	Run repository regression gate	2026-10-03T18:11:55.9684650Z 	 Executed 6 tests, with 0 failures (0 unexpected) in 1.380 (1.381) seconds
Build, sign, notarize, and verify	Run repository regression gate	2026-10-03T18:12:19.1527720Z 	 Executed 25 tests, with 0 failures (0 unexpected) in 25.173 (25.177) seconds
Build, sign, notarize, and verify	Run repository regression gate	2026-10-03T18:12:19.1532010Z 	 Executed 2 tests, with 0 failures (0 unexpected) in 0.001 (0.002) seconds
Build, sign, notarize, and verify	Run repository regression gate	2026-10-03T18:12:19.1542440Z 	 Executed 6 tests, with 0 failures (0 unexpected) in 2.738 (2.739) seconds
Build, sign, notarize, and verify	Run repository regression gate	2026-10-03T18:12:19.1561970Z 	 Executed 12 tests, with 0 failures (0 unexpected) in 0.255 (0.256) seconds
Build, sign, notarize, and verify	Run repository regression gate	2026-10-03T18:12:23.9886080Z 	 Executed 46 tests, with 0 failures (0 unexpected) in 3.049 (3.054) seconds
Build, sign, notarize, and verify	Run repository regression gate	2026-10-03T18:12:23.9898710Z 	 Executed 11 tests, with 0 failures (0 unexpected) in 1.201 (1.202) seconds
Build, sign, notarize, and verify	Run repository regression gate	2026-10-03T18:12:23.9907670Z 	 Executed 7 tests, with 0 failures (0 unexpected) in 0.002 (0.002) seconds
Build, sign, notarize, and verify	Run repository regression gate	2026-10-03T18:12:23.9923040Z 	 Executed 12 tests, with 0 failures (0 unexpected) in 1.263 (1.264) seconds
Build, sign, notarize, and verify	Run repository regression gate	2026-10-03T18:12:25.6933100Z 	 Executed 5 tests, with 0 failures (0 unexpected) in 0.339 (0.340) seconds
Build, sign, notarize, and verify	Run repository regression gate	2026-10-03T18:12:25.6939200Z 	 Executed 5 tests, with 0 failures (0 unexpected) in 0.002 (0.002) seconds
Build, sign, notarize, and verify	Run repository regression gate	2026-10-03T18:12:25.6948720Z 	 Executed 8 tests, with 0 failures (0 unexpected) in 0.005 (0.006) seconds
Build, sign, notarize, and verify	Run repository regression gate	2026-10-03T18:12:25.6960860Z 	 Executed 11 tests, with 0 failures (0 unexpected) in 1.247 (1.249) seconds
Build, sign, notarize, and verify	Run repository regression gate	2026-10-03T18:12:25.6966000Z 	 Executed 4 tests, with 0 failures (0 unexpected) in 0.078 (0.078) seconds
Build, sign, notarize, and verify	Run repository regression gate	2026-10-03T18:12:25.6974630Z 	 Executed 8 tests, with 0 failures (0 unexpected) in 0.004 (0.004) seconds
Build, sign, notarize, and verify	Run repository regression gate	2026-10-03T18:12:25.6979190Z 	 Executed 4 tests, with 0 failures (0 unexpected) in 0.023 (0.023) seconds
Build, sign, notarize, and verify	Run repository regression gate	2026-10-03T18:12:25.6987350Z 	 Executed 7 tests, with 0 failures (0 unexpected) in 0.002 (0.003) seconds
Build, sign, notarize, and verify	Run repository regression gate	2026-10-03T18:12:28.5360770Z 	 Executed 6 tests, with 0 failures (0 unexpected) in 0.004 (0.004) seconds
Build, sign, notarize, and verify	Run repository regression gate	2026-10-03T18:12:28.5366470Z 	 Executed 5 tests, with 0 failures (0 unexpected) in 0.003 (0.003) seconds
Build, sign, notarize, and verify	Run repository regression gate	2026-10-03T18:12:28.5373580Z 	 Executed 6 tests, with 0 failures (0 unexpected) in 0.488 (0.489) seconds
Build, sign, notarize, and verify	Run repository regression gate	2026-10-03T18:12:28.5378720Z 	 Executed 4 tests, with 0 failures (0 unexpected) in 0.012 (0.012) seconds
Build, sign, notarize, and verify	Run repository regression gate	2026-10-03T18:12:28.5382490Z 	 Executed 3 tests, with 0 failures (0 unexpected) in 0.189 (0.190) seconds
Build, sign, notarize, and verify	Run repository regression gate	2026-10-03T18:12:28.5384980Z 	 Executed 2 tests, with 0 failures (0 unexpected) in 0.081 (0.081) seconds
Build, sign, notarize, and verify	Run repository regression gate	2026-10-03T18:12:28.5394380Z 	 Executed 6 tests, with 0 failures (0 unexpected) in 0.487 (0.488) seconds
Build, sign, notarize, and verify	Run repository regression gate	2026-10-03T18:12:28.5405200Z 	 Executed 7 tests, with 0 failures (0 unexpected) in 0.667 (0.667) seconds
Build, sign, notarize, and verify	Run repository regression gate	2026-10-03T18:12:28.5413950Z 	 Executed 7 tests, with 0 failures (0 unexpected) in 0.391 (0.391) seconds
Build, sign, notarize, and verify	Run repository regression gate	2026-10-03T18:12:51.1288270Z 	 Executed 17 tests, with 0 failures (0 unexpected) in 1.302 (1.304) seconds
Build, sign, notarize, and verify	Run repository regression gate	2026-10-03T18:12:51.1339540Z 	 Executed 34 tests, with 0 failures (0 unexpected) in 21.795 (21.799) seconds
Build, sign, notarize, and verify	Run repository regression gate	2026-10-03T18:12:56.1395520Z 	 Executed 3 tests, with 0 failures (0 unexpected) in 0.007 (0.007) seconds
Build, sign, notarize, and verify	Run repository regression gate	2026-10-03T18:12:56.1398260Z 	 Executed 2 tests, with 0 failures (0 unexpected) in 0.336 (0.337) seconds
Build, sign, notarize, and verify	Run repository regression gate	2026-10-03T18:12:56.1407850Z 	 Executed 7 tests, with 0 failures (0 unexpected) in 2.682 (2.684) seconds
Build, sign, notarize, and verify	Run repository regression gate	2026-10-03T18:12:56.1412080Z 	 Executed 3 tests, with 0 failures (0 unexpected) in 1.932 (1.932) seconds
Build, sign, notarize, and verify	Run repository regression gate	2026-10-03T18:12:56.1418960Z 	 Executed 5 tests, with 0 failures (0 unexpected) in 0.015 (0.016) seconds
Build, sign, notarize, and verify	Run repository regression gate	2026-10-03T18:12:56.1420790Z <release-source-root>/Tests/HostwrightContainerizationHelperTests/Phase07ContainerizationNetworkLiveTests.swift:39: -[HostwrightContainerizationHelperTests.Phase07ContainerizationNetworkLiveTests testRealContainerizationNetworksIsolateAndDualAttachmentConnects] : Test skipped - Enable only the explicit Phase 07 Gate 1 or Gate 12 Containerization cell.
Build, sign, notarize, and verify	Run repository regression gate	2026-10-03T18:12:56.1421890Z Test Case '-[HostwrightContainerizationHelperTests.Phase07ContainerizationNetworkLiveTests testRealContainerizationNetworksIsolateAndDualAttachmentConnects]' skipped (0.001 seconds).
Build, sign, notarize, and verify	Run repository regression gate	2026-10-03T18:12:56.1422680Z 	 Executed 1 test, with 1 test skipped and 0 failures (0 unexpected) in 0.001 (0.001) seconds
Build, sign, notarize, and verify	Run repository regression gate	2026-10-03T18:12:56.1424180Z <release-source-root>/Tests/HostwrightNetworkHelperTests/Phase07LANExposureLiveTests.swift:23: -[HostwrightNetworkHelperTests.Phase07LANExposureLiveTests testExplicitLANPolicyServesTahoeVMAndFailsClosed] : Test skipped - Set HOSTWRIGHT_PHASE07_GATE08_LAN_LIVE=1 only for the attended Tahoe LAN evidence lane.
Build, sign, notarize, and verify	Run repository regression gate	2026-10-03T18:12:56.1425070Z Test Case '-[HostwrightNetworkHelperTests.Phase07LANExposureLiveTests testExplicitLANPolicyServesTahoeVMAndFailsClosed]' skipped (0.000 seconds).
Build, sign, notarize, and verify	Run repository regression gate	2026-10-03T18:12:56.1425710Z 	 Executed 1 test, with 1 test skipped and 0 failures (0 unexpected) in 0.000 (0.000) seconds
Build, sign, notarize, and verify	Run repository regression gate	2026-10-03T18:12:56.1427460Z <release-source-root>/Tests/HostwrightRuntimeTests/Phase07LocalNetworkForwardingLiveTests.swift:16: -[HostwrightRuntimeTests.Phase07LocalNetworkForwardingLiveTests testAuthorizedLocalhostForwardingSurvivesCancellationRestartAndConflict] : Test skipped - Set HOSTWRIGHT_PHASE07_GATE15_LIVE=1 only after explicitly granting Local Network permission.
Build, sign, notarize, and verify	Run repository regression gate	2026-10-03T18:12:56.1428580Z Test Case '-[HostwrightRuntimeTests.Phase07LocalNetworkForwardingLiveTests testAuthorizedLocalhostForwardingSurvivesCancellationRestartAndConflict]' skipped (0.000 seconds).
Build, sign, notarize, and verify	Run repository regression gate	2026-10-03T18:12:56.1430150Z <release-source-root>/Tests/HostwrightRuntimeTests/Phase07LocalNetworkForwardingLiveTests.swift:26: -[HostwrightRuntimeTests.Phase07LocalNetworkForwardingLiveTests testDeniedLocalNetworkPermissionFailsClosedAndCleansUpExactly] : Test skipped - Set HOSTWRIGHT_PHASE07_GATE15_DENIED_LIVE=1 only on the explicit denied-permission live cell.
Build, sign, notarize, and verify	Run repository regression gate	2026-10-03T18:12:56.1431220Z Test Case '-[HostwrightRuntimeTests.Phase07LocalNetworkForwardingLiveTests testDeniedLocalNetworkPermissionFailsClosedAndCleansUpExactly]' skipped (0.000 seconds).
Build, sign, notarize, and verify	Run repository regression gate	2026-10-03T18:12:56.1432000Z 	 Executed 2 tests, with 2 tests skipped and 0 failures (0 unexpected) in 0.001 (0.001) seconds
Build, sign, notarize, and verify	Run repository regression gate	2026-10-03T18:12:56.1433610Z <release-source-root>/Tests/HostwrightRuntimeTests/Phase07NetworkGate01LiveTests.swift:13: -[HostwrightRuntimeTests.Phase07NetworkGate01LiveTests testAppleCLIProjectNetworksIsolateAndExplicitDualAttachmentConnects] : Test skipped - Set HOSTWRIGHT_PHASE07_GATE01_LIVE=1 on the explicit Phase 07 Gate 1 live cell.
Build, sign, notarize, and verify	Run repository regression gate	2026-10-03T18:12:56.1434540Z Test Case '-[HostwrightRuntimeTests.Phase07NetworkGate01LiveTests testAppleCLIProjectNetworksIsolateAndExplicitDualAttachmentConnects]' skipped (0.000 seconds).
Build, sign, notarize, and verify	Run repository regression gate	2026-10-03T18:12:56.1435230Z 	 Executed 1 test, with 1 test skipped and 0 failures (0 unexpected) in 0.000 (0.000) seconds
Build, sign, notarize, and verify	Run repository regression gate	2026-10-03T18:13:00.8965480Z 	 Executed 38 tests, with 0 failures (0 unexpected) in 0.060 (0.063) seconds
Build, sign, notarize, and verify	Run repository regression gate	2026-10-03T18:13:00.8972430Z 	 Executed 6 tests, with 0 failures (0 unexpected) in 0.002 (0.003) seconds
Build, sign, notarize, and verify	Run repository regression gate	2026-10-03T18:13:00.8981150Z 	 Executed 6 tests, with 0 failures (0 unexpected) in 0.232 (0.233) seconds
Build, sign, notarize, and verify	Run repository regression gate	2026-10-03T18:13:00.8987880Z 	 Executed 4 tests, with 0 failures (0 unexpected) in 0.001 (0.001) seconds
Build, sign, notarize, and verify	Run repository regression gate	2026-10-03T18:13:00.9007610Z <release-source-root>/Tests/HostwrightSchedulerTests/Phase10SchedulerQualificationTests.swift:2041: -[HostwrightSchedulerTests.Phase10SchedulerQualificationTests testPhase10SchedulerQualificationPerformanceCell] : Test skipped - Set HOSTWRIGHT_PHASE10_SCHEDULER_QUAL_PERFORMANCE=1 to run the 1,000-workload x 100-node performance cell.
Build, sign, notarize, and verify	Run repository regression gate	2026-10-03T18:13:00.9008570Z Test Case '-[HostwrightSchedulerTests.Phase10SchedulerQualificationTests testPhase10SchedulerQualificationPerformanceCell]' skipped (0.000 seconds).
Build, sign, notarize, and verify	Run repository regression gate	2026-10-03T18:13:09.1758450Z 	 Executed 41 tests, with 1 test skipped and 0 failures (0 unexpected) in 7.072 (7.076) seconds
Build, sign, notarize, and verify	Run repository regression gate	2026-10-03T18:13:09.1763410Z 	 Executed 3 tests, with 0 failures (0 unexpected) in 0.335 (0.335) seconds
Build, sign, notarize, and verify	Run repository regression gate	2026-10-03T18:13:09.1770470Z 	 Executed 5 tests, with 0 failures (0 unexpected) in 0.380 (0.380) seconds
Build, sign, notarize, and verify	Run repository regression gate	2026-10-03T18:13:09.1773160Z 	 Executed 2 tests, with 0 failures (0 unexpected) in 0.001 (0.001) seconds
Build, sign, notarize, and verify	Run repository regression gate	2026-10-03T18:13:09.1777870Z 	 Executed 4 tests, with 0 failures (0 unexpected) in 0.001 (0.002) seconds
Build, sign, notarize, and verify	Run repository regression gate	2026-10-03T18:13:19.2377520Z 	 Executed 14 tests, with 0 failures (0 unexpected) in 6.717 (6.718) seconds
Build, sign, notarize, and verify	Run repository regression gate	2026-10-03T18:13:19.2382920Z 	 Executed 4 tests, with 0 failures (0 unexpected) in 0.008 (0.009) seconds
Build, sign, notarize, and verify	Run repository regression gate	2026-10-03T18:13:19.2406950Z 	 Executed 13 tests, with 0 failures (0 unexpected) in 5.848 (5.849) seconds
Build, sign, notarize, and verify	Run repository regression gate	2026-10-03T18:13:19.2420600Z 	 Executed 9 tests, with 0 failures (0 unexpected) in 0.680 (0.682) seconds
Build, sign, notarize, and verify	Run repository regression gate	2026-10-03T18:13:19.2422450Z 	 Executed 1 test, with 0 failures (0 unexpected) in 0.001 (0.001) seconds
Build, sign, notarize, and verify	Run repository regression gate	2026-10-03T18:13:19.2425580Z 	 Executed 2 tests, with 0 failures (0 unexpected) in 0.155 (0.155) seconds
Build, sign, notarize, and verify	Run repository regression gate	2026-10-03T18:13:19.2439630Z 	 Executed 11 tests, with 0 failures (0 unexpected) in 1.229 (1.230) seconds
Build, sign, notarize, and verify	Run repository regression gate	2026-10-03T18:13:23.4704840Z 	 Executed 6 tests, with 0 failures (0 unexpected) in 0.399 (0.400) seconds
Build, sign, notarize, and verify	Run repository regression gate	2026-10-03T18:13:23.4729270Z 	 Executed 20 tests, with 0 failures (0 unexpected) in 3.565 (3.567) seconds
Build, sign, notarize, and verify	Run repository regression gate	2026-10-03T18:13:23.4732750Z 	 Executed 3 tests, with 0 failures (0 unexpected) in 0.004 (0.004) seconds
Build, sign, notarize, and verify	Run repository regression gate	2026-10-03T18:13:23.4751380Z 	 Executed 14 tests, with 0 failures (0 unexpected) in 0.004 (0.005) seconds
Build, sign, notarize, and verify	Run repository regression gate	2026-10-03T18:13:23.4762280Z 	 Executed 10 tests, with 0 failures (0 unexpected) in 0.002 (0.002) seconds
Build, sign, notarize, and verify	Run repository regression gate	2026-10-03T18:13:23.4770210Z 	 Executed 7 tests, with 0 failures (0 unexpected) in 0.654 (0.655) seconds
Build, sign, notarize, and verify	Run repository regression gate	2026-10-03T18:13:29.1155680Z 	 Executed 4 tests, with 0 failures (0 unexpected) in 0.004 (0.004) seconds
Build, sign, notarize, and verify	Run repository regression gate	2026-10-03T18:13:29.1164390Z 	 Executed 7 tests, with 0 failures (0 unexpected) in 1.431 (1.432) seconds
Build, sign, notarize, and verify	Run repository regression gate	2026-10-03T18:13:29.1181010Z 	 Executed 14 tests, with 0 failures (0 unexpected) in 2.374 (2.376) seconds
Build, sign, notarize, and verify	Run repository regression gate	2026-10-03T18:13:29.1192790Z 	 Executed 11 tests, with 0 failures (0 unexpected) in 1.044 (1.045) seconds
Build, sign, notarize, and verify	Run repository regression gate	2026-10-03T18:13:29.1200300Z 	 Executed 7 tests, with 0 failures (0 unexpected) in 0.548 (0.549) seconds
Build, sign, notarize, and verify	Run repository regression gate	2026-10-03T18:13:29.1204250Z 	 Executed 3 tests, with 0 failures (0 unexpected) in 0.233 (0.233) seconds
Build, sign, notarize, and verify	Run repository regression gate	2026-10-03T18:13:30.0266290Z 	 Executed 15 tests, with 0 failures (0 unexpected) in 0.008 (0.009) seconds
Build, sign, notarize, and verify	Run repository regression gate	2026-10-03T18:13:30.0273890Z <release-source-root>/Tests/HostwrightRegistryTests/RegistryAuthenticationTests.swift:254: -[HostwrightRegistryTests.RegistryAuthenticationTests testLiveDockerHubBearerScopeWhenExplicitlyEnabled] : Test skipped - Set HOSTWRIGHT_LIVE_REGISTRY=1 for the explicit TLS/token-service cell.
Build, sign, notarize, and verify	Run repository regression gate	2026-10-03T18:13:30.0274770Z Test Case '-[HostwrightRegistryTests.RegistryAuthenticationTests testLiveDockerHubBearerScopeWhenExplicitlyEnabled]' skipped (0.000 seconds).
Build, sign, notarize, and verify	Run repository regression gate	2026-10-03T18:13:30.0276350Z 	 Executed 8 tests, with 1 test skipped and 0 failures (0 unexpected) in 0.003 (0.003) seconds
Build, sign, notarize, and verify	Run repository regression gate	2026-10-03T18:13:30.0281620Z 	 Executed 4 tests, with 0 failures (0 unexpected) in 0.001 (0.001) seconds
Build, sign, notarize, and verify	Run repository regression gate	2026-10-03T18:13:30.0294000Z 	 Executed 12 tests, with 0 failures (0 unexpected) in 0.185 (0.185) seconds
Build, sign, notarize, and verify	Run repository regression gate	2026-10-03T18:13:30.0297900Z 	 Executed 3 tests, with 0 failures (0 unexpected) in 0.003 (0.003) seconds
Build, sign, notarize, and verify	Run repository regression gate	2026-10-03T18:13:30.0310670Z 	 Executed 11 tests, with 0 failures (0 unexpected) in 0.003 (0.004) seconds
Build, sign, notarize, and verify	Run repository regression gate	2026-10-03T18:13:30.0314690Z 	 Executed 3 tests, with 0 failures (0 unexpected) in 0.366 (0.366) seconds
Build, sign, notarize, and verify	Run repository regression gate	2026-10-03T18:13:30.0319820Z 	 Executed 4 tests, with 0 failures (0 unexpected) in 0.344 (0.345) seconds
Build, sign, notarize, and verify	Run repository regression gate	2026-10-03T18:13:44.1077670Z 	 Executed 5 tests, with 0 failures (0 unexpected) in 0.742 (0.743) seconds
Build, sign, notarize, and verify	Run repository regression gate	2026-10-03T18:13:44.1089510Z 	 Executed 11 tests, with 0 failures (0 unexpected) in 0.007 (0.008) seconds
Build, sign, notarize, and verify	Run repository regression gate	2026-10-03T18:13:44.1091170Z 	 Executed 1 test, with 0 failures (0 unexpected) in 0.125 (0.125) seconds
Build, sign, notarize, and verify	Run repository regression gate	2026-10-03T18:13:44.1098410Z 	 Executed 6 tests, with 0 failures (0 unexpected) in 1.157 (1.158) seconds
Build, sign, notarize, and verify	Run repository regression gate	2026-10-03T18:13:44.1117880Z 	 Executed 15 tests, with 0 failures (0 unexpected) in 11.965 (11.967) seconds
Build, sign, notarize, and verify	Run repository regression gate	2026-10-03T18:13:44.1125540Z 	 Executed 6 tests, with 0 failures (0 unexpected) in 0.008 (0.009) seconds
Build, sign, notarize, and verify	Run repository regression gate	2026-10-03T18:13:44.1133820Z 	 Executed 6 tests, with 0 failures (0 unexpected) in 0.038 (0.038) seconds
Build, sign, notarize, and verify	Run repository regression gate	2026-10-03T18:13:55.2309120Z 	 Executed 4 tests, with 0 failures (0 unexpected) in 0.140 (0.140) seconds
Build, sign, notarize, and verify	Run repository regression gate	2026-10-03T18:13:55.2318630Z 	 Executed 6 tests, with 0 failures (0 unexpected) in 0.011 (0.012) seconds
Build, sign, notarize, and verify	Run repository regression gate	2026-10-03T18:13:55.2329790Z 	 Executed 8 tests, with 0 failures (0 unexpected) in 0.004 (0.004) seconds
Build, sign, notarize, and verify	Run repository regression gate	2026-10-03T18:13:58.7012420Z 	 Executed 35 tests, with 0 failures (0 unexpected) in 11.850 (11.854) seconds
Build, sign, notarize, and verify	Run repository regression gate	2026-10-03T18:13:58.7019500Z 	 Executed 5 tests, with 0 failures (0 unexpected) in 0.001 (0.001) seconds
Build, sign, notarize, and verify	Run repository regression gate	2026-10-03T18:13:58.7025060Z 	 Executed 4 tests, with 0 failures (0 unexpected) in 0.005 (0.005) seconds
Build, sign, notarize, and verify	Run repository regression gate	2026-10-03T18:13:58.7034990Z 	 Executed 5 tests, with 0 failures (0 unexpected) in 2.582 (2.583) seconds
Build, sign, notarize, and verify	Run repository regression gate	2026-10-03T18:13:58.7048540Z 	 Executed 9 tests, with 0 failures (0 unexpected) in 0.009 (0.010) seconds
Build, sign, notarize, and verify	Run repository regression gate	2026-10-03T18:13:58.7066630Z 	 Executed 8 tests, with 0 failures (0 unexpected) in 0.003 (0.004) seconds
Build, sign, notarize, and verify	Run repository regression gate	2026-10-03T18:14:00.6141950Z 	 Executed 19 tests, with 0 failures (0 unexpected) in 0.011 (0.013) seconds
Build, sign, notarize, and verify	Run repository regression gate	2026-10-03T18:14:00.6172100Z 	 Executed 24 tests, with 0 failures (0 unexpected) in 1.473 (1.476) seconds
Build, sign, notarize, and verify	Run repository regression gate	2026-10-03T18:14:00.6186870Z 	 Executed 14 tests, with 0 failures (0 unexpected) in 0.429 (0.430) seconds
Build, sign, notarize, and verify	Run repository regression gate	2026-10-03T18:14:00.6197010Z 	 Executed 8 tests, with 0 failures (0 unexpected) in 0.004 (0.004) seconds
Build, sign, notarize, and verify	Run repository regression gate	2026-10-03T18:14:00.6202830Z 	 Executed 5 tests, with 0 failures (0 unexpected) in 0.002 (0.002) seconds
Build, sign, notarize, and verify	Run repository regression gate	2026-10-03T18:14:02.0903790Z 	 Executed 9 tests, with 0 failures (0 unexpected) in 0.005 (0.006) seconds
Build, sign, notarize, and verify	Run repository regression gate	2026-10-03T18:14:02.0921420Z 	 Executed 10 tests, with 0 failures (0 unexpected) in 0.008 (0.009) seconds
Build, sign, notarize, and verify	Run repository regression gate	2026-10-03T18:14:02.0941930Z 	 Executed 14 tests, with 0 failures (0 unexpected) in 0.005 (0.006) seconds
Build, sign, notarize, and verify	Run repository regression gate	2026-10-03T18:14:02.0947620Z 	 Executed 3 tests, with 0 failures (0 unexpected) in 0.178 (0.178) seconds
Build, sign, notarize, and verify	Run repository regression gate	2026-10-03T18:14:02.0954430Z 	 Executed 4 tests, with 0 failures (0 unexpected) in 0.001 (0.001) seconds
Build, sign, notarize, and verify	Run repository regression gate	2026-10-03T18:14:02.0958020Z 	 Executed 2 tests, with 0 failures (0 unexpected) in 0.395 (0.396) seconds
Build, sign, notarize, and verify	Run repository regression gate	2026-10-03T18:14:02.0961810Z 	 Executed 2 tests, with 0 failures (0 unexpected) in 0.131 (0.132) seconds
Build, sign, notarize, and verify	Run repository regression gate	2026-10-03T18:14:02.7627090Z 	 Executed 14 tests, with 0 failures (0 unexpected) in 0.953 (0.955) seconds
Build, sign, notarize, and verify	Run repository regression gate	2026-10-03T18:14:02.7631830Z 	 Executed 4 tests, with 0 failures (0 unexpected) in 0.007 (0.007) seconds
Build, sign, notarize, and verify	Run repository regression gate	2026-10-03T18:14:02.7641650Z 	 Executed 7 tests, with 0 failures (0 unexpected) in 0.430 (0.430) seconds
Build, sign, notarize, and verify	Run repository regression gate	2026-10-03T18:14:02.7654730Z 	 Executed 11 tests, with 0 failures (0 unexpected) in 0.005 (0.006) seconds
Build, sign, notarize, and verify	Run repository regression gate	2026-10-03T18:14:02.7663120Z 	 Executed 6 tests, with 0 failures (0 unexpected) in 0.002 (0.003) seconds
Build, sign, notarize, and verify	Run repository regression gate	2026-10-03T18:14:02.7671590Z 	 Executed 8 tests, with 0 failures (0 unexpected) in 0.013 (0.014) seconds
Build, sign, notarize, and verify	Run repository regression gate	2026-10-03T18:14:05.1670980Z 	 Executed 8 tests, with 0 failures (0 unexpected) in 0.005 (0.005) seconds
Build, sign, notarize, and verify	Run repository regression gate	2026-10-03T18:14:05.1675620Z 	 Executed 3 tests, with 0 failures (0 unexpected) in 0.002 (0.002) seconds
Build, sign, notarize, and verify	Run repository regression gate	2026-10-03T18:14:05.1683840Z 	 Executed 5 tests, with 0 failures (0 unexpected) in 0.129 (0.129) seconds
Build, sign, notarize, and verify	Run repository regression gate	2026-10-03T18:14:05.1688630Z 	 Executed 3 tests, with 0 failures (0 unexpected) in 0.002 (0.002) seconds
Build, sign, notarize, and verify	Run repository regression gate	2026-10-03T18:14:05.1698990Z 	 Executed 4 tests, with 0 failures (0 unexpected) in 0.445 (0.446) seconds
Build, sign, notarize, and verify	Run repository regression gate	2026-10-03T18:14:05.1714920Z 	 Executed 11 tests, with 0 failures (0 unexpected) in 1.815 (1.815) seconds
Build, sign, notarize, and verify	Run repository regression gate	2026-10-03T18:14:05.1723580Z 	 Executed 6 tests, with 0 failures (0 unexpected) in 0.002 (0.003) seconds
Build, sign, notarize, and verify	Run repository regression gate	2026-10-03T18:14:05.1729550Z 	 Executed 4 tests, with 0 failures (0 unexpected) in 0.001 (0.002) seconds
Build, sign, notarize, and verify	Run repository regression gate	2026-10-03T18:14:05.1733520Z 	 Executed 3 tests, with 0 failures (0 unexpected) in 0.001 (0.001) seconds
Build, sign, notarize, and verify	Run repository regression gate	2026-10-03T18:14:16.6179130Z 	 Executed 6 tests, with 0 failures (0 unexpected) in 0.006 (0.007) seconds
Build, sign, notarize, and verify	Run repository regression gate	2026-10-03T18:14:16.6189940Z 	 Executed 9 tests, with 0 failures (0 unexpected) in 1.307 (1.308) seconds
Build, sign, notarize, and verify	Run repository regression gate	2026-10-03T18:14:16.6200320Z 	 Executed 7 tests, with 0 failures (0 unexpected) in 0.575 (0.576) seconds
Build, sign, notarize, and verify	Run repository regression gate	2026-10-03T18:14:16.6222520Z 	 Executed 16 tests, with 0 failures (0 unexpected) in 9.554 (9.556) seconds
Build, sign, notarize, and verify	Run repository regression gate	2026-10-03T18:14:16.6224450Z 	 Executed 1 test, with 0 failures (0 unexpected) in 0.001 (0.001) seconds
Build, sign, notarize, and verify	Run repository regression gate	2026-10-03T18:14:16.6227980Z 	 Executed 3 tests, with 0 failures (0 unexpected) in 0.004 (0.004) seconds
Build, sign, notarize, and verify	Run repository regression gate	2026-10-03T18:14:16.6240650Z 	 Executed 9 tests, with 0 failures (0 unexpected) in 0.003 (0.004) seconds
Build, sign, notarize, and verify	Run repository regression gate	2026-10-03T18:14:17.4461620Z 	 Executed 5 tests, with 0 failures (0 unexpected) in 0.001 (0.001) seconds
Build, sign, notarize, and verify	Run repository regression gate	2026-10-03T18:14:17.4466760Z 	 Executed 4 tests, with 0 failures (0 unexpected) in 0.211 (0.211) seconds
Build, sign, notarize, and verify	Run repository regression gate	2026-10-03T18:14:17.4475920Z 	 Executed 6 tests, with 0 failures (0 unexpected) in 0.004 (0.005) seconds
Build, sign, notarize, and verify	Run repository regression gate	2026-10-03T18:14:17.4485030Z 	 Executed 8 tests, with 0 failures (0 unexpected) in 0.005 (0.005) seconds
Build, sign, notarize, and verify	Run repository regression gate	2026-10-03T18:14:17.4490320Z 	 Executed 3 tests, with 0 failures (0 unexpected) in 0.058 (0.058) seconds
Build, sign, notarize, and verify	Run repository regression gate	2026-10-03T18:14:17.4496180Z 	 Executed 5 tests, with 0 failures (0 unexpected) in 0.002 (0.002) seconds
Build, sign, notarize, and verify	Run repository regression gate	2026-10-03T18:14:17.4500720Z 	 Executed 3 tests, with 0 failures (0 unexpected) in 0.001 (0.001) seconds
Build, sign, notarize, and verify	Run repository regression gate	2026-10-03T18:14:17.4510650Z 	 Executed 8 tests, with 0 failures (0 unexpected) in 0.470 (0.471) seconds
Build, sign, notarize, and verify	Run repository regression gate	2026-10-03T18:14:17.4517840Z 	 Executed 5 tests, with 0 failures (0 unexpected) in 0.001 (0.001) seconds
Build, sign, notarize, and verify	Run repository regression gate	2026-10-03T18:14:17.4519670Z 	 Executed 1 test, with 0 failures (0 unexpected) in 0.000 (0.000) seconds
Build, sign, notarize, and verify	Run repository regression gate	2026-10-03T18:14:17.4523260Z 	 Executed 3 tests, with 0 failures (0 unexpected) in 0.022 (0.023) seconds
Build, sign, notarize, and verify	Run repository regression gate	2026-10-03T18:14:19.9709650Z 	 Executed 5 tests, with 0 failures (0 unexpected) in 0.270 (0.270) seconds
Build, sign, notarize, and verify	Run repository regression gate	2026-10-03T18:14:19.9719900Z 	 Executed 8 tests, with 0 failures (0 unexpected) in 0.908 (0.908) seconds
Build, sign, notarize, and verify	Run repository regression gate	2026-10-03T18:14:19.9722760Z 	 Executed 2 tests, with 0 failures (0 unexpected) in 0.000 (0.001) seconds
Build, sign, notarize, and verify	Run repository regression gate	2026-10-03T18:14:19.9735790Z 	 Executed 11 tests, with 0 failures (0 unexpected) in 0.510 (0.511) seconds
Build, sign, notarize, and verify	Run repository regression gate	2026-10-03T18:14:19.9743940Z 	 Executed 8 tests, with 0 failures (0 unexpected) in 0.397 (0.398) seconds
Build, sign, notarize, and verify	Run repository regression gate	2026-10-03T18:14:19.9748850Z 	 Executed 4 tests, with 0 failures (0 unexpected) in 0.002 (0.002) seconds
Build, sign, notarize, and verify	Run repository regression gate	2026-10-03T18:14:19.9760790Z 	 Executed 12 tests, with 0 failures (0 unexpected) in 0.005 (0.006) seconds
Build, sign, notarize, and verify	Run repository regression gate	2026-10-03T18:14:34.5287660Z 	 Executed 9 tests, with 0 failures (0 unexpected) in 1.080 (1.081) seconds
Build, sign, notarize, and verify	Run repository regression gate	2026-10-03T18:14:34.5305880Z 	 Executed 13 tests, with 0 failures (0 unexpected) in 0.769 (0.770) seconds
Build, sign, notarize, and verify	Run repository regression gate	2026-10-03T18:14:34.5319500Z 	 Executed 9 tests, with 0 failures (0 unexpected) in 3.405 (3.406) seconds
Build, sign, notarize, and verify	Run repository regression gate	2026-10-03T18:14:34.5352620Z 	 Executed 27 tests, with 0 failures (0 unexpected) in 9.771 (9.775) seconds
Build, sign, notarize, and verify	Run repository regression gate	2026-10-03T18:14:34.5360430Z 	 Executed 5 tests, with 0 failures (0 unexpected) in 0.001 (0.002) seconds
Build, sign, notarize, and verify	Run repository regression gate	2026-10-03T18:14:48.3359470Z 	 Executed 5 tests, with 0 failures (0 unexpected) in 0.002 (0.003) seconds
Build, sign, notarize, and verify	Run repository regression gate	2026-10-03T18:14:48.3365900Z 	 Executed 5 tests, with 0 failures (0 unexpected) in 2.593 (2.593) seconds
Build, sign, notarize, and verify	Run repository regression gate	2026-10-03T18:14:48.3370750Z 	 Executed 4 tests, with 0 failures (0 unexpected) in 0.001 (0.002) seconds
Build, sign, notarize, and verify	Run repository regression gate	2026-10-03T18:14:48.3380710Z 	 Executed 9 tests, with 0 failures (0 unexpected) in 0.725 (0.726) seconds
Build, sign, notarize, and verify	Run repository regression gate	2026-10-03T18:14:48.3382240Z <release-source-root>/Tests/HostwrightNetworkHelperTests/ServiceTunnelTahoeVMHarnessTests.swift:57: -[HostwrightNetworkHelperTests.ServiceTunnelTahoeVMHarnessTests testExistingTahoeVMEchoesAuthenticatedFrame] : Test skipped - Set HOSTWRIGHT_GATE13_TAHOE_VM=1 only for the attended existing-VM evidence lane.
Build, sign, notarize, and verify	Run repository regression gate	2026-10-03T18:14:48.3383140Z Test Case '-[HostwrightNetworkHelperTests.ServiceTunnelTahoeVMHarnessTests testExistingTahoeVMEchoesAuthenticatedFrame]' skipped (0.000 seconds).
Build, sign, notarize, and verify	Run repository regression gate	2026-10-03T18:14:48.3384590Z <release-source-root>/Tests/HostwrightNetworkHelperTests/ServiceTunnelTahoeVMHarnessTests.swift:21: -[HostwrightNetworkHelperTests.ServiceTunnelTahoeVMHarnessTests testQualificationConfigurationUsesCanonicalHelperFrame] : Test skipped - Set HOSTWRIGHT_GATE13_HELPER_CONFIGURATION for the attended canonical-frame check.
Build, sign, notarize, and verify	Run repository regression gate	2026-10-03T18:14:48.3385530Z Test Case '-[HostwrightNetworkHelperTests.ServiceTunnelTahoeVMHarnessTests testQualificationConfigurationUsesCanonicalHelperFrame]' skipped (0.000 seconds).
Build, sign, notarize, and verify	Run repository regression gate	2026-10-03T18:14:48.3386220Z 	 Executed 2 tests, with 2 tests skipped and 0 failures (0 unexpected) in 0.001 (0.001) seconds
Build, sign, notarize, and verify	Run repository regression gate	2026-10-03T18:14:48.3389940Z 	 Executed 3 tests, with 0 failures (0 unexpected) in 6.920 (6.920) seconds
Build, sign, notarize, and verify	Run repository regression gate	2026-10-03T18:14:48.3396530Z 	 Executed 6 tests, with 0 failures (0 unexpected) in 0.604 (0.605) seconds
Build, sign, notarize, and verify	Run repository regression gate	2026-10-03T18:14:58.5038690Z 	 Executed 32 tests, with 0 failures (0 unexpected) in 6.031 (6.035) seconds
Build, sign, notarize, and verify	Run repository regression gate	2026-10-03T18:14:58.5052720Z 	 Executed 5 tests, with 0 failures (0 unexpected) in 0.833 (0.833) seconds
Build, sign, notarize, and verify	Run repository regression gate	2026-10-03T18:14:58.5060920Z 	 Executed 4 tests, with 0 failures (0 unexpected) in 0.436 (0.437) seconds
Build, sign, notarize, and verify	Run repository regression gate	2026-10-03T18:14:58.5084320Z 	 Executed 15 tests, with 0 failures (0 unexpected) in 2.881 (2.883) seconds
Build, sign, notarize, and verify	Run repository regression gate	2026-10-03T18:14:58.5094310Z 	 Executed 6 tests, with 0 failures (0 unexpected) in 1.738 (1.738) seconds
Build, sign, notarize, and verify	Run repository regression gate	2026-10-03T18:14:58.5100240Z 	 Executed 4 tests, with 0 failures (0 unexpected) in 0.193 (0.194) seconds
Build, sign, notarize, and verify	Run repository regression gate	2026-10-03T18:15:02.7204390Z 	 Executed 32 tests, with 0 failures (0 unexpected) in 4.663 (4.667) seconds
Build, sign, notarize, and verify	Run repository regression gate	2026-10-03T18:15:02.7206560Z 	 Executed 1 test, with 0 failures (0 unexpected) in 0.001 (0.001) seconds
Build, sign, notarize, and verify	Run repository regression gate	2026-10-03T18:15:02.7214050Z 	 Executed 6 tests, with 0 failures (0 unexpected) in 0.004 (0.004) seconds
Build, sign, notarize, and verify	Run repository regression gate	2026-10-03T18:15:02.7225620Z 	 Executed 10 tests, with 0 failures (0 unexpected) in 0.165 (0.166) seconds
Build, sign, notarize, and verify	Run repository regression gate	2026-10-03T18:15:02.7233660Z 	 Executed 7 tests, with 0 failures (0 unexpected) in 0.003 (0.004) seconds
Build, sign, notarize, and verify	Run repository regression gate	2026-10-03T18:15:02.7237400Z 	 Executed 3 tests, with 0 failures (0 unexpected) in 0.001 (0.001) seconds
Build, sign, notarize, and verify	Run repository regression gate	2026-10-03T18:15:05.3875840Z 	 Executed 11 tests, with 0 failures (0 unexpected) in 1.308 (1.309) seconds
Build, sign, notarize, and verify	Run repository regression gate	2026-10-03T18:15:05.3887400Z 	 Executed 6 tests, with 0 failures (0 unexpected) in 1.500 (1.500) seconds
Build, sign, notarize, and verify	Run repository regression gate	2026-10-03T18:15:05.3905610Z 	 Executed 12 tests, with 0 failures (0 unexpected) in 0.004 (0.005) seconds
Build, sign, notarize, and verify	Run repository regression gate	2026-10-03T18:15:05.3915730Z 	 Executed 6 tests, with 0 failures (0 unexpected) in 0.003 (0.003) seconds
Build, sign, notarize, and verify	Run repository regression gate	2026-10-03T18:15:05.3943870Z 	 Executed 12 tests, with 0 failures (0 unexpected) in 0.220 (0.221) seconds
Build, sign, notarize, and verify	Run repository regression gate	2026-10-03T18:15:05.3953620Z 	 Executed 5 tests, with 0 failures (0 unexpected) in 0.002 (0.002) seconds
Build, sign, notarize, and verify	Run repository regression gate	2026-10-03T18:15:09.2771750Z 	 Executed 11 tests, with 0 failures (0 unexpected) in 0.021 (0.022) seconds
Build, sign, notarize, and verify	Run repository regression gate	2026-10-03T18:15:09.2784750Z 	 Executed 10 tests, with 0 failures (0 unexpected) in 0.119 (0.121) seconds
Build, sign, notarize, and verify	Run repository regression gate	2026-10-03T18:15:09.2786880Z 	 Executed 1 test, with 0 failures (0 unexpected) in 0.917 (0.917) seconds
Build, sign, notarize, and verify	Run repository regression gate	2026-10-03T18:15:09.2797610Z 	 Executed 9 tests, with 0 failures (0 unexpected) in 2.019 (2.020) seconds
Build, sign, notarize, and verify	Run repository regression gate	2026-10-03T18:15:09.2808100Z 	 Executed 10 tests, with 0 failures (0 unexpected) in 0.005 (0.006) seconds
Build, sign, notarize, and verify	Run repository regression gate	2026-10-03T18:15:09.2815110Z 	 Executed 6 tests, with 0 failures (0 unexpected) in 0.003 (0.004) seconds
Build, sign, notarize, and verify	Run repository regression gate	2026-10-03T18:15:09.2822480Z 	 Executed 7 tests, with 0 failures (0 unexpected) in 0.052 (0.052) seconds
Build, sign, notarize, and verify	Run repository regression gate	2026-10-03T18:15:15.1782460Z 	 Executed 11 tests, with 0 failures (0 unexpected) in 1.119 (1.120) seconds
Build, sign, notarize, and verify	Run repository regression gate	2026-10-03T18:15:15.1804130Z 	 Executed 12 tests, with 0 failures (0 unexpected) in 2.234 (2.236) seconds
Build, sign, notarize, and verify	Run repository regression gate	2026-10-03T18:15:15.1808820Z 	 Executed 3 tests, with 0 failures (0 unexpected) in 0.000 (0.001) seconds
Build, sign, notarize, and verify	Run repository regression gate	2026-10-03T18:15:15.1820880Z 	 Executed 11 tests, with 0 failures (0 unexpected) in 2.573 (2.574) seconds
Build, sign, notarize, and verify	Run repository regression gate	2026-10-03T18:15:15.1830590Z 	 Executed 9 tests, with 0 failures (0 unexpected) in 0.588 (0.589) seconds
Build, sign, notarize, and verify	Run repository regression gate	2026-10-03T18:15:15.1839160Z 	 Executed 8 tests, with 0 failures (0 unexpected) in 0.003 (0.003) seconds
Build, sign, notarize, and verify	Run repository regression gate	2026-10-03T18:15:15.1844600Z 	 Executed 5 tests, with 0 failures (0 unexpected) in 0.123 (0.123) seconds
Build, sign, notarize, and verify	Run repository regression gate	2026-10-03T18:15:19.2474510Z 	 Executed 5 tests, with 0 failures (0 unexpected) in 0.069 (0.070) seconds
Build, sign, notarize, and verify	Run repository regression gate	2026-10-03T18:15:19.2516960Z 	 Executed 36 tests, with 0 failures (0 unexpected) in 4.001 (4.004) seconds
Build, sign, notarize, and verify	Run repository regression gate	2026-10-03T18:15:19.2533080Z 	 Executed 14 tests, with 0 failures (0 unexpected) in 0.003 (0.004) seconds
Build, sign, notarize, and verify	Run repository regression gate	2026-10-03T18:15:22.3892800Z 	 Executed 16 tests, with 0 failures (0 unexpected) in 0.002 (0.003) seconds
Build, sign, notarize, and verify	Run repository regression gate	2026-10-03T18:15:22.3898190Z 	 Executed 1 test, with 0 failures (0 unexpected) in 0.271 (0.271) seconds
Build, sign, notarize, and verify	Run repository regression gate	2026-10-03T18:15:22.3911530Z 	 Executed 7 tests, with 0 failures (0 unexpected) in 0.760 (0.761) seconds
Build, sign, notarize, and verify	Run repository regression gate	2026-10-03T18:15:22.3925590Z 	 Executed 4 tests, with 0 failures (0 unexpected) in 0.518 (0.518) seconds
Build, sign, notarize, and verify	Run repository regression gate	2026-10-03T18:15:22.3943430Z 	 Executed 11 tests, with 0 failures (0 unexpected) in 0.697 (0.698) seconds
Build, sign, notarize, and verify	Run repository regression gate	2026-10-03T18:15:22.3953210Z 	 Executed 9 tests, with 0 failures (0 unexpected) in 0.765 (0.766) seconds
Build, sign, notarize, and verify	Run repository regression gate	2026-10-03T18:15:22.3957740Z 	 Executed 4 tests, with 0 failures (0 unexpected) in 0.002 (0.002) seconds
Build, sign, notarize, and verify	Run repository regression gate	2026-10-03T18:15:22.3958270Z 	 Executed 3456 tests, with 10 tests skipped and 0 failures (0 unexpected) in 3666.884 (3667.226) seconds
Build, sign, notarize, and verify	Run repository regression gate	2026-10-03T18:15:22.3958750Z 	 Executed 3456 tests, with 10 tests skipped and 0 failures (0 unexpected) in 3666.884 (3667.226) seconds
Build, sign, notarize, and verify	Run repository regression gate	2026-10-03T18:15:22.6845120Z ✔ Test run with 61 tests in 6 suites passed after 0.282 seconds.
Build, sign, notarize, and verify	Run repository regression gate	2026-10-03T18:15:41.1140220Z rmdir: <regression-integration-root>: Directory not empty
